Rk,Player,Nation,Pos,Squad,Comp,Age,Born,MP,Starts,Min,90s,Gls,Ast,G+A,G-PK,PK,PKatt,CrdY,CrdR,Gls,Ast,G+A,G-PK,G+A-PK,Matches,-9999
1,Max Aarons,eng ENG,DF,Bournemouth,eng Premier League,24,2000,3,1,86,1.0,0,0,0,0,0,0,0,0,0.00,0.00,0.00,0.00,0.00,Matches,774cf58b
2,Max Aarons,eng ENG,DF,Valencia,es La Liga,24,2000,4,1,120,1.3,0,0,0,0,0,0,2,0,0.00,0.00,0.00,0.00,0.00,Matches,774cf58b
3,Rodrigo Abajas,es ESP,DF,Valencia,es La Liga,21,2003,1,1,65,0.7,0,0,0,0,0,0,1,0,0.00,0.00,0.00,0.00,0.00,Matches,69c99fce
4,James Abankwah,ie IRL,DF,Udinese,it Serie A,20,2004,6,0,88,1.0,0,0,0,0,0,0,1,0,0.00,0.00,0.00,0.00,0.00,Matches,4b7a9fcc
5,Keyliane Abdallah,fr FRA,FW,Marseille,fr Ligue 1,18,2006,1,0,3,0.0,0,0,0,0,0,0,0,0,0.00,0.00,0.00,0.00,0.00,Matches,7310786d
6,Yunis Abdelhamid,ma MAR,DF,Saint-Étienne,fr Ligue 1,36,1987,16,11,1033,11.5,0,0,0,0,0,0,2,0,0.00,0.00,0.00,0.00,0.00,Matches,32c2d95f
7,Himad Abdelli,dz ALG,MF,Angers,fr Ligue 1,24,1999,32,32,2842,31.6,6,1,7,3,3,4,4,0,0.19,0.03,0.22,0.10,0.13,Matches,7978cbf0
8,Mohamed Abdelmonem,eg EGY,DF,Nice,fr Ligue 1,25,1999,12,10,855,9.5,0,0,0,0,0,0,2,0,0.00,0.00,0.00,0.00,0.00,Matches,bff15d74
9,Ali Abdi,tn TUN,MF,Nice,fr Ligue 1,30,1993,25,17,1393,15.5,5,2,7,5,0,0,2,0,0.32,0.13,0.45,0.32,0.45,Matches,ad7cdb35
10,Saud Abdulhamid,sa KSA,MF,Roma,it Serie A,25,1999,4,2,205,2.3,0,1,1,0,0,0,0,0,0.00,0.44,0.44,0.00,0.44,Matches,caa254e4
11,Nabil Aberdin,fr FRA,MF,Getafe,es La Liga,21,2002,7,4,263,2.9,0,0,0,0,0,0,1,0,0.00,0.00,0.00,0.00,0.00,Matches,cadfa7d1
12,Oliver Abildgaard,dk DEN,DFMF,Como,it Serie A,28,1996,1,0,7,0.1,0,0,0,0,0,0,0,0,0.00,0.00,0.00,0.00,0.00,Matches,8f5cdf66
13,Matthis Abline,fr FRA,FW,Nantes,fr Ligue 1,21,2003,34,33,2768,30.8,9,2,11,8,1,1,3,0,0.29,0.07,0.36,0.26,0.33,Matches,0e46fa2f
14,Abner,br BRA,DFMF,Lyon,fr Ligue 1,24,2000,19,12,1090,12.1,1,1,2,1,0,0,1,0,0.08,0.08,0.17,0.08,0.17,Matches,7f9c5d2d
15,Zakaria Aboukhlal,ma MAR,MFFW,Toulouse,fr Ligue 1,24,2000,26,22,1901,21.1,7,2,9,6,1,2,4,0,0.33,0.09,0.43,0.28,0.38,Matches,c2a6033c
16,Abdel Abqar,ma MAR,DF,Alavés,es La Liga,25,1999,29,29,2463,27.4,0,1,1,0,0,0,13,0,0.00,0.04,0.04,0.00,0.04,Matches,2bc7f211
17,Tammy Abraham,eng ENG,FW,Roma,it Serie A,26,1997,1,0,1,0.0,0,0,0,0,0,0,0,0,0.00,0.00,0.00,0.00,0.00,Matches,f586779e
18,Tammy Abraham,eng ENG,FW,Milan,it Serie A,26,1997,28,12,1183,13.1,3,4,7,2,1,2,1,0,0.23,0.30,0.53,0.15,0.46,Matches,f586779e
19,Federico Accornero,it ITA,MF,Genoa,it Serie A,20,2004,1,0,5,0.1,0,0,0,0,0,0,0,0,0.00,0.00,0.00,0.00,0.00,Matches,83763653
20,Francesco Acerbi,it ITA,DF,Inter,it Serie A,36,1988,23,20,1710,19.0,0,1,1,0,0,0,0,0,0.00,0.05,0.05,0.00,0.05,Matches,b96b595c
21,Joshua Acheampong,eng ENG,DF,Chelsea,eng Premier League,18,2006,4,2,170,1.9,0,0,0,0,0,0,1,0,0.00,0.00,0.00,0.00,0.00,Matches,b7e62e1d
22,Akor Adams,ng NGA,FW,Montpellier,fr Ligue 1,24,2000,15,13,1075,11.9,3,1,4,3,0,0,2,0,0.25,0.08,0.33,0.25,0.33,Matches,2ccd39ed
23,Akor Adams,ng NGA,FW,Sevilla,es La Liga,24,2000,4,1,134,1.5,0,0,0,0,0,0,0,0,0.00,0.00,0.00,0.00,0.00,Matches,2ccd39ed
24,Ché Adams,sct SCO,FW,Torino,it Serie A,28,1996,36,30,2652,29.5,9,3,12,9,0,1,2,0,0.31,0.10,0.41,0.31,0.41,Matches,f2bf1b0f
25,Tyler Adams,us USA,MF,Bournemouth,eng Premier League,25,1999,28,21,1965,21.8,0,3,3,0,0,0,7,0,0.00,0.14,0.14,0.00,0.14,Matches,2b09d998
26,Junior Adamu,at AUT,FW,Freiburg,de Bundesliga,23,2001,25,19,1545,17.2,2,2,4,2,0,0,5,1,0.12,0.12,0.23,0.12,0.23,Matches,82e12fe7
27,Tosin Adarabioyo,eng ENG,DF,Chelsea,eng Premier League,26,1997,22,15,1409,15.7,1,1,2,1,0,0,4,0,0.06,0.06,0.13,0.06,0.13,Matches,c81d773d
28,Martin Adeline,fr FRA,MF,Reims,fr Ligue 1,20,2003,1,0,26,0.3,0,0,0,0,0,0,0,0,0.00,0.00,0.00,0.00,0.00,Matches,7587446d
29,Karim Adeyemi,de GER,MFFW,Dortmund,de Bundesliga,22,2002,25,17,1433,15.9,7,6,13,7,0,0,4,0,0.44,0.38,0.82,0.44,0.82,Matches,501055d8
30,Simon Adingra,ci CIV,MF,Brighton,eng Premier League,22,2002,29,12,1097,12.2,2,2,4,2,0,0,0,0,0.16,0.16,0.33,0.16,0.33,Matches,4dcec659
31,Amine Adli,ma MAR,MFFW,Leverkusen,de Bundesliga,24,2000,20,6,766,8.5,2,0,2,2,0,0,3,0,0.23,0.00,0.23,0.23,0.23,Matches,dcfb17f4
32,Yacine Adli,fr FRA,MF,Fiorentina,it Serie A,24,2000,26,15,1234,13.7,4,6,10,4,0,0,3,1,0.29,0.44,0.73,0.29,0.73,Matches,26777636
33,Adrián,es ESP,GK,Real Betis,es La Liga,37,1987,19,19,1710,19.0,0,0,0,0,0,0,3,0,0.00,0.00,0.00,0.00,0.00,Matches,f76e6b4e
34,Adryelson,br BRA,DF,Lyon,fr Ligue 1,26,1998,1,0,1,0.0,0,0,0,0,0,0,1,0,0.00,0.00,0.00,0.00,0.00,Matches,e980e78d
35,Vasilije Adžić,me MNE,MF,Juventus,it Serie A,18,2006,6,0,42,0.5,0,0,0,0,0,0,0,0,0.00,0.00,0.00,0.00,0.00,Matches,8b0f9fb8
36,Michel Aebischer,ch SUI,MF,Bologna,it Serie A,27,1997,14,9,724,8.0,0,0,0,0,0,0,2,0,0.00,0.00,0.00,0.00,0.00,Matches,f9c927de
37,Dapo Afolayan,eng ENG,FWMF,St Pauli,de Bundesliga,26,1997,32,17,1639,18.2,3,1,4,3,0,0,3,0,0.16,0.05,0.22,0.16,0.22,Matches,5054c359
38,Emmanuel Agbadou,ci CIV,DF,Reims,fr Ligue 1,27,1997,14,14,1260,14.0,0,0,0,0,0,0,3,0,0.00,0.00,0.00,0.00,0.00,Matches,75f1ed80
39,Emmanuel Agbadou,ci CIV,DF,Wolves,eng Premier League,27,1997,16,16,1410,15.7,1,0,1,1,0,0,3,0,0.06,0.00,0.06,0.06,0.06,Matches,75f1ed80
40,Asher Agbinone,eng ENG,MF,Crystal Palace,eng Premier League,18,2005,2,0,6,0.1,0,0,0,0,0,0,0,0,0.00,0.00,0.00,0.00,0.00,Matches,6a10efb3
41,Jeremy Agbonifo,se SWE,FW,Lens,fr Ligue 1,18,2005,8,1,300,3.3,1,0,1,1,0,0,1,0,0.30,0.00,0.30,0.30,0.30,Matches,3d6aaa54
42,Julen Agirrezabala,es ESP,GK,Athletic Club,es La Liga,23,2000,14,14,1206,13.4,0,0,0,0,0,0,1,1,0.00,0.00,0.00,0.00,0.00,Matches,a2c1a8d3
43,Lucien Agoume,fr FRA,MF,Sevilla,es La Liga,22,2002,35,24,2114,23.5,1,3,4,1,0,0,5,1,0.04,0.13,0.17,0.04,0.17,Matches,8bc8829a
44,Felix Agu,ng NGA,MF,Werder Bremen,de Bundesliga,24,1999,22,21,1751,19.5,3,0,3,3,0,0,1,0,0.15,0.00,0.15,0.15,0.15,Matches,cb6d81b3
45,Álvaro Aguado,es ESP,MF,Espanyol,es La Liga,28,1996,16,4,443,4.9,0,1,1,0,0,0,3,0,0.00,0.20,0.20,0.00,0.20,Matches,014aa7bd
46,Lorenzo Aguado,es ESP,DF,Real Madrid,es La Liga,21,2002,2,0,5,0.1,0,0,0,0,0,0,0,0,0.00,0.00,0.00,0.00,0.00,Matches,beae81e1
47,Nayef Aguerd,ma MAR,DF,Real Sociedad,es La Liga,28,1996,21,21,1760,19.6,0,0,0,0,0,0,5,0,0.00,0.00,0.00,0.00,0.00,Matches,288e1e13
48,Ruben Aguilar,fr FRA,MFDF,Lens,fr Ligue 1,31,1993,16,13,1124,12.5,1,2,3,1,0,0,4,0,0.08,0.16,0.24,0.08,0.24,Matches,3dd738a1
49,Naouirou Ahamada,fr FRA,MF,Rennes,fr Ligue 1,22,2002,3,0,58,0.6,0,0,0,0,0,0,0,0,0.00,0.00,0.00,0.00,0.00,Matches,a6c58494
50,Honest Ahanor,it ITA,MFDF,Genoa,it Serie A,16,2008,6,3,270,3.0,0,0,0,0,0,0,0,0,0.00,0.00,0.00,0.00,0.00,Matches,42ff58c3
51,Erik Ahlstrand,se SWE,MF,St Pauli,de Bundesliga,22,2001,5,0,43,0.5,0,0,0,0,0,0,0,0,0.00,0.00,0.00,0.00,0.00,Matches,f6b692c0
52,Jean-Eudes Aholou,ci CIV,MF,Angers,fr Ligue 1,30,1994,26,26,1959,21.8,2,0,2,2,0,0,7,0,0.09,0.00,0.09,0.09,0.09,Matches,48b28bfd
53,Joseph Aidoo,gh GHA,DF,Valladolid,es La Liga,28,1995,8,6,583,6.5,0,0,0,0,0,0,0,0,0.00,0.00,0.00,0.00,0.00,Matches,18abe173
54,Joseph Aidoo,gh GHA,DF,Celta Vigo,es La Liga,28,1995,1,0,2,0.0,0,0,0,0,0,0,0,0,0.00,0.00,0.00,0.00,0.00,Matches,18abe173
55,Ayman Aiki,fr FRA,MF,Saint-Étienne,fr Ligue 1,19,2005,5,1,127,1.4,0,0,0,0,0,0,0,0,0.00,0.00,0.00,0.00,0.00,Matches,8399c416
56,Ola Aina,ng NGA,DF,Nottingham,eng Premier League,27,1996,35,35,2995,33.3,2,1,3,2,0,0,5,0,0.06,0.03,0.09,0.06,0.09,Matches,246d153b
57,Rayan Aït-Nouri,dz ALG,MFDF,Wolves,eng Premier League,23,2001,37,37,3109,34.5,4,7,11,4,0,0,7,1,0.12,0.20,0.32,0.12,0.32,Matches,9b398aea
58,Junior Ajayi,ci CIV,FW,Hellas Verona,it Serie A,19,2004,2,0,13,0.1,0,0,0,0,0,0,0,0,0.00,0.00,0.00,0.00,0.00,Matches,cab600a8
59,Kristoffer Ajer,no NOR,DF,Brentford,eng Premier League,26,1998,24,17,1438,16.0,0,0,0,0,0,0,5,0,0.00,0.00,0.00,0.00,0.00,Matches,a8c0acb7
60,Ludovic Ajorque,fr FRA,FW,Brest,fr Ligue 1,30,1994,31,29,2495,27.7,13,2,15,13,0,1,5,0,0.47,0.07,0.54,0.47,0.54,Matches,462475ed
61,Manuel Akanji,ch SUI,DFMF,Manchester City,eng Premier League,29,1995,26,23,2014,22.4,0,0,0,0,0,0,3,0,0.00,0.00,0.00,0.00,0.00,Matches,89ac64a6
62,Ümit Akdag,ro ROU,DF,Toulouse,fr Ligue 1,20,2003,9,6,500,5.6,0,0,0,0,0,0,2,0,0.00,0.00,0.00,0.00,0.00,Matches,d746900e
63,Nathan Aké,nl NED,DF,Manchester City,eng Premier League,29,1995,10,8,678,7.5,0,0,0,0,0,0,0,0,0.00,0.00,0.00,0.00,0.00,Matches,eaeca114
64,Ilias Akhomach,ma MAR,MF,Villarreal,es La Liga,20,2004,11,7,584,6.5,1,0,1,1,0,0,1,0,0.15,0.00,0.15,0.15,0.15,Matches,b8bd60fe
65,Sergio Akieme,es ESP,DF,Reims,fr Ligue 1,26,1997,30,29,2523,28.0,2,3,5,2,0,0,5,0,0.07,0.11,0.18,0.07,0.18,Matches,06efa9dc
66,Maghnes Akliouche,fr FRA,MF,Monaco,fr Ligue 1,22,2002,32,27,2406,26.7,5,10,15,4,1,1,2,0,0.19,0.37,0.56,0.15,0.52,Matches,b625b241
67,Paul Akouokou,ci CIV,MF,Lyon,fr Ligue 1,26,1997,2,0,19,0.2,0,0,0,0,0,0,1,0,0.00,0.00,0.00,0.00,0.00,Matches,31f5b89b
68,Clément Akpa,ci CIV,DF,Auxerre,fr Ligue 1,22,2001,31,29,2486,27.6,0,1,1,0,0,0,7,0,0.00,0.04,0.04,0.00,0.04,Matches,0abb5072
69,Jean-Daniel Akpa-Akpro,ci CIV,MF,Monza,it Serie A,31,1992,14,12,966,10.7,0,0,0,0,0,0,4,0,0.00,0.00,0.00,0.00,0.00,Matches,fdf4b948
70,David Akpan Ankeye,ng NGA,FW,Genoa,it Serie A,22,2002,4,0,45,0.5,0,0,0,0,0,0,0,0,0.00,0.00,0.00,0.00,0.00,Matches,8c4b95af
71,Kevin Akpoguma,ng NGA,DF,Hoffenheim,de Bundesliga,29,1995,32,23,2220,24.7,0,0,0,0,0,0,3,0,0.00,0.00,0.00,0.00,0.00,Matches,6ec6fde0
72,Chuba Akpom,eng ENG,FW,Lille,fr Ligue 1,28,1995,14,6,639,7.1,3,1,4,2,1,2,0,0,0.42,0.14,0.56,0.28,0.42,Matches,e2b384d2
73,Al-Musrati,ly LBY,MF,Monaco,fr Ligue 1,28,1996,10,3,386,4.3,1,1,2,1,0,0,0,0,0.23,0.23,0.47,0.23,0.47,Matches,cd6a1a59
74,David Alaba,at AUT,DF,Real Madrid,es La Liga,32,1992,7,4,317,3.5,0,0,0,0,0,0,1,0,0.00,0.00,0.00,0.00,0.00,Matches,05439de2
75,Ibrahim Alani,ng NGA,MF,Valladolid,es La Liga,18,2006,3,1,160,1.8,0,0,0,0,0,0,0,0,0.00,0.00,0.00,0.00,0.00,Matches,36fd9c52
76,Andreas Albers,dk DEN,FWMF,St Pauli,de Bundesliga,34,1990,14,0,62,0.7,1,0,1,1,0,0,0,0,1.45,0.00,1.45,1.45,1.45,Matches,94471fb7
77,Raúl Albiol,es ESP,DF,Villarreal,es La Liga,38,1985,15,14,1188,13.2,0,0,0,0,0,0,5,0,0.00,0.00,0.00,0.00,0.00,Matches,4bd414c1
78,Carlos Alcaraz,ar ARG,MF,Southampton,eng Premier League,21,2002,1,0,10,0.1,0,0,0,0,0,0,0,0,0.00,0.00,0.00,0.00,0.00,Matches,4abac767
79,Carlos Alcaraz,ar ARG,MF,Everton,eng Premier League,21,2002,15,7,764,8.5,2,3,5,2,0,0,4,0,0.24,0.35,0.59,0.24,0.59,Matches,4abac767
80,Omar Alderete,py PAR,DF,Getafe,es La Liga,27,1996,34,34,2971,33.0,1,0,1,1,0,0,8,0,0.03,0.00,0.03,0.03,0.03,Matches,bb08bce9
81,Carles Aleñá,es ESP,MF,Getafe,es La Liga,26,1998,10,5,452,5.0,0,0,0,0,0,0,1,0,0.00,0.00,0.00,0.00,0.00,Matches,6c811eb7
82,Carles Aleñá,es ESP,MF,Alavés,es La Liga,26,1998,14,13,1090,12.1,0,2,2,0,0,0,1,0,0.00,0.17,0.17,0.00,0.17,Matches,6c811eb7
83,Ben Alexander Voll,de GER,GK,St Pauli,de Bundesliga,23,2000,2,1,91,1.0,0,0,0,0,0,0,1,0,0.00,0.00,0.00,0.00,0.00,Matches,ee8ad906
84,Trent Alexander-Arnold,eng ENG,DF,Liverpool,eng Premier League,25,1998,33,28,2365,26.3,3,6,9,3,0,0,5,0,0.11,0.23,0.34,0.11,0.34,Matches,cd1acf9d
85,Alfon,es ESP,FWMF,Celta Vigo,es La Liga,25,1999,26,14,1371,15.2,5,2,7,5,0,0,1,1,0.33,0.13,0.46,0.33,0.46,Matches,1c772b46
86,Mohamed Ali Cho,fr FRA,FWMF,Nice,fr Ligue 1,20,2004,27,21,1621,18.0,3,4,7,3,0,0,2,0,0.17,0.22,0.39,0.17,0.39,Matches,f8405304
87,Faride Alidou,de GER,FW,Hellas Verona,it Serie A,23,2001,3,0,71,0.8,0,0,0,0,0,0,0,0,0.00,0.00,0.00,0.00,0.00,Matches,00f518d8
88,Alisson,br BRA,GK,Liverpool,eng Premier League,31,1992,28,28,2508,27.9,0,0,0,0,0,0,0,0,0.00,0.00,0.00,0.00,0.00,Matches,7a2e46a8
89,Tadeo Allende,ar ARG,FWMF,Celta Vigo,es La Liga,25,1999,1,0,2,0.0,0,0,0,0,0,0,1,0,0.00,0.00,0.00,0.00,0.00,Matches,75a66bed
90,Jim Allevinah,ga GAB,MF,Angers,fr Ligue 1,29,1995,28,23,1750,19.4,1,3,4,1,0,0,3,0,0.05,0.15,0.21,0.05,0.21,Matches,1956b948
91,Dele Alli,eng ENG,FWMF,Como,it Serie A,28,1996,1,0,9,0.1,0,0,0,0,0,0,0,1,0.00,0.00,0.00,0.00,0.00,Matches,cea4ee8f
92,Thiago Almada,ar ARG,MF,Lyon,fr Ligue 1,23,2001,16,9,951,10.6,1,4,5,1,0,0,3,0,0.09,0.38,0.47,0.09,0.47,Matches,27f33438
93,André Almeida,pt POR,MFFW,Valencia,es La Liga,24,2000,34,24,1977,22.0,0,4,4,0,0,0,2,0,0.00,0.18,0.18,0.00,0.18,Matches,e6697917
94,Iker Almena,es ESP,MF,Girona,es La Liga,20,2004,2,0,48,0.5,0,1,1,0,0,0,0,0,0.00,1.87,1.87,0.00,1.87,Matches,0b32f721
95,Miguel Almirón,py PAR,FW,Newcastle,eng Premier League,30,1994,9,1,157,1.7,0,0,0,0,0,0,0,0,0.00,0.00,0.00,0.00,0.00,Matches,862a1c15
96,Pontus Almqvist,se SWE,FWMF,Parma,it Serie A,25,1999,29,10,1112,12.4,1,1,2,1,0,0,5,0,0.08,0.08,0.16,0.08,0.16,Matches,0917188a
97,Marcos Alonso,es ESP,DF,Celta Vigo,es La Liga,33,1990,31,29,2647,29.4,3,0,3,0,3,3,10,2,0.10,0.00,0.10,0.00,0.00,Matches,f4290206
98,Giorgio Altare,it ITA,DF,Venezia,it Serie A,25,1998,12,8,753,8.4,0,0,0,0,0,0,2,0,0.00,0.00,0.00,0.00,0.00,Matches,aa5322d5
99,Adrià Altimira,es ESP,DFMF,Leganés,es La Liga,23,2001,22,19,1630,18.1,0,0,0,0,0,0,6,0,0.00,0.00,0.00,0.00,0.00,Matches,757a3431
100,Sergi Altimira,es ESP,MF,Real Betis,es La Liga,22,2001,32,22,1972,21.9,0,1,1,0,0,0,4,0,0.00,0.05,0.05,0.00,0.05,Matches,94acdd4e
101,Olabade Aluko,,DF,Leicester City,eng Premier League,,,1,0,2,0.0,0,0,0,0,0,0,0,0,0.00,0.00,0.00,0.00,0.00,Matches,12bb637a
102,Edson Álvarez,mx MEX,MF,West Ham,eng Premier League,26,1997,28,20,1772,19.7,0,1,1,0,0,0,9,1,0.00,0.05,0.05,0.00,0.05,Matches,8b3ab7ad
103,Hugo Álvarez,es ESP,MF,Celta Vigo,es La Liga,21,2003,26,16,1572,17.5,4,3,7,4,0,0,6,0,0.23,0.17,0.40,0.23,0.40,Matches,6f392eb8
104,Julián Álvarez,ar ARG,FW,Atlético Madrid,es La Liga,24,2000,37,30,2509,27.9,17,4,21,13,4,4,5,0,0.61,0.14,0.75,0.47,0.61,Matches,15ab5a2b
105,Yeray Álvarez,es ESP,DF,Athletic Club,es La Liga,29,1995,21,20,1781,19.8,1,0,1,1,0,0,4,0,0.05,0.00,0.05,0.05,0.05,Matches,3ecc11d8
106,Skelly Alvero,fr FRA,MF,Werder Bremen,de Bundesliga,22,2002,12,1,236,2.6,0,0,0,0,0,0,1,0,0.00,0.00,0.00,0.00,0.00,Matches,add37c13
107,Will Alves,eng ENG,MF,Leicester City,eng Premier League,19,2005,1,0,1,0.0,0,0,0,0,0,0,0,0,0.00,0.00,0.00,0.00,0.00,Matches,39ef5a7b
108,Selim Amallah,ma MAR,MF,Valladolid,es La Liga,27,1996,24,18,1376,15.3,3,1,4,2,1,1,6,0,0.20,0.07,0.26,0.13,0.20,Matches,00eba9c9
109,Harry Amass,eng ENG,MF,Manchester Utd,eng Premier League,17,2007,5,4,346,3.8,0,0,0,0,0,0,0,0,0.00,0.00,0.00,0.00,0.00,Matches,7b47100c
110,Amath,sn SEN,FWMF,Valladolid,es La Liga,28,1996,13,5,375,4.2,0,1,1,0,0,0,1,0,0.00,0.24,0.24,0.00,0.24,Matches,f3b1d9a2
111,Jordan Amavi,fr FRA,DF,Brest,fr Ligue 1,30,1994,11,8,790,8.8,0,0,0,0,0,0,2,0,0.00,0.00,0.00,0.00,0.00,Matches,22721b88
112,Aurèle Amenda,ch SUI,DF,Frankfurt,de Bundesliga,21,2003,8,1,96,1.1,0,0,0,0,0,0,1,0,0.00,0.00,0.00,0.00,0.00,Matches,1227a22d
113,Kelvin Amian,fr FRA,DF,Nantes,fr Ligue 1,26,1998,30,23,2165,24.1,1,0,1,1,0,0,5,0,0.04,0.00,0.04,0.04,0.04,Matches,bcc81786
114,Michael Amir Murillo,pa PAN,DF,Marseille,fr Ligue 1,28,1996,30,27,2437,27.1,1,3,4,1,0,0,3,0,0.04,0.11,0.15,0.04,0.15,Matches,349cae8f
115,Nadiem Amiri,de GER,MF,Mainz 05,de Bundesliga,27,1996,30,30,2473,27.5,7,5,12,5,2,2,9,2,0.25,0.18,0.44,0.18,0.36,Matches,555d5edd
116,Samuel Amo-Ameyaw,eng ENG,FWMF,Southampton,eng Premier League,18,2006,2,0,28,0.3,0,0,0,0,0,0,1,0,0.00,0.00,0.00,0.00,0.00,Matches,9eedf0e0
117,Samuel Amo-Ameyaw,eng ENG,MF,Strasbourg,fr Ligue 1,18,2006,9,3,320,3.6,2,0,2,2,0,0,0,0,0.56,0.00,0.56,0.56,0.56,Matches,9eedf0e0
118,Mathis Amougou,fr FRA,MF,Chelsea,eng Premier League,18,2006,1,0,8,0.1,0,0,0,0,0,0,0,0,0.00,0.00,0.00,0.00,0.00,Matches,f93cca97
119,Mathis Amougou,fr FRA,MF,Saint-Étienne,fr Ligue 1,18,2006,17,9,859,9.5,0,0,0,0,0,0,2,0,0.00,0.00,0.00,0.00,0.00,Matches,f93cca97
120,Mohamed Amoura,dz ALG,FWMF,Wolfsburg,de Bundesliga,24,2000,31,29,2467,27.4,10,9,19,8,2,2,6,0,0.36,0.33,0.69,0.29,0.62,Matches,6597f8b6
121,Sofyan Amrabat,ma MAR,MF,Fiorentina,it Serie A,27,1996,2,2,180,2.0,0,0,0,0,0,0,0,0,0.00,0.00,0.00,0.00,0.00,Matches,5a2cb25d
122,Joachim Andersen,dk DEN,DF,Crystal Palace,eng Premier League,28,1996,1,1,90,1.0,0,0,0,0,0,0,1,0,0.00,0.00,0.00,0.00,0.00,Matches,e34fc66d
123,Joachim Andersen,dk DEN,DF,Fulham,eng Premier League,28,1996,29,29,2583,28.7,0,0,0,0,0,0,6,1,0.00,0.00,0.00,0.00,0.00,Matches,e34fc66d
124,Elliot Anderson,eng ENG,MF,Nottingham,eng Premier League,21,2002,37,33,2728,30.3,2,6,8,2,0,0,10,0,0.07,0.20,0.26,0.07,0.26,Matches,de31038e
125,André,br BRA,MF,Wolves,eng Premier League,23,2001,33,31,2472,27.5,0,0,0,0,0,0,7,0,0.00,0.00,0.00,0.00,0.00,Matches,ec604e2c
126,Benjamin André,fr FRA,MF,Lille,fr Ligue 1,33,1990,30,30,2692,29.9,0,3,3,0,0,0,12,0,0.00,0.10,0.10,0.00,0.10,Matches,ef9c1c95
127,Marcos André,br BRA,FW,Valladolid,es La Liga,27,1996,22,14,1188,13.2,1,2,3,1,0,0,5,0,0.08,0.15,0.23,0.08,0.23,Matches,ae86d473
128,Robert Andrich,de GER,MFDF,Leverkusen,de Bundesliga,29,1994,23,19,1598,17.8,2,2,4,2,0,0,7,0,0.11,0.11,0.23,0.11,0.23,Matches,e0b113a7
129,Angeliño,es ESP,MFDF,Roma,it Serie A,27,1997,38,36,3177,35.3,2,1,3,2,0,0,1,0,0.06,0.03,0.08,0.06,0.08,Matches,30941e96
130,Lorenzo Anghelè,it ITA,FW,Juventus,it Serie A,19,2005,1,0,6,0.1,0,0,0,0,0,0,0,0,0.00,0.00,0.00,0.00,0.00,Matches,b2f3d550
131,Frank Anguissa,cm CMR,MF,Napoli,it Serie A,28,1995,35,32,2852,31.7,6,4,10,6,0,0,5,0,0.19,0.13,0.32,0.19,0.32,Matches,6bb2c084
132,Faustino Anjorin,eng ENG,MF,Empoli,it Serie A,22,2001,22,14,1114,12.4,2,3,5,2,0,0,3,0,0.16,0.24,0.40,0.16,0.40,Matches,b105919e
133,Waldemar Anton,de GER,DF,Dortmund,de Bundesliga,28,1996,26,22,1949,21.7,2,2,4,2,0,0,4,0,0.09,0.09,0.18,0.09,0.18,Matches,5e66fa06
134,Leandro Antonetti,pr PUR,FW,Sevilla,es La Liga,21,2003,2,0,28,0.3,0,0,0,0,0,0,0,0,0.00,0.00,0.00,0.00,0.00,Matches,2febb559
135,Kyllian Antonio,fr FRA,MFDF,Lens,fr Ligue 1,16,2008,3,2,139,1.5,0,0,0,0,0,0,0,0,0.00,0.00,0.00,0.00,0.00,Matches,ea36375c
136,Michail Antonio,jm JAM,FW,West Ham,eng Premier League,34,1990,14,11,836,9.3,1,1,2,1,0,0,1,0,0.11,0.11,0.22,0.11,0.22,Matches,ac05f970
137,Antoniu,es ESP,MF,Espanyol,es La Liga,21,2002,26,13,1022,11.4,0,1,1,0,0,0,3,0,0.00,0.09,0.09,0.00,0.09,Matches,af784a9e
138,Antony,br BRA,FWMF,Manchester Utd,eng Premier League,24,2000,8,0,141,1.6,0,0,0,0,0,0,0,0,0.00,0.00,0.00,0.00,0.00,Matches,99127249
139,Antony,br BRA,MF,Real Betis,es La Liga,24,2000,17,15,1362,15.1,5,2,7,5,0,0,2,1,0.33,0.13,0.46,0.33,0.46,Matches,99127249
140,Anuar,ma MAR,MFFW,Valladolid,es La Liga,29,1995,26,21,1720,19.1,2,0,2,2,0,0,7,0,0.10,0.00,0.10,0.10,0.10,Matches,c93231dc
141,Dennis Appiah,fr FRA,DF,Saint-Étienne,fr Ligue 1,32,1992,29,22,2128,23.6,0,1,1,0,0,0,2,0,0.00,0.04,0.04,0.00,0.04,Matches,feb5d3ab
142,Aritz Arambarri,es ESP,DF,Leganés,es La Liga,26,1998,2,2,177,2.0,0,0,0,0,0,0,0,0,0.00,0.00,0.00,0.00,0.00,Matches,f28876e5
143,Mauro Arambarri,uy URU,MF,Getafe,es La Liga,28,1995,35,31,2661,29.6,10,0,10,7,3,3,10,0,0.34,0.00,0.34,0.24,0.24,Matches,58afe001
144,Jon Aramburu,ve VEN,DF,Real Sociedad,es La Liga,22,2002,35,28,2460,27.3,1,1,2,1,0,0,8,0,0.04,0.04,0.07,0.04,0.07,Matches,dc7a172e
145,Julian Araujo,mx MEX,DF,Bournemouth,eng Premier League,22,2001,12,7,497,5.5,0,0,0,0,0,0,2,0,0.00,0.00,0.00,0.00,0.00,Matches,8f4541c2
146,Ronald Araújo,uy URU,DF,Barcelona,es La Liga,25,1999,12,11,754,8.4,1,1,2,1,0,0,3,0,0.12,0.12,0.24,0.12,0.24,Matches,2bef2bca
147,Cameron Archer,eng ENG,FW,Southampton,eng Premier League,23,2001,35,13,1441,16.0,2,0,2,2,0,1,0,0,0.12,0.00,0.12,0.12,0.12,Matches,05e8ca6d
148,Carlens Arcus,ht HAI,DF,Angers,fr Ligue 1,28,1996,28,25,2047,22.7,0,1,1,0,0,0,3,0,0.00,0.04,0.04,0.00,0.04,Matches,5e837126
149,Alphonse Areola,fr FRA,GK,West Ham,eng Premier League,31,1993,26,25,2260,25.1,0,0,0,0,0,0,0,0,0.00,0.00,0.00,0.00,0.00,Matches,2f965a72
150,Adu Ares,es ESP,MF,Athletic Club,es La Liga,22,2001,1,0,19,0.2,0,0,0,0,0,0,0,0,0.00,0.00,0.00,0.00,0.00,Matches,a461f098
151,Jesús Areso,es ESP,DF,Osasuna,es La Liga,25,1999,36,35,3079,34.2,0,3,3,0,0,0,9,0,0.00,0.09,0.09,0.00,0.09,Matches,94e01ec6
152,David Argüelles,es ESP,DF,Getafe,es La Liga,22,2002,1,0,7,0.1,0,0,0,0,0,0,0,0,0.00,0.00,0.00,0.00,0.00,Matches,a1b81f14
153,Joe Aribo,ng NGA,MF,Southampton,eng Premier League,28,1996,32,21,2013,22.4,3,0,3,3,0,0,1,0,0.13,0.00,0.13,0.13,0.13,Matches,328f7d51
154,Adam Armstrong,eng ENG,FWMF,Southampton,eng Premier League,27,1997,20,15,1248,13.9,2,2,4,2,0,1,4,0,0.14,0.14,0.29,0.14,0.29,Matches,68c720b5
155,Harrison Armstrong,eng ENG,MF,Everton,eng Premier League,17,2007,3,0,48,0.5,0,0,0,0,0,0,1,0,0.00,0.00,0.00,0.00,0.00,Matches,de59e609
156,José Arnaiz,es ESP,MF,Osasuna,es La Liga,29,1995,15,1,133,1.5,0,0,0,0,0,0,0,0,0.00,0.00,0.00,0.00,0.00,Matches,46e07328
157,Marko Arnautović,at AUT,FW,Inter,it Serie A,35,1989,18,5,549,6.1,4,2,6,4,0,0,1,0,0.66,0.33,0.98,0.66,0.98,Matches,00459419
158,Maximilian Arnold,de GER,MF,Wolfsburg,de Bundesliga,30,1994,28,27,2356,26.2,3,5,8,3,0,0,7,1,0.11,0.19,0.31,0.11,0.31,Matches,86e119e0
159,Jann-Fiete Arp,de GER,FW,Holstein Kiel,de Bundesliga,24,2000,23,3,713,7.9,2,0,2,1,1,2,8,1,0.25,0.00,0.25,0.13,0.13,Matches,c21fb312
160,Sergio Arribas,es ESP,DF,Real Betis,es La Liga,21,2003,1,1,90,1.0,0,0,0,0,0,0,0,0,0.00,0.00,0.00,0.00,0.00,Matches,ff31f01f
161,Kepa Arrizabalaga,es ESP,GK,Bournemouth,eng Premier League,29,1994,31,31,2790,31.0,0,0,0,0,0,0,3,0,0.00,0.00,0.00,0.00,0.00,Matches,28d596a0
162,Arthur,br BRA,MFDF,Leverkusen,de Bundesliga,21,2003,20,7,752,8.4,0,1,1,0,0,0,1,0,0.00,0.12,0.12,0.00,0.12,Matches,8a958856
163,Takuma Asano,jp JPN,MFFW,Mallorca,es La Liga,29,1994,21,13,1054,11.7,2,1,3,2,0,0,0,0,0.17,0.09,0.26,0.17,0.26,Matches,13ddc856
164,Raúl Asencio,es ESP,DF,Real Madrid,es La Liga,21,2003,23,18,1670,18.6,0,1,1,0,0,0,3,0,0.00,0.05,0.05,0.00,0.05,Matches,4731cd4c
165,Marco Asensio,es ESP,MF,Aston Villa,eng Premier League,28,1996,13,9,743,8.3,3,1,4,3,0,2,2,0,0.36,0.12,0.48,0.36,0.48,Matches,45af8a54
166,Marco Asensio,es ESP,FWMF,Paris SG,fr Ligue 1,28,1996,12,8,618,6.9,2,4,6,2,0,0,0,0,0.29,0.58,0.87,0.29,0.87,Matches,45af8a54
167,Kristjan Asllani,al ALB,MF,Inter,it Serie A,22,2002,22,10,988,11.0,2,2,4,0,2,2,4,0,0.18,0.18,0.36,0.00,0.18,Matches,0fdcef0e
168,Iago Aspas,es ESP,FWMF,Celta Vigo,es La Liga,36,1987,30,19,1745,19.4,10,5,15,5,5,6,6,1,0.52,0.26,0.77,0.26,0.52,Matches,7dcf86f6
169,Yaser Asprilla,co COL,MFFW,Girona,es La Liga,20,2003,27,15,1405,15.6,3,1,4,3,0,0,2,0,0.19,0.06,0.26,0.19,0.26,Matches,d139daf9
170,Lorenz Assignon,tg TOG,MFDF,Rennes,fr Ligue 1,24,2000,32,27,2357,26.2,3,4,7,3,0,0,9,0,0.11,0.15,0.27,0.11,0.27,Matches,b026bbf6
171,Dehmaine Assoumani,fr FRA,FW,Nantes,fr Ligue 1,19,2005,12,0,98,1.1,0,0,0,0,0,0,0,0,0.00,0.00,0.00,0.00,0.00,Matches,fb32896c
172,Valentin Atangana Edoa,fr FRA,MF,Reims,fr Ligue 1,18,2005,34,33,2854,31.7,1,0,1,1,0,0,7,0,0.03,0.00,0.03,0.03,0.03,Matches,6b5edd5d
173,Arthur Atta,fr FRA,MFFW,Udinese,it Serie A,21,2003,27,12,1251,13.9,0,1,1,0,0,0,5,0,0.00,0.07,0.07,0.00,0.07,Matches,d3ddf88b
174,Noah Atubolu,de GER,GK,Freiburg,de Bundesliga,22,2002,26,26,2307,25.6,0,0,0,0,0,0,2,0,0.00,0.00,0.00,0.00,0.00,Matches,dbd1b101
175,Emil Audero,id IDN,GK,Como,it Serie A,27,1997,8,8,720,8.0,0,0,0,0,0,0,0,0,0.00,0.00,0.00,0.00,0.00,Matches,649b01d8
176,Tommaso Augello,it ITA,MFDF,Cagliari,it Serie A,29,1994,38,30,2713,30.1,0,7,7,0,0,0,3,0,0.00,0.23,0.23,0.00,0.23,Matches,3cd3b384
177,Carlos Augusto,br BRA,DFMF,Inter,it Serie A,25,1999,29,15,1691,18.8,3,2,5,3,0,0,1,0,0.16,0.11,0.27,0.16,0.27,Matches,8d3cd59d
178,Yann Aurel Bisseck,de GER,DF,Inter,it Serie A,23,2000,27,17,1643,18.3,3,2,5,3,0,0,4,0,0.16,0.11,0.27,0.16,0.27,Matches,3963c25b
179,Brandon Austin,eng ENG,GK,Tottenham,eng Premier League,25,1999,1,1,90,1.0,0,0,0,0,0,0,0,0,0.00,0.00,0.00,0.00,0.00,Matches,5e253986
180,Ezequiel Ávila,ar ARG,MFFW,Real Betis,es La Liga,30,1994,19,6,677,7.5,2,0,2,2,0,0,5,1,0.27,0.00,0.27,0.27,0.27,Matches,253a06b9
181,Taiwo Awoniyi,ng NGA,FW,Nottingham,eng Premier League,26,1997,26,3,416,4.6,1,0,1,1,0,0,0,0,0.22,0.00,0.22,0.22,0.22,Matches,e5478b87
182,Yasin Ayari,se SWE,MF,Brighton,eng Premier League,20,2003,34,22,1965,21.8,2,1,3,2,0,0,3,0,0.09,0.05,0.14,0.09,0.14,Matches,f173303a
183,Florian Ayé,fr FRA,FW,Auxerre,fr Ligue 1,27,1997,26,4,575,6.4,2,0,2,2,0,0,0,0,0.31,0.00,0.31,0.31,0.31,Matches,718b8afd
184,André Ayew,gh GHA,FW,Le Havre,fr Ligue 1,34,1989,27,15,1453,16.1,4,1,5,4,0,0,2,0,0.25,0.06,0.31,0.25,0.31,Matches,5dbefa9d
185,Jordan Ayew,gh GHA,FWMF,Crystal Palace,eng Premier League,32,1991,1,0,21,0.2,0,0,0,0,0,0,1,0,0.00,0.00,0.00,0.00,0.00,Matches,da052c14
186,Jordan Ayew,gh GHA,MF,Leicester City,eng Premier League,32,1991,30,19,1638,18.2,5,0,5,4,1,1,5,0,0.27,0.00,0.27,0.22,0.22,Matches,da052c14
187,Neil El Aynaoui,ma MAR,MF,Lens,fr Ligue 1,23,2001,24,17,1588,17.6,8,1,9,5,3,3,4,0,0.45,0.06,0.51,0.28,0.34,Matches,17e1261b
188,Ayman Azhil,ma MAR,MF,Dortmund,de Bundesliga,23,2001,1,0,24,0.3,0,0,0,0,0,0,1,0,0.00,0.00,0.00,0.00,0.00,Matches,ce81d82d
189,Adam Aznou,ma MAR,DF,Bayern Munich,de Bundesliga,18,2006,2,0,17,0.2,0,0,0,0,0,0,0,0,0.00,0.00,0.00,0.00,0.00,Matches,e678d983
190,Adam Aznou,ma MAR,DFMF,Valladolid,es La Liga,18,2006,13,10,876,9.7,0,0,0,0,0,0,1,0,0.00,0.00,0.00,0.00,0.00,Matches,e678d983
191,César Azpilicueta,es ESP,DF,Atlético Madrid,es La Liga,34,1989,14,10,875,9.7,1,0,1,1,0,0,1,0,0.10,0.00,0.10,0.10,0.10,Matches,53cad200
192,Paulo Azzi,br BRA,MF,Cagliari,it Serie A,30,1994,6,5,426,4.7,0,0,0,0,0,0,2,0,0.00,0.00,0.00,0.00,0.00,Matches,967ac202
193,Oussama El Azzouzi,ma MAR,MF,Bologna,it Serie A,23,2001,2,0,19,0.2,0,0,0,0,0,0,0,0,0.00,0.00,0.00,0.00,0.00,Matches,85f476cc
194,Papa Ba,es ESP,FW,Girona,es La Liga,19,2004,1,0,48,0.5,0,0,0,0,0,0,0,0,0.00,0.00,0.00,0.00,0.00,Matches,e0b0f636
195,Shavy Babicka,ga GAB,MF,Toulouse,fr Ligue 1,24,2000,30,11,1186,13.2,4,2,6,4,0,0,2,0,0.30,0.15,0.46,0.30,0.46,Matches,c6f0d5d4
196,Jacopo Bacci,it ITA,MF,Empoli,it Serie A,19,2005,3,0,31,0.3,0,0,0,0,0,0,0,0,0.00,0.00,0.00,0.00,0.00,Matches,9ce30308
197,Aliou Badara Baldé,gn GUI,FW,Bochum,de Bundesliga,21,2002,5,0,91,1.0,0,0,0,0,0,0,1,0,0.00,0.00,0.00,0.00,0.00,Matches,7362a6f2
198,Loïc Bade,fr FRA,DF,Sevilla,es La Liga,24,2000,32,31,2686,29.8,1,1,2,1,0,0,7,1,0.03,0.03,0.07,0.03,0.07,Matches,114bbdee
199,Milan Badelj,hr CRO,MF,Genoa,it Serie A,35,1989,23,21,1472,16.4,1,0,1,1,0,0,2,0,0.06,0.00,0.06,0.06,0.06,Matches,e8c930bb
200,Benoît Badiashile,fr FRA,DF,Chelsea,eng Premier League,23,2001,5,3,334,3.7,0,0,0,0,0,0,0,0,0.00,0.00,0.00,0.00,0.00,Matches,06df8256
201,Álex Baena,es ESP,MFFW,Villarreal,es La Liga,23,2001,32,30,2595,28.8,7,9,16,7,0,1,9,0,0.24,0.31,0.55,0.24,0.55,Matches,518f2234
202,Leon Bailey,jm JAM,MF,Aston Villa,eng Premier League,26,1997,24,14,1139,12.7,1,2,3,1,0,0,3,0,0.08,0.16,0.24,0.08,0.24,Matches,3a233281
203,Eric Bailly,ci CIV,DF,Villarreal,es La Liga,30,1994,12,8,617,6.9,0,0,0,0,0,0,2,1,0.00,0.00,0.00,0.00,0.00,Matches,a1232f4e
204,Theo Bair,ca CAN,FW,Auxerre,fr Ligue 1,24,1999,29,11,939,10.4,2,1,3,2,0,0,1,0,0.19,0.10,0.29,0.19,0.29,Matches,c724745e
205,Stefan Bajcetic,es ESP,MFDF,Las Palmas,es La Liga,19,2004,14,12,969,10.8,1,0,1,1,0,0,4,0,0.09,0.00,0.09,0.09,0.09,Matches,32e8417f
206,Cédric Bakambu,cd COD,FW,Real Betis,es La Liga,33,1991,25,6,710,7.9,2,2,4,2,0,0,4,0,0.25,0.25,0.51,0.25,0.51,Matches,0af4dcf0
207,Mitchel Bakker,nl NED,DFMF,Atalanta,it Serie A,24,2000,1,0,22,0.2,0,0,0,0,0,0,0,0,0.00,0.00,0.00,0.00,0.00,Matches,a8567629
208,Mitchel Bakker,nl NED,MFDF,Lille,fr Ligue 1,24,2000,24,14,1139,12.7,3,2,5,3,0,0,3,1,0.24,0.16,0.40,0.24,0.40,Matches,a8567629
209,Darryl Bakola,fr FRA,MF,Marseille,fr Ligue 1,16,2007,2,0,14,0.2,0,0,0,0,0,0,1,0,0.00,0.00,0.00,0.00,0.00,Matches,57de24a3
210,Ridle Baku,de GER,MF,Wolfsburg,de Bundesliga,26,1998,15,14,1170,13.0,2,1,3,2,0,0,2,0,0.15,0.08,0.23,0.15,0.23,Matches,442b56fa
211,Ridle Baku,de GER,MF,RB Leipzig,de Bundesliga,26,1998,19,15,1275,14.2,2,3,5,2,0,0,1,0,0.14,0.21,0.35,0.14,0.35,Matches,442b56fa
212,Dilane Bakwa,fr FRA,MF,Strasbourg,fr Ligue 1,21,2002,30,29,2497,27.7,6,8,14,6,0,0,4,0,0.22,0.29,0.50,0.22,0.50,Matches,2b5a35e5
213,Tommaso Baldanzi,it ITA,MFFW,Roma,it Serie A,21,2003,31,5,832,9.2,1,1,2,1,0,0,2,0,0.11,0.11,0.22,0.11,0.22,Matches,102e2599
214,Alejandro Balde,es ESP,DF,Barcelona,es La Liga,20,2003,32,26,2284,25.4,0,4,4,0,0,0,2,0,0.00,0.16,0.16,0.00,0.16,Matches,5ccc9672
215,Keita Baldé,sn SEN,FW,Monza,it Serie A,29,1995,11,8,638,7.1,2,0,2,2,0,0,2,0,0.28,0.00,0.28,0.28,0.28,Matches,509a4ccb
216,Carlos Baleba,cm CMR,MF,Brighton,eng Premier League,20,2004,34,31,2661,29.6,3,1,4,3,0,0,8,1,0.10,0.03,0.14,0.10,0.14,Matches,a1390d2f
217,Leonardo Balerdi,ar ARG,DF,Marseille,fr Ligue 1,25,1999,27,27,2273,25.3,0,0,0,0,0,0,9,1,0.00,0.00,0.00,0.00,0.00,Matches,7c3ed041
218,Iván Balliu,al ALB,DF,Rayo Vallecano,es La Liga,32,1992,25,12,1200,13.3,0,0,0,0,0,0,3,0,0.00,0.00,0.00,0.00,0.00,Matches,cee88597
219,Fodé Ballo-Touré,sn SEN,DFMF,Le Havre,fr Ligue 1,27,1997,10,9,589,6.5,0,0,0,0,0,0,0,0,0.00,0.00,0.00,0.00,0.00,Matches,f449640d
220,Botond Balogh,hu HUN,DF,Parma,it Serie A,22,2002,29,23,2053,22.8,0,1,1,0,0,0,5,0,0.00,0.04,0.04,0.00,0.04,Matches,348bafd4
221,Folarin Balogun,us USA,FW,Monaco,fr Ligue 1,23,2001,13,7,615,6.8,4,0,4,4,0,0,0,0,0.59,0.00,0.59,0.59,0.59,Matches,31822f8c
222,Mario Balotelli,it ITA,FW,Genoa,it Serie A,33,1990,6,0,62,0.7,0,0,0,0,0,0,2,0,0.00,0.00,0.00,0.00,0.00,Matches,8ff07990
223,Abdoulaye Bamba,ci CIV,DF,Angers,fr Ligue 1,34,1990,19,16,1510,16.8,0,0,0,0,0,0,2,0,0.00,0.00,0.00,0.00,0.00,Matches,7fecbcdb
224,Jonathan Bamba,ci CIV,MFFW,Celta Vigo,es La Liga,28,1996,12,10,811,9.0,0,1,1,0,0,0,1,0,0.00,0.11,0.11,0.00,0.11,Matches,b2bd0f6c
225,Mohamed Bamba,ci CIV,MF,Reims,fr Ligue 1,19,2004,2,0,10,0.1,0,0,0,0,0,0,0,0,0.00,0.00,0.00,0.00,0.00,Matches,562bf675
226,Samuel Bamba,de GER,FW,Bochum,de Bundesliga,20,2004,5,0,27,0.3,0,0,0,0,0,0,0,0,0.00,0.00,0.00,0.00,0.00,Matches,489d4867
227,Lameck Banda,zm ZAM,MFFW,Lecce,it Serie A,23,2001,15,6,610,6.8,0,1,1,0,0,0,1,0,0.00,0.15,0.15,0.00,0.15,Matches,8a6de8c7
228,Daniel Bandeira,pt POR,MF,Hellas Verona,it Serie A,24,2000,11,4,407,4.5,0,0,0,0,0,0,1,0,0.00,0.00,0.00,0.00,0.00,Matches,56fca564
229,Mattia Bani,it ITA,DF,Genoa,it Serie A,30,1993,20,19,1507,16.7,0,0,0,0,0,0,3,0,0.00,0.00,0.00,0.00,0.00,Matches,0821331c
230,Noahkai Banks,de GER,DF,Augsburg,de Bundesliga,17,2006,8,2,278,3.1,0,0,0,0,0,0,2,0,0.00,0.00,0.00,0.00,0.00,Matches,118e3ac3
231,Scott Banks,sct SCO,MF,St Pauli,de Bundesliga,22,2001,12,0,116,1.3,0,0,0,0,0,0,1,0,0.00,0.00,0.00,0.00,0.00,Matches,d01f8942
232,Adrian Baquerin,es ESP,FW,Valladolid,es La Liga,17,2007,5,0,49,0.5,0,0,0,0,0,0,0,0,0.00,0.00,0.00,0.00,0.00,Matches,218bc8d2
233,Antonín Barák,cz CZE,MF,Fiorentina,it Serie A,29,1994,1,1,54,0.6,0,0,0,0,0,0,0,0,0.00,0.00,0.00,0.00,0.00,Matches,01efac19
234,Federico Barba,it ITA,DF,Como,it Serie A,30,1993,7,5,431,4.8,0,0,0,0,0,0,0,0,0.00,0.00,0.00,0.00,0.00,Matches,c010b898
235,Valentín Barco,ar ARG,DF,Sevilla,es La Liga,20,2004,7,3,288,3.2,0,0,0,0,0,0,0,0,0.00,0.00,0.00,0.00,0.00,Matches,b9f282ec
236,Valentín Barco,ar ARG,MF,Strasbourg,fr Ligue 1,20,2004,14,14,1157,12.9,0,2,2,0,0,0,2,0,0.00,0.16,0.16,0.00,0.16,Matches,b9f282ec
237,Bradley Barcola,fr FRA,FW,Paris SG,fr Ligue 1,21,2002,34,27,2181,24.2,14,10,24,14,0,0,2,0,0.58,0.41,0.99,0.58,0.99,Matches,a0d55a09
238,Melvin Bard,fr FRA,DFMF,Nice,fr Ligue 1,23,2000,24,22,1938,21.5,2,1,3,2,0,0,4,2,0.09,0.05,0.14,0.09,0.14,Matches,1ddbc7ca
239,Nicolò Barella,it ITA,MF,Inter,it Serie A,27,1997,33,29,2493,27.7,3,6,9,3,0,0,4,0,0.11,0.22,0.32,0.11,0.32,Matches,6928979a
240,Gabriel Bares,ch SUI,MF,Montpellier,fr Ligue 1,23,2000,6,0,56,0.6,0,0,0,0,0,0,0,0,0.00,0.00,0.00,0.00,0.00,Matches,5475a510
241,Borna Barišić,hr CRO,DF,Leganés,es La Liga,31,1992,1,1,9,0.1,0,0,0,0,0,0,0,0,0.00,0.00,0.00,0.00,0.00,Matches,712dd708
242,Téo Barisic,hr CRO,DF,Lyon,fr Ligue 1,19,2004,1,0,2,0.0,0,0,0,0,0,0,0,0,0.00,0.00,0.00,0.00,0.00,Matches,70530825
243,Kike Barja,es ESP,FWMF,Osasuna,es La Liga,27,1997,15,3,315,3.5,0,1,1,0,0,0,3,0,0.00,0.29,0.29,0.00,0.29,Matches,aad53e64
244,Ross Barkley,eng ENG,MF,Aston Villa,eng Premier League,30,1993,20,3,581,6.5,3,1,4,3,0,0,3,0,0.46,0.15,0.62,0.46,0.62,Matches,3a24769f
245,Aymen Barkok,ma MAR,MF,Mainz 05,de Bundesliga,26,1998,4,0,73,0.8,0,0,0,0,0,0,0,0,0.00,0.00,0.00,0.00,0.00,Matches,a2a85828
246,Harvey Barnes,eng ENG,FWMF,Newcastle,eng Premier League,26,1997,33,17,1755,19.5,9,4,13,9,0,0,0,0,0.46,0.21,0.67,0.46,0.67,Matches,3ea50f67
247,Enzo Barrenechea,ar ARG,MF,Valencia,es La Liga,23,2001,30,26,2191,24.3,1,2,3,1,0,0,6,0,0.04,0.08,0.12,0.04,0.12,Matches,6caffe81
248,Ander Barrenetxea,es ESP,MF,Real Sociedad,es La Liga,22,2001,30,14,1263,14.0,1,3,4,1,0,0,6,0,0.07,0.21,0.29,0.07,0.29,Matches,200e89e1
249,Pablo Barrios,es ESP,MF,Atlético Madrid,es La Liga,21,2003,31,28,2330,25.9,1,4,5,1,0,0,4,1,0.04,0.15,0.19,0.04,0.19,Matches,45736cec
250,Thierno Barry,fr FRA,FW,Villarreal,es La Liga,21,2002,35,25,2323,25.8,11,4,15,10,1,1,4,0,0.43,0.15,0.58,0.39,0.54,Matches,52c3244b
251,Davide Bartesaghi,it ITA,DF,Milan,it Serie A,18,2005,4,1,118,1.3,0,0,0,0,0,0,0,1,0.00,0.00,0.00,0.00,0.00,Matches,7e0b6c50
252,Marc Bartra,es ESP,DF,Real Betis,es La Liga,33,1991,25,23,2099,23.3,2,1,3,2,0,0,2,0,0.09,0.04,0.13,0.09,0.13,Matches,b742cc0d
253,Federico Baschirotto,it ITA,DF,Lecce,it Serie A,27,1996,38,38,3420,38.0,2,0,2,2,0,0,3,0,0.05,0.00,0.05,0.05,0.05,Matches,5a08ee41
254,Daniele Baselli,it ITA,MF,Como,it Serie A,32,1992,2,1,22,0.2,0,0,0,0,0,0,0,0,0.00,0.00,0.00,0.00,0.00,Matches,ea06dd97
255,Calvin Bassey,ng NGA,DF,Fulham,eng Premier League,24,1999,35,34,3074,34.2,1,0,1,1,0,0,7,0,0.03,0.00,0.03,0.03,0.03,Matches,a36524bf
256,Aboubacar Bassinga,bf BFA,MF,Las Palmas,es La Liga,19,2005,1,0,4,0.0,0,0,0,0,0,0,0,0,0.00,0.00,0.00,0.00,0.00,Matches,22a312ec
257,Alessandro Bastoni,it ITA,DF,Inter,it Serie A,25,1999,33,31,2401,26.7,1,5,6,1,0,0,6,1,0.04,0.19,0.22,0.04,0.22,Matches,75b86fb3
258,Augusto Batalla,ar ARG,GK,Rayo Vallecano,es La Liga,28,1996,32,32,2880,32.0,0,0,0,0,0,0,6,0,0.00,0.00,0.00,0.00,0.00,Matches,fc627681
259,Michy Batshuayi,be BEL,FW,Frankfurt,de Bundesliga,30,1993,10,3,300,3.3,3,0,3,3,0,0,2,0,0.90,0.00,0.90,0.90,0.90,Matches,2973d8ff
260,Dylan Batubinsika,cd COD,DF,Saint-Étienne,fr Ligue 1,28,1996,25,22,2016,22.4,1,0,1,1,0,0,3,1,0.04,0.00,0.04,0.04,0.04,Matches,37d39918
261,Maximilian Bauer,de GER,DF,Augsburg,de Bundesliga,24,2000,11,8,658,7.3,0,0,0,0,0,0,1,0,0.00,0.00,0.00,0.00,0.00,Matches,44a20f0c
262,Oliver Baumann,de GER,GK,Hoffenheim,de Bundesliga,34,1990,28,28,2520,28.0,0,0,0,0,0,0,1,0,0.00,0.00,0.00,0.00,0.00,Matches,47064058
263,Christoph Baumgartner,at AUT,MFFW,RB Leipzig,de Bundesliga,24,1999,31,18,1610,17.9,2,1,3,2,0,0,5,0,0.11,0.06,0.17,0.11,0.17,Matches,437f2b00
264,Rafael Bauza,es ESP,MF,Espanyol,es La Liga,19,2005,5,2,183,2.0,0,0,0,0,0,0,1,0,0.00,0.00,0.00,0.00,0.00,Matches,c6b930b1
265,Altay Bayındır,tr TUR,GK,Manchester Utd,eng Premier League,26,1998,4,4,360,4.0,0,0,0,0,0,0,0,0,0.00,0.00,0.00,0.00,0.00,Matches,072e68ed
266,Ihlas Bebou,tg TOG,FWMF,Hoffenheim,de Bundesliga,30,1994,1,0,9,0.1,0,0,0,0,0,0,0,0,0.00,0.00,0.00,0.00,0.00,Matches,a53b661f
267,Adrian Beck,de GER,MFFW,Heidenheim,de Bundesliga,27,1997,32,18,1598,17.8,4,1,5,4,0,0,1,0,0.23,0.06,0.28,0.23,0.28,Matches,616c09f5
268,Sheraldo Becker,sr SUR,MFFW,Real Sociedad,es La Liga,29,1995,22,11,995,11.1,2,1,3,2,0,0,1,1,0.18,0.09,0.27,0.18,0.27,Matches,8eb55dbb
269,Timo Becker,de GER,DFMF,Holstein Kiel,de Bundesliga,27,1997,30,28,2445,27.2,0,2,2,0,0,0,2,0,0.00,0.07,0.07,0.00,0.07,Matches,543ddcaf
270,Jan Bednarek,pl POL,DF,Southampton,eng Premier League,28,1996,30,30,2531,28.1,2,0,2,2,0,0,7,0,0.07,0.00,0.07,0.07,0.07,Matches,4115ce4e
271,Donny van de Beek,nl NED,MF,Girona,es La Liga,27,1997,26,16,1421,15.8,2,2,4,2,0,0,5,0,0.13,0.13,0.25,0.13,0.25,Matches,50dc94ce
272,Hannes Behrens,de GER,DF,Hoffenheim,de Bundesliga,19,2005,1,0,29,0.3,0,0,0,0,0,0,0,0,0.00,0.00,0.00,0.00,0.00,Matches,ca788298
273,Kevin Behrens,de GER,FW,Wolfsburg,de Bundesliga,33,1991,18,0,170,1.9,1,0,1,1,0,0,2,0,0.53,0.00,0.53,0.53,0.53,Matches,30ae134d
274,Maximilian Beier,de GER,MFFW,Dortmund,de Bundesliga,21,2002,29,17,1591,17.7,8,5,13,8,0,0,2,0,0.45,0.28,0.74,0.45,0.74,Matches,5db45ee5
275,Luken Beitia,es ESP,DF,Real Sociedad,es La Liga,20,2004,1,0,8,0.1,0,0,0,0,0,0,0,0,0.00,0.00,0.00,0.00,0.00,Matches,1406fae0
276,Ismael Bekhoucha,ma MAR,DF,Getafe,es La Liga,19,2004,5,0,69,0.8,0,0,0,0,0,0,2,0,0.00,0.00,0.00,0.00,0.00,Matches,e42c0f53
277,Reda Belahyane,ma MAR,MF,Hellas Verona,it Serie A,20,2004,22,17,1658,18.4,0,2,2,0,0,0,6,1,0.00,0.11,0.11,0.00,0.11,Matches,705a1642
278,Reda Belahyane,ma MAR,MF,Lazio,it Serie A,20,2004,6,1,198,2.2,0,0,0,0,0,0,0,1,0.00,0.00,0.00,0.00,0.00,Matches,705a1642
279,Haris Belkebla,dz ALG,MF,Angers,fr Ligue 1,30,1994,22,21,1792,19.9,0,1,1,0,0,0,1,0,0.00,0.05,0.05,0.00,0.05,Matches,2b1bed19
280,Yassin Belkhdim,fr FRA,MF,Angers,fr Ligue 1,22,2002,29,16,1523,16.9,1,1,2,1,0,0,4,0,0.06,0.06,0.12,0.06,0.12,Matches,e21d1928
281,Stefan Bell,de GER,DF,Mainz 05,de Bundesliga,32,1991,18,15,1436,16.0,0,1,1,0,0,0,4,0,0.00,0.06,0.06,0.00,0.06,Matches,857a5abe
282,Armel Bella Kotchap,de GER,DF,Southampton,eng Premier League,22,2001,4,2,331,3.7,0,0,0,0,0,0,0,0,0.00,0.00,0.00,0.00,0.00,Matches,a39d11bc
283,Raoul Bellanova,it ITA,MF,Torino,it Serie A,24,2000,1,1,87,1.0,0,0,0,0,0,0,0,0,0.00,0.00,0.00,0.00,0.00,Matches,e3756e72
284,Raoul Bellanova,it ITA,MF,Atalanta,it Serie A,24,2000,34,27,2402,26.7,0,9,9,0,0,0,3,0,0.00,0.34,0.34,0.00,0.34,Matches,e3756e72
285,Jean-Ricner Bellegarde,ht HAI,MF,Wolves,eng Premier League,26,1998,35,20,1677,18.6,2,7,9,2,0,0,3,0,0.11,0.38,0.48,0.11,0.48,Matches,10f0fdd3
286,Héctor Bellerín,es ESP,DF,Real Betis,es La Liga,29,1995,9,6,580,6.4,0,2,2,0,0,0,1,0,0.00,0.31,0.31,0.00,0.31,Matches,f874dd44
287,Jude Bellingham,eng ENG,MF,Real Madrid,es La Liga,21,2003,31,29,2488,27.6,9,8,17,8,1,2,5,1,0.33,0.29,0.61,0.29,0.58,Matches,57d88cf9
288,Jeanuël Belocian,fr FRA,DF,Leverkusen,de Bundesliga,19,2005,5,1,68,0.8,0,0,0,0,0,0,1,0,0.00,0.00,0.00,0.00,0.00,Matches,c678ddd7
289,Andrea Belotti,it ITA,FW,Como,it Serie A,30,1993,18,7,593,6.6,2,0,2,2,0,0,1,0,0.30,0.00,0.30,0.30,0.30,Matches,d705ba44
290,Fran Beltrán,es ESP,MF,Celta Vigo,es La Liga,25,1999,34,29,2421,26.9,2,1,3,2,0,0,3,0,0.07,0.04,0.11,0.07,0.11,Matches,ed5c5fa3
291,Lucas Beltrán,ar ARG,MFFW,Fiorentina,it Serie A,23,2001,33,21,1953,21.7,5,4,9,3,2,3,6,0,0.23,0.18,0.41,0.14,0.32,Matches,482d2bc3
292,Eliesse Ben Seghir,ma MAR,MF,Monaco,fr Ligue 1,19,2005,33,19,1750,19.4,6,3,9,4,2,2,0,0,0.31,0.15,0.46,0.21,0.36,Matches,3bd65247
293,Carlos Benavídez,uy URU,MF,Alavés,es La Liga,26,1998,18,6,487,5.4,1,1,2,1,0,0,3,0,0.18,0.18,0.37,0.18,0.37,Matches,9fb45456
294,Adrian Benedyczak,pl POL,MF,Parma,it Serie A,23,2000,9,2,214,2.4,0,0,0,0,0,0,0,0,0.00,0.00,0.00,0.00,0.00,Matches,3f448184
295,László Bénes,sk SVK,MFFW,Union Berlin,de Bundesliga,26,1997,23,3,589,6.5,2,1,3,2,0,0,4,0,0.31,0.15,0.46,0.31,0.46,Matches,fe888e39
296,Iker Benito,es ESP,FWMF,Osasuna,es La Liga,21,2002,2,0,37,0.4,0,0,0,0,0,0,0,0,0.00,0.00,0.00,0.00,0.00,Matches,50cbc806
297,Ismaël Bennacer,dz ALG,MF,Marseille,fr Ligue 1,26,1997,12,8,646,7.2,0,2,2,0,0,0,2,0,0.00,0.28,0.28,0.00,0.28,Matches,db092d3b
298,Ismaël Bennacer,dz ALG,MF,Milan,it Serie A,26,1997,6,4,300,3.3,0,0,0,0,0,0,2,0,0.00,0.00,0.00,0.00,0.00,Matches,db092d3b
299,Saïd Benrahma,dz ALG,FWMF,Lyon,fr Ligue 1,28,1995,13,9,735,8.2,1,3,4,1,0,0,0,0,0.12,0.37,0.49,0.12,0.49,Matches,5a04fd92
300,Ramy Bensebaini,dz ALG,DF,Dortmund,de Bundesliga,29,1995,31,23,2022,22.5,1,6,7,1,0,0,6,0,0.04,0.27,0.31,0.04,0.31,Matches,378825c7
301,Nabil Bentaleb,dz ALG,MF,Lille,fr Ligue 1,29,1994,10,3,329,3.7,1,0,1,1,0,0,0,0,0.27,0.00,0.27,0.27,0.27,Matches,3189f61a
302,Rodrigo Bentancur,uy URU,MF,Tottenham,eng Premier League,27,1997,26,21,1645,18.3,2,0,2,2,0,0,9,0,0.11,0.00,0.11,0.11,0.11,Matches,3b8674e6
303,Daniel Bentley,eng ENG,GK,Wolves,eng Premier League,31,1993,2,2,180,2.0,0,0,0,0,0,0,0,0,0.00,0.00,0.00,0.00,0.00,Matches,68db6358
304,Lucas Beraldo,br BRA,DF,Paris SG,fr Ligue 1,20,2003,25,22,2011,22.3,1,0,1,1,0,0,6,0,0.04,0.00,0.04,0.04,0.04,Matches,b8aedf06
305,Yuri Berchiche,es ESP,DF,Athletic Club,es La Liga,34,1990,30,22,2044,22.7,0,2,2,0,0,0,5,0,0.00,0.09,0.09,0.00,0.09,Matches,b6e50615
306,Álex Berenguer,es ESP,MFFW,Athletic Club,es La Liga,29,1995,36,28,2339,26.0,6,7,13,6,0,1,5,0,0.23,0.27,0.50,0.23,0.50,Matches,dc1c2fce
307,Sander Berge,no NOR,MF,Fulham,eng Premier League,26,1998,31,26,2224,24.7,0,0,0,0,0,0,6,0,0.00,0.00,0.00,0.00,0.00,Matches,d0b6129f
308,Lucas Bergvall,se SWE,MF,Tottenham,eng Premier League,18,2006,27,11,1212,13.5,0,1,1,0,0,0,3,0,0.00,0.07,0.07,0.00,0.07,Matches,a109e5c8
309,Medon Berisha,al ALB,MF,Lecce,it Serie A,20,2003,17,7,716,8.0,0,1,1,0,0,0,5,0,0.00,0.13,0.13,0.00,0.13,Matches,9d376bef
310,Mergim Berisha,de GER,FW,Hoffenheim,de Bundesliga,26,1998,11,3,333,3.7,1,1,2,1,0,0,1,0,0.27,0.27,0.54,0.27,0.54,Matches,eb6e14be
311,Mergim Berisha,de GER,FW,Augsburg,de Bundesliga,26,1998,2,0,40,0.4,0,0,0,0,0,0,1,0,0.00,0.00,0.00,0.00,0.00,Matches,eb6e14be
312,Adrian Bernabe,es ESP,MF,Parma,it Serie A,23,2001,21,18,1453,16.1,1,1,2,1,0,0,1,0,0.06,0.06,0.12,0.06,0.12,Matches,548672b4
313,Marc Bernal,es ESP,MF,Barcelona,es La Liga,17,2007,3,3,242,2.7,0,0,0,0,0,0,2,0,0.00,0.00,0.00,0.00,0.00,Matches,29117812
314,Bernardo,br BRA,DF,Bochum,de Bundesliga,29,1995,21,19,1782,19.8,0,0,0,0,0,0,5,0,0.00,0.00,0.00,0.00,0.00,Matches,17370b95
315,Juan Bernat,es ESP,DF,Villarreal,es La Liga,31,1993,10,1,212,2.4,0,1,1,0,0,0,0,0,0.00,0.42,0.42,0.00,0.42,Matches,433dc9a2
316,Juan Bernat,es ESP,MF,Getafe,es La Liga,31,1993,14,9,699,7.8,0,1,1,0,0,0,0,0,0.00,0.13,0.13,0.00,0.13,Matches,433dc9a2
317,Maxime Bernauer,fr FRA,DF,Saint-Étienne,fr Ligue 1,26,1998,11,9,763,8.5,0,0,0,0,0,0,4,1,0.00,0.00,0.00,0.00,0.00,Matches,43750e5d
318,Antoine Bernede,fr FRA,MF,Hellas Verona,it Serie A,25,1999,14,7,594,6.6,1,0,1,1,0,0,2,0,0.15,0.00,0.15,0.15,0.15,Matches,07a821e4
319,Alexander Bernhardsson,se SWE,FWMF,Holstein Kiel,de Bundesliga,25,1998,19,15,1263,14.0,7,2,9,7,0,0,3,0,0.50,0.14,0.64,0.50,0.64,Matches,dea1d183
320,Victor Bernth Kristiansen,dk DEN,DFMF,Leicester City,eng Premier League,21,2002,30,29,2482,27.6,0,1,1,0,0,0,1,0,0.00,0.04,0.04,0.00,0.04,Matches,505486d6
321,Matúš Bero,sk SVK,MF,Bochum,de Bundesliga,28,1995,30,29,2565,28.5,5,2,7,5,0,1,11,0,0.18,0.07,0.25,0.18,0.25,Matches,b5e0af76
322,Juan Berrocal,es ESP,DF,Getafe,es La Liga,25,1999,19,11,1063,11.8,0,0,0,0,0,0,8,1,0.00,0.00,0.00,0.00,0.00,Matches,377ef3a6
323,Dimitry Bertaud,cd COD,GK,Montpellier,fr Ligue 1,26,1998,4,4,360,4.0,0,0,0,0,0,0,0,0,0.00,0.00,0.00,0.00,0.00,Matches,380a15e2
324,Jan-Niklas Beste,de GER,DFMF,Freiburg,de Bundesliga,25,1999,12,0,212,2.4,0,1,1,0,0,0,0,0,0.00,0.42,0.42,0.00,0.42,Matches,57382429
325,Beto,gw GNB,FW,Everton,eng Premier League,26,1998,30,15,1534,17.0,8,0,8,8,0,0,2,0,0.47,0.00,0.47,0.47,0.47,Matches,ed5c0319
326,Sam Beukema,nl NED,DF,Bologna,it Serie A,25,1998,35,33,3012,33.5,0,1,1,0,0,0,1,0,0.00,0.03,0.03,0.00,0.03,Matches,de13cee5
327,Alessandro Bianco,it ITA,MF,Monza,it Serie A,21,2002,34,29,2600,28.9,1,0,1,1,0,0,9,0,0.03,0.00,0.03,0.03,0.03,Matches,d65cf468
328,Alessandro Bianco,it ITA,MF,Fiorentina,it Serie A,21,2002,1,0,18,0.2,0,0,0,0,0,0,0,0,0.00,0.00,0.00,0.00,0.00,Matches,d65cf468
329,Mika Biereth,dk DEN,FW,Monaco,fr Ligue 1,21,2003,16,16,1228,13.6,13,2,15,12,1,2,0,0,0.95,0.15,1.10,0.88,1.03,Matches,a1d95db3
330,Jaka Bijol,si SVN,DF,Udinese,it Serie A,25,1999,34,34,2963,32.9,1,0,1,1,0,0,13,1,0.03,0.00,0.03,0.03,0.03,Matches,6fdac234
331,El Bilal Touré,ml MLI,FW,Stuttgart,de Bundesliga,22,2001,12,3,356,4.0,2,1,3,2,0,0,0,0,0.51,0.25,0.76,0.51,0.76,Matches,47c609d5
332,Philip Billing,dk DEN,MF,Bournemouth,eng Premier League,28,1996,10,1,184,2.0,0,0,0,0,0,0,1,0,0.00,0.00,0.00,0.00,0.00,Matches,d328a254
333,Philip Billing,dk DEN,MF,Napoli,it Serie A,28,1996,10,1,197,2.2,1,0,1,1,0,0,1,0,0.46,0.00,0.46,0.46,0.46,Matches,d328a254
334,Cristiano Biraghi,it ITA,DF,Torino,it Serie A,31,1992,15,13,1158,12.9,0,0,0,0,0,0,0,0,0.00,0.00,0.00,0.00,0.00,Matches,9e1577aa
335,Cristiano Biraghi,it ITA,DFMF,Fiorentina,it Serie A,31,1992,8,5,433,4.8,1,0,1,1,0,0,1,0,0.21,0.00,0.21,0.21,0.21,Matches,9e1577aa
336,Samuele Birindelli,it ITA,MF,Monza,it Serie A,25,1999,21,18,1468,16.3,3,0,3,3,0,0,2,0,0.18,0.00,0.18,0.18,0.18,Matches,204ac005
337,Tom Bischof,de GER,MF,Hoffenheim,de Bundesliga,19,2005,31,30,2559,28.4,5,2,7,5,0,0,5,0,0.18,0.07,0.25,0.18,0.25,Matches,07d3bfec
338,Yves Bissouma,ml MLI,MF,Tottenham,eng Premier League,27,1996,28,16,1408,15.6,2,0,2,2,0,0,7,0,0.13,0.00,0.13,0.13,0.13,Matches,6c203af0
339,Leonardo Bittencourt,de GER,MF,Werder Bremen,de Bundesliga,30,1993,27,10,982,10.9,2,1,3,2,0,0,3,0,0.18,0.09,0.27,0.18,0.27,Matches,dc62fbee
340,Emmanuel Biumla,fr FRA,DF,Angers,fr Ligue 1,19,2005,17,15,1336,14.8,1,0,1,1,0,0,2,0,0.07,0.00,0.07,0.07,0.07,Matches,e5a94f46
341,Marco Bizot,nl NED,GK,Brest,fr Ligue 1,33,1991,32,32,2880,32.0,0,0,0,0,0,0,4,0,0.00,0.00,0.00,0.00,0.00,Matches,3d214e5f
342,Bjarki Bjarkason,is ISL,MF,Venezia,it Serie A,24,2000,9,1,165,1.8,0,0,0,0,0,0,2,0,0.00,0.00,0.00,0.00,0.00,Matches,f1d25de7
343,Antonio Blanco,es ESP,MF,Alavés,es La Liga,24,2000,35,32,2727,30.3,0,1,1,0,0,0,11,1,0.00,0.03,0.03,0.00,0.03,Matches,506daeac
344,Ludovic Blas,fr FRA,MFFW,Rennes,fr Ligue 1,26,1997,29,26,2293,25.5,6,8,14,6,0,0,6,0,0.24,0.31,0.55,0.24,0.55,Matches,6191093d
345,Daley Blind,nl NED,DF,Girona,es La Liga,34,1990,34,31,2780,30.9,0,2,2,0,0,0,2,0,0.00,0.06,0.06,0.00,0.06,Matches,691bef82
346,Myron Boadu,nl NED,FW,Bochum,de Bundesliga,23,2001,19,11,1042,11.6,9,1,10,8,1,1,2,0,0.78,0.09,0.86,0.69,0.78,Matches,5b479568
347,Augustine Boakye,gh GHA,MFFW,Saint-Étienne,fr Ligue 1,23,2000,17,8,733,8.1,3,0,3,3,0,0,5,0,0.37,0.00,0.37,0.37,0.37,Matches,59e9edb5
348,Oscar Bobb,no NOR,FWMF,Manchester City,eng Premier League,21,2003,3,0,16,0.2,0,0,0,0,0,0,0,0,0.00,0.00,0.00,0.00,0.00,Matches,eed2427e
349,Mathéo Bodmer,fr FRA,DF,Le Havre,fr Ligue 1,20,2004,1,0,6,0.1,0,0,0,0,0,0,0,0,0.00,0.00,0.00,0.00,0.00,Matches,c4c45a88
350,Sacha Boey,fr FRA,DF,Bayern Munich,de Bundesliga,23,2000,13,6,593,6.6,0,2,2,0,0,0,1,0,0.00,0.30,0.30,0.00,0.30,Matches,6c8ddd52
351,Jeremie Boga,ci CIV,MFFW,Nice,fr Ligue 1,27,1997,21,12,1054,11.7,1,2,3,1,0,0,0,0,0.09,0.17,0.26,0.09,0.26,Matches,fe012aca
352,Lamare Bogarde,nl NED,DFMF,Aston Villa,eng Premier League,20,2004,8,5,476,5.3,0,0,0,0,0,0,2,0,0.00,0.00,0.00,0.00,0.00,Matches,bca5c4a7
353,Emil Bohinen,no NOR,MF,Genoa,it Serie A,25,1999,3,1,166,1.8,0,0,0,0,0,0,0,0,0.00,0.00,0.00,0.00,0.00,Matches,c83c203f
354,Adama Boiro,es ESP,DF,Athletic Club,es La Liga,22,2002,18,13,1101,12.2,0,0,0,0,0,0,3,0,0.00,0.00,0.00,0.00,0.00,Matches,e7992f7b
355,Willy Boly,ci CIV,DF,Nottingham,eng Premier League,33,1991,6,1,150,1.7,0,0,0,0,0,0,1,0,0.00,0.00,0.00,0.00,0.00,Matches,a4ac4b8f
356,Moïse Bombito,ca CAN,DF,Nice,fr Ligue 1,24,2000,27,25,2192,24.4,0,0,0,0,0,0,3,1,0.00,0.00,0.00,0.00,0.00,Matches,c2f23fc8
357,Warren Bondo,fr FRA,MF,Monza,it Serie A,20,2003,20,19,1618,18.0,0,0,0,0,0,0,5,1,0.00,0.00,0.00,0.00,0.00,Matches,0def2376
358,Warren Bondo,fr FRA,MF,Milan,it Serie A,20,2003,4,3,162,1.8,0,0,0,0,0,0,1,0,0.00,0.00,0.00,0.00,0.00,Matches,0def2376
359,Victor Boniface,ng NGA,FW,Leverkusen,de Bundesliga,23,2000,19,12,1008,11.2,8,1,9,8,0,1,2,0,0.71,0.09,0.80,0.71,0.80,Matches,b146275b
360,Kevin Bonifazi,it ITA,DF,Lecce,it Serie A,28,1996,3,0,65,0.7,0,0,0,0,0,0,0,0,0.00,0.00,0.00,0.00,0.00,Matches,fb77bfef
361,Ange-Yoan Bonny,ci CIV,FW,Parma,it Serie A,20,2003,37,30,2529,28.1,6,4,10,4,2,2,2,0,0.21,0.14,0.36,0.14,0.28,Matches,64629ba4
362,Sebastiaan Bornauw,be BEL,DF,Wolfsburg,de Bundesliga,25,1999,15,8,788,8.8,2,1,3,2,0,0,2,0,0.23,0.11,0.34,0.23,0.34,Matches,01834aa0
363,Sven Botman,nl NED,DF,Newcastle,eng Premier League,24,2000,8,6,412,4.6,0,0,0,0,0,0,1,0,0.00,0.00,0.00,0.00,0.00,Matches,ccce7025
364,Saïmon Bouabré,fr FRA,MF,Monaco,fr Ligue 1,18,2006,3,1,97,1.1,0,0,0,0,0,0,0,0,0.00,0.00,0.00,0.00,0.00,Matches,f40e77d9
365,Ayyoub Bouaddi,ma MAR,MF,Lille,fr Ligue 1,16,2007,24,11,1151,12.8,0,1,1,0,0,0,2,0,0.00,0.08,0.08,0.00,0.08,Matches,8006228f
366,Badredine Bouanani,dz ALG,MFFW,Nice,fr Ligue 1,19,2004,26,11,1099,12.2,3,3,6,2,1,1,2,0,0.25,0.25,0.49,0.16,0.41,Matches,0400dd2f
367,Benjamin Bouchouari,ma MAR,MF,Saint-Étienne,fr Ligue 1,22,2001,25,20,1772,19.7,1,0,1,1,0,0,6,0,0.05,0.00,0.05,0.05,0.05,Matches,599f9013
368,Hicham Boudaoui,dz ALG,MF,Nice,fr Ligue 1,24,1999,29,27,2435,27.1,2,3,5,2,0,0,9,0,0.07,0.11,0.18,0.07,0.18,Matches,f9d5908e
369,Carlo Boukhalfa,ma MAR,MF,St Pauli,de Bundesliga,25,1999,25,19,1646,18.3,2,0,2,2,0,0,1,0,0.11,0.00,0.11,0.11,0.11,Matches,1a86f4a9
370,Justin Bourgault,fr FRA,DF,Brest,fr Ligue 1,18,2005,2,2,122,1.4,1,0,1,1,0,0,0,0,0.74,0.00,0.74,0.74,0.74,Matches,2db7975a
371,Benjamin Bourigeaud,fr FRA,MF,Rennes,fr Ligue 1,30,1994,1,1,80,0.9,1,0,1,1,0,0,0,0,1.13,0.00,1.13,1.13,1.13,Matches,20e73fac
372,Edoardo Bove,it ITA,MF,Fiorentina,it Serie A,22,2002,12,11,851,9.5,1,2,3,1,0,0,3,0,0.11,0.21,0.32,0.11,0.32,Matches,ae94a6c5
373,Jarrod Bowen,eng ENG,MFFW,West Ham,eng Premier League,27,1996,34,34,2973,33.0,13,8,21,12,1,1,1,0,0.39,0.24,0.64,0.36,0.61,Matches,79c84d1c
374,Enzo Boyomo,cm CMR,DF,Osasuna,es La Liga,22,2001,34,33,2987,33.2,2,0,2,2,0,0,5,0,0.06,0.00,0.06,0.06,0.06,Matches,3a99bc13
375,Enzo Boyomo,cm CMR,DF,Valladolid,es La Liga,22,2001,3,3,270,3.0,0,0,0,0,0,0,0,0,0.00,0.00,0.00,0.00,0.00,Matches,3a99bc13
376,Domagoj Bradarić,hr CRO,MFDF,Hellas Verona,it Serie A,24,1999,28,24,1933,21.5,1,0,1,1,0,0,6,0,0.05,0.00,0.05,0.05,0.05,Matches,8bbe2df5
377,Conor Bradley,nir NIR,DF,Liverpool,eng Premier League,21,2003,19,7,754,8.4,0,2,2,0,0,0,4,0,0.00,0.24,0.24,0.00,0.24,Matches,bbd67769
378,Bilal Brahimi,dz ALG,MF,Nice,fr Ligue 1,24,2000,2,1,76,0.8,0,0,0,0,0,0,0,0,0.00,0.00,0.00,0.00,0.00,Matches,02bcaf8e
379,Julian Brandt,de GER,MF,Dortmund,de Bundesliga,28,1996,30,28,2303,25.6,5,10,15,5,0,0,1,0,0.20,0.39,0.59,0.20,0.59,Matches,a167537f
380,Jarrad Branthwaite,eng ENG,DF,Everton,eng Premier League,22,2002,30,28,2511,27.9,0,1,1,0,0,0,4,0,0.00,0.04,0.04,0.00,0.04,Matches,c1949191
381,Darko Brašanac,rs SRB,MF,Leganés,es La Liga,32,1992,30,15,1617,18.0,1,2,3,1,0,0,4,0,0.06,0.11,0.17,0.06,0.17,Matches,4accb7e0
382,Lilian Brassier,fr FRA,DF,Marseille,fr Ligue 1,24,1999,12,9,779,8.7,0,0,0,0,0,0,3,0,0.00,0.00,0.00,0.00,0.00,Matches,5b146df3
383,Lilian Brassier,fr FRA,DF,Rennes,fr Ligue 1,24,1999,14,14,1234,13.7,1,1,2,1,0,0,1,0,0.07,0.07,0.15,0.07,0.15,Matches,5b146df3
384,Matthias Braunöder,at AUT,MF,Como,it Serie A,22,2002,8,3,268,3.0,0,0,0,0,0,0,3,1,0.00,0.00,0.00,0.00,0.00,Matches,bce728e1
385,Iker Bravo,es ESP,FW,Udinese,it Serie A,19,2005,29,4,682,7.6,2,1,3,2,0,0,3,0,0.26,0.13,0.40,0.26,0.40,Matches,db8c8860
386,James Bree,eng ENG,DFMF,Southampton,eng Premier League,26,1997,17,13,1075,11.9,0,1,1,0,0,0,0,0,0.00,0.08,0.08,0.00,0.08,Matches,c07b7c5c
387,Tim Breithaupt,de GER,MF,Augsburg,de Bundesliga,22,2002,2,2,120,1.3,0,1,1,0,0,0,0,0,0.00,0.75,0.75,0.00,0.75,Matches,ed98c321
388,Gleison Bremer,br BRA,DF,Juventus,it Serie A,27,1997,6,6,540,6.0,0,0,0,0,0,0,2,0,0.00,0.00,0.00,0.00,0.00,Matches,5fd5ed86
389,Brenner,br BRA,MFFW,Udinese,it Serie A,24,2000,9,5,386,4.3,1,2,3,1,0,0,0,0,0.23,0.47,0.70,0.23,0.70,Matches,279508bf
390,Ben Brereton Díaz,cl CHI,FWMF,Southampton,eng Premier League,25,1999,10,4,449,5.0,0,0,0,0,0,0,1,0,0.00,0.00,0.00,0.00,0.00,Matches,57827369
391,Marco Brescianini,it ITA,MF,Atalanta,it Serie A,24,2000,29,9,991,11.0,4,2,6,4,0,0,1,0,0.36,0.18,0.54,0.36,0.54,Matches,dfd56738
392,Abel Bretones,es ESP,DFMF,Osasuna,es La Liga,23,2000,35,20,2074,23.0,2,0,2,2,0,0,3,0,0.09,0.00,0.09,0.09,0.09,Matches,40b6bd38
393,Maximilian Breunig,de GER,FW,Heidenheim,de Bundesliga,23,2000,13,2,350,3.9,2,0,2,1,1,1,0,0,0.51,0.00,0.51,0.26,0.26,Matches,1e37c986
394,Anthony Briançon,fr FRA,DFMF,Saint-Étienne,fr Ligue 1,29,1994,1,0,1,0.0,0,0,0,0,0,0,0,0,0.00,0.00,0.00,0.00,0.00,Matches,16324e1d
395,Nathan Broadhead,wls WAL,MF,Ipswich Town,eng Premier League,26,1998,18,7,702,7.8,2,0,2,2,0,0,1,0,0.26,0.00,0.26,0.26,0.26,Matches,43309491
396,Armando Broja,al ALB,FW,Everton,eng Premier League,22,2001,10,4,334,3.7,0,0,0,0,0,0,1,0,0.00,0.00,0.00,0.00,0.00,Matches,97220da2
397,David Brooks,wls WAL,MF,Bournemouth,eng Premier League,27,1997,29,9,960,10.7,2,0,2,2,0,0,3,0,0.19,0.00,0.19,0.19,0.19,Matches,dc4cae05
398,Arvid Brorsson,se SWE,DF,Monza,it Serie A,25,1999,6,3,362,4.0,0,0,0,0,0,0,0,0,0.00,0.00,0.00,0.00,0.00,Matches,9f2989f4
399,Moritz Broschinski,de GER,FWMF,Bochum,de Bundesliga,23,2000,33,15,1390,15.4,1,3,4,1,0,0,1,0,0.06,0.19,0.26,0.06,0.26,Matches,bbd79358
400,Nathaniel Brown,de GER,MFDF,Frankfurt,de Bundesliga,21,2003,26,22,1947,21.6,3,6,9,3,0,0,2,0,0.14,0.28,0.42,0.14,0.42,Matches,abc79c47
401,Jacob Bruun Larsen,dk DEN,MFFW,Hoffenheim,de Bundesliga,25,1998,12,3,400,4.4,2,2,4,2,0,0,0,0,0.45,0.45,0.90,0.45,0.90,Matches,4e204552
402,Jacob Bruun Larsen,dk DEN,MF,Stuttgart,de Bundesliga,25,1998,15,3,414,4.6,1,0,1,1,0,0,1,0,0.22,0.00,0.22,0.22,0.22,Matches,4e204552
403,Tajon Buchanan,ca CAN,MF,Villarreal,es La Liga,25,1999,13,4,416,4.6,1,2,3,1,0,0,2,0,0.22,0.43,0.65,0.22,0.65,Matches,3aca6420
404,Tajon Buchanan,ca CAN,DFMF,Inter,it Serie A,25,1999,6,0,95,1.1,0,0,0,0,0,0,0,0,0.00,0.00,0.00,0.00,0.00,Matches,3aca6420
405,Ante Budimir,hr CRO,FW,Osasuna,es La Liga,33,1991,38,34,2952,32.8,21,4,25,13,8,8,4,0,0.64,0.12,0.76,0.40,0.52,Matches,8f3565b3
406,Emi Buendía,ar ARG,FWMF,Aston Villa,eng Premier League,27,1996,12,0,98,1.1,0,0,0,0,0,0,1,0,0.00,0.00,0.00,0.00,0.00,Matches,66b76d44
407,Emi Buendía,ar ARG,MF,Leverkusen,de Bundesliga,27,1996,11,3,257,2.9,2,0,2,2,0,0,0,0,0.70,0.00,0.70,0.70,0.70,Matches,66b76d44
408,Manu Bueno,es ESP,MF,Sevilla,es La Liga,20,2004,9,1,140,1.6,1,0,1,1,0,0,0,0,0.64,0.00,0.64,0.64,0.64,Matches,c5642098
409,Santiago Bueno,uy URU,DF,Wolves,eng Premier League,25,1998,29,18,1687,18.7,0,0,0,0,0,0,2,0,0.00,0.00,0.00,0.00,0.00,Matches,edc98fac
410,Endika Buján,es ESP,FW,Athletic Club,es La Liga,21,2003,1,0,7,0.1,0,0,0,0,0,0,0,0,0.00,0.00,0.00,0.00,0.00,Matches,72699f75
411,Marius Bülter,de GER,MFFW,Hoffenheim,de Bundesliga,31,1993,25,22,1729,19.2,7,2,9,7,0,0,4,0,0.36,0.10,0.47,0.36,0.47,Matches,ab5b7dc1
412,Facundo Buonanotte,ar ARG,MFFW,Leicester City,eng Premier League,19,2004,31,14,1523,16.9,5,2,7,5,0,0,8,0,0.30,0.12,0.41,0.30,0.41,Matches,468a7a91
413,Alessandro Buongiorno,it ITA,DF,Napoli,it Serie A,25,1999,22,22,1924,21.4,1,0,1,1,0,0,2,0,0.05,0.00,0.05,0.05,0.05,Matches,4ae67f27
414,Cameron Burgess,au AUS,DF,Ipswich Town,eng Premier League,28,1995,18,16,1541,17.1,0,2,2,0,0,0,0,0,0.00,0.12,0.12,0.00,0.12,Matches,da61ca98
415,Jonathan Burkardt,de GER,FW,Mainz 05,de Bundesliga,24,2000,29,28,2109,23.4,18,2,20,16,2,2,0,0,0.77,0.09,0.85,0.68,0.77,Matches,05f99a4a
416,Oliver Burke,sct SCO,FW,Werder Bremen,de Bundesliga,27,1997,25,9,908,10.1,5,0,5,5,0,0,4,0,0.50,0.00,0.50,0.50,0.50,Matches,f631c17f
417,Dan Burn,eng ENG,DF,Newcastle,eng Premier League,32,1992,37,37,3330,37.0,1,1,2,1,0,0,11,0,0.03,0.03,0.05,0.03,0.05,Matches,b2d31e83
418,Rareș-Cătălin Burnete,ro ROU,FW,Lecce,it Serie A,20,2004,4,0,28,0.3,0,0,0,0,0,0,0,0,0.00,0.00,0.00,0.00,0.00,Matches,7c4b4e36
419,Wes Burns,wls WAL,MF,Ipswich Town,eng Premier League,29,1994,18,12,926,10.3,0,1,1,0,0,0,1,0,0.00,0.10,0.10,0.00,0.10,Matches,b3fe23c6
420,Marnon Busch,de GER,DFMF,Heidenheim,de Bundesliga,29,1994,23,15,1396,15.5,0,1,1,0,0,0,1,0,0.00,0.06,0.06,0.00,0.06,Matches,c38767ab
421,Gianluca Busio,us USA,MF,Venezia,it Serie A,22,2002,33,28,2518,28.0,2,0,2,2,0,0,4,0,0.07,0.00,0.07,0.07,0.07,Matches,4a0b7f07
422,Aurélio Buta,pt POR,DF,Reims,fr Ligue 1,27,1997,27,24,1970,21.9,0,1,1,0,0,0,5,0,0.00,0.05,0.05,0.00,0.05,Matches,b4705807
423,Jean Butez,fr FRA,GK,Como,it Serie A,29,1995,19,18,1666,18.5,0,0,0,0,0,0,0,0,0.00,0.00,0.00,0.00,0.00,Matches,7f40333d
424,Nathan Butler-Oyedeji,eng ENG,FWMF,Arsenal,eng Premier League,21,2003,1,0,7,0.1,0,0,0,0,0,0,0,0,0.00,0.00,0.00,0.00,0.00,Matches,3a686640
425,Marcin Bułka,pl POL,GK,Nice,fr Ligue 1,24,1999,34,34,3060,34.0,0,0,0,0,0,0,0,0,0.00,0.00,0.00,0.00,0.00,Matches,db87a2c4
426,Pau Cabanes,es ESP,FW,Villarreal,es La Liga,19,2005,10,0,163,1.8,1,0,1,1,0,0,0,0,0.55,0.00,0.55,0.55,0.55,Matches,53440b64
427,Pau Cabanes,es ESP,MF,Alavés,es La Liga,19,2005,6,2,188,2.1,0,0,0,0,0,0,1,0,0.00,0.00,0.00,0.00,0.00,Matches,53440b64
428,Rémy Cabella,fr FRA,MF,Lille,fr Ligue 1,34,1990,23,12,1011,11.2,1,2,3,1,0,0,1,0,0.09,0.18,0.27,0.09,0.27,Matches,148e136f
429,Leandro Cabrera,uy URU,DF,Espanyol,es La Liga,33,1991,33,32,2869,31.9,4,2,6,4,0,0,4,1,0.13,0.06,0.19,0.13,0.19,Matches,69cbc8b6
430,Liberato Cacace,nz NZL,MFDF,Empoli,it Serie A,23,2000,33,24,2230,24.8,2,4,6,2,0,0,6,0,0.08,0.16,0.24,0.08,0.24,Matches,dd86e8e4
431,Alessio Cacciamani,it ITA,MF,Torino,it Serie A,17,2007,2,0,31,0.3,0,0,0,0,0,0,0,0,0.00,0.00,0.00,0.00,0.00,Matches,2028c5c3
432,Anthony Caci,fr FRA,MF,Mainz 05,de Bundesliga,27,1997,33,33,2684,29.8,1,7,8,1,0,0,6,0,0.03,0.23,0.27,0.03,0.27,Matches,0118c54c
433,Mathieu Cafaro,fr FRA,MFFW,Saint-Étienne,fr Ligue 1,27,1997,15,9,732,8.1,1,0,1,1,0,0,3,1,0.12,0.00,0.12,0.12,0.12,Matches,2a657da0
434,Moisés Caicedo,ec ECU,MFDF,Chelsea,eng Premier League,22,2001,38,38,3351,37.2,1,2,3,1,0,0,11,0,0.03,0.05,0.08,0.03,0.08,Matches,16264a81
435,Tom Cairney,sct SCO,MF,Fulham,eng Premier League,33,1991,25,3,628,7.0,2,0,2,2,0,0,3,1,0.29,0.00,0.29,0.29,0.29,Matches,a8748947
436,Jens Cajuste,se SWE,MF,Ipswich Town,eng Premier League,24,1999,30,25,1959,21.8,1,1,2,1,0,0,2,0,0.05,0.05,0.09,0.05,0.09,Matches,928a4a61
437,Davide Calabria,it ITA,DF,Bologna,it Serie A,27,1996,11,7,632,7.0,0,1,1,0,0,0,3,0,0.00,0.14,0.14,0.00,0.14,Matches,2146785a
438,Davide Calabria,it ITA,DF,Milan,it Serie A,27,1996,7,4,316,3.5,0,0,0,0,0,0,0,0,0.00,0.00,0.00,0.00,0.00,Matches,2146785a
439,Riccardo Calafiori,it ITA,DF,Arsenal,eng Premier League,22,2002,19,11,983,10.9,2,1,3,2,0,0,4,0,0.18,0.09,0.27,0.18,0.27,Matches,aded8e6f
440,Luca Caldirola,it ITA,DF,Monza,it Serie A,33,1991,14,10,876,9.7,0,0,0,0,0,0,5,0,0.00,0.00,0.00,0.00,0.00,Matches,226008f1
441,Fernando Calero,es ESP,DF,Espanyol,es La Liga,28,1995,21,6,715,7.9,1,0,1,1,0,0,1,0,0.13,0.00,0.13,0.13,0.13,Matches,41b3069f
442,Duje Ćaleta-Car,hr CRO,DF,Lyon,fr Ligue 1,27,1996,19,17,1584,17.6,1,0,1,1,0,0,8,0,0.06,0.00,0.06,0.06,0.06,Matches,94f8d10c
443,Hakan Çalhanoğlu,tr TUR,MF,Inter,it Serie A,30,1994,29,26,1947,21.6,5,6,11,2,3,4,5,0,0.23,0.28,0.51,0.09,0.37,Matches,cd0fa27b
444,Dominic Calvert-Lewin,eng ENG,FW,Everton,eng Premier League,27,1997,26,19,1609,17.9,3,1,4,3,0,0,2,0,0.17,0.06,0.22,0.17,0.22,Matches,59e6e5bf
445,Drissa Camara,ci CIV,FW,Parma,it Serie A,22,2002,21,1,447,5.0,0,0,0,0,0,0,3,0,0.00,0.00,0.00,0.00,0.00,Matches,543d9d2b
446,Issiaga Camara,gn GUI,MF,Nice,fr Ligue 1,19,2005,4,0,20,0.2,0,0,0,0,0,0,0,0,0.00,0.00,0.00,0.00,0.00,Matches,9a34200f
447,Lamine Camara,sn SEN,MF,Monaco,fr Ligue 1,20,2004,29,25,2054,22.8,2,7,9,2,0,0,10,1,0.09,0.31,0.39,0.09,0.39,Matches,19c2ffa4
448,Mahdi Camara,fr FRA,MF,Brest,fr Ligue 1,26,1998,34,31,2659,29.5,5,3,8,5,0,0,5,0,0.17,0.10,0.27,0.17,0.27,Matches,8577e60a
449,Ousmane Camara,ml MLI,DF,Angers,fr Ligue 1,21,2003,3,3,252,2.8,0,0,0,0,0,0,1,0,0.00,0.00,0.00,0.00,0.00,Matches,7d3dfdfd
450,Francesco Camarda,it ITA,FW,Milan,it Serie A,16,2008,10,1,206,2.3,0,0,0,0,0,0,0,0,0.00,0.00,0.00,0.00,0.00,Matches,1956a64b
451,Eduardo Camavinga,fr FRA,MFDF,Real Madrid,es La Liga,21,2002,19,11,1102,12.2,1,2,3,1,0,0,2,0,0.08,0.16,0.25,0.08,0.25,Matches,7b9c2d84
452,Nicolò Cambiaghi,it ITA,MFFW,Bologna,it Serie A,23,2000,18,4,620,6.9,1,3,4,1,0,0,0,0,0.15,0.44,0.58,0.15,0.58,Matches,91ff775f
453,Andrea Cambiaso,it ITA,DFMF,Juventus,it Serie A,24,2000,33,25,2221,24.7,2,3,5,2,0,0,4,0,0.08,0.12,0.20,0.08,0.20,Matches,247ed022
454,Axel Camblan,fr FRA,FW,Brest,fr Ligue 1,20,2003,2,0,26,0.3,0,0,0,0,0,0,0,0,0.00,0.00,0.00,0.00,0.00,Matches,9f4a940f
455,Sergio Camello,es ESP,FW,Rayo Vallecano,es La Liga,23,2001,23,14,1134,12.6,3,2,5,3,0,0,2,0,0.24,0.16,0.40,0.24,0.40,Matches,873619c6
456,José Campaña,es ESP,MF,Las Palmas,es La Liga,31,1993,25,15,1189,13.2,0,3,3,0,0,0,5,0,0.00,0.23,0.23,0.00,0.23,Matches,61220da2
457,Thomas Campaniello,it ITA,FW,Empoli,it Serie A,16,2008,3,0,25,0.3,0,0,0,0,0,0,0,0,0.00,0.00,0.00,0.00,0.00,Matches,cb88e494
458,Cole Campbell,us USA,FW,Dortmund,de Bundesliga,18,2006,4,0,22,0.2,0,0,0,0,0,0,0,0,0.00,0.00,0.00,0.00,0.00,Matches,fbb270b2
459,Emre Can,de GER,DFMF,Dortmund,de Bundesliga,30,1994,31,23,2105,23.4,3,0,3,1,2,2,4,1,0.13,0.00,0.13,0.04,0.04,Matches,a65ce836
460,Peio Canales,es ESP,MF,Athletic Club,es La Liga,19,2005,8,2,259,2.9,0,0,0,0,0,0,0,0,0.00,0.00,0.00,0.00,0.00,Matches,3b5d2ab7
461,Matteo Cancellieri,it ITA,MFFW,Parma,it Serie A,22,2002,27,19,1424,15.8,3,0,3,3,0,0,2,1,0.19,0.00,0.19,0.19,0.19,Matches,b6a1cdf9
462,Fali Candé,gw GNB,DF,Venezia,it Serie A,26,1998,17,17,1530,17.0,1,1,2,1,0,0,4,0,0.06,0.06,0.12,0.06,0.12,Matches,3cc4bb19
463,Antonio Candela,it ITA,DF,Valladolid,es La Liga,24,2000,12,12,906,10.1,0,0,0,0,0,0,1,0,0.00,0.00,0.00,0.00,0.00,Matches,d4307c52
464,Antonio Candela,it ITA,MFDF,Venezia,it Serie A,24,2000,14,12,1008,11.2,0,1,1,0,0,0,2,0,0.00,0.09,0.09,0.00,0.09,Matches,d4307c52
465,Sergi Canós,es ESP,MF,Valencia,es La Liga,27,1997,17,2,370,4.1,0,1,1,0,0,0,3,0,0.00,0.24,0.24,0.00,0.24,Matches,1137759d
466,Jaydee Canvot,fr FRA,DFMF,Toulouse,fr Ligue 1,18,2006,18,12,1106,12.3,0,0,0,0,0,0,2,0,0.00,0.00,0.00,0.00,0.00,Matches,3684108d
467,Pierrick Capelle,fr FRA,MF,Angers,fr Ligue 1,37,1987,16,3,483,5.4,0,0,0,0,0,0,4,0,0.00,0.00,0.00,0.00,0.00,Matches,79b2399c
468,Gianluca Caprari,it ITA,MFFW,Monza,it Serie A,31,1993,34,18,1651,18.3,3,2,5,1,2,2,3,0,0.16,0.11,0.27,0.05,0.16,Matches,54e53b7e
469,Elia Caprile,it ITA,GK,Cagliari,it Serie A,22,2001,18,18,1620,18.0,0,0,0,0,0,0,0,0,0.00,0.00,0.00,0.00,0.00,Matches,97d7afbd
470,Elia Caprile,it ITA,GK,Napoli,it Serie A,22,2001,4,3,325,3.6,0,0,0,0,0,0,0,0,0.00,0.00,0.00,0.00,0.00,Matches,97d7afbd
471,Gabin Capuano,fr FRA,FW,Lens,fr Ligue 1,18,2006,1,0,11,0.1,0,0,0,0,0,0,0,0,0.00,0.00,0.00,0.00,0.00,Matches,9cbf42e7
472,Francesco Caputo,it ITA,FW,Empoli,it Serie A,36,1987,1,0,6,0.1,0,0,0,0,0,0,0,0,0.00,0.00,0.00,0.00,0.00,Matches,5bd72174
473,Maxence Caqueret,fr FRA,MF,Como,it Serie A,24,2000,18,15,1087,12.1,2,3,5,2,0,0,4,0,0.17,0.25,0.41,0.17,0.41,Matches,f81ef10d
474,Maxence Caqueret,fr FRA,MF,Lyon,fr Ligue 1,24,2000,9,6,573,6.4,0,0,0,0,0,0,1,0,0.00,0.00,0.00,0.00,0.00,Matches,f81ef10d
475,Simon Cara,fr FRA,FW,Montpellier,fr Ligue 1,19,2005,2,0,9,0.1,0,0,0,0,0,0,0,0,0.00,0.00,0.00,0.00,0.00,Matches,3545e643
476,Andrea Carboni,it ITA,DF,Monza,it Serie A,23,2001,26,25,2191,24.3,0,1,1,0,0,0,5,0,0.00,0.04,0.04,0.00,0.04,Matches,f7e2af2c
477,Franco Carboni,it ITA,MF,Venezia,it Serie A,21,2003,8,3,226,2.5,0,0,0,0,0,0,2,0,0.00,0.00,0.00,0.00,0.00,Matches,b033f803
478,Valentin Carboni,ar ARG,MF,Marseille,fr Ligue 1,19,2005,4,1,103,1.1,0,0,0,0,0,0,1,0,0.00,0.00,0.00,0.00,0.00,Matches,707b98f1
479,Dani Cárdenas,es ESP,GK,Rayo Vallecano,es La Liga,27,1997,6,6,540,6.0,0,0,0,0,0,0,0,0,0.00,0.00,0.00,0.00,0.00,Matches,e1846dde
480,Irvin Cardona,mt MLT,FWMF,Espanyol,es La Liga,26,1997,16,5,606,6.7,1,1,2,1,0,0,1,0,0.15,0.15,0.30,0.15,0.30,Matches,5e080f73
481,Irvin Cardona,mt MLT,FWMF,Saint-Étienne,fr Ligue 1,26,1997,15,13,1063,11.8,5,3,8,5,0,1,2,0,0.42,0.25,0.68,0.42,0.68,Matches,5e080f73
482,Marc Cardona,es ESP,FW,Las Palmas,es La Liga,29,1995,11,0,132,1.5,0,0,0,0,0,0,2,0,0.00,0.00,0.00,0.00,0.00,Matches,b92b456a
483,Sergi Cardona,es ESP,DF,Villarreal,es La Liga,25,1999,35,34,2945,32.7,1,7,8,1,0,0,11,0,0.03,0.21,0.24,0.03,0.24,Matches,74e90475
484,Johnny Cardoso,us USA,MF,Real Betis,es La Liga,22,2001,28,24,2144,23.8,3,1,4,3,0,0,4,0,0.13,0.04,0.17,0.13,0.17,Matches,7426f085
485,Tiago Cardoso,lu LUX,GK,Gladbach,de Bundesliga,18,2006,5,4,380,4.2,0,0,0,0,0,0,0,0,0.00,0.00,0.00,0.00,0.00,Matches,79268b9c
486,Patrik Carlgren,se SWE,GK,Nantes,fr Ligue 1,32,1992,5,4,417,4.6,0,0,0,0,0,0,0,0,0.00,0.00,0.00,0.00,0.00,Matches,168c50c5
487,Diego Carlos,br BRA,DF,Aston Villa,eng Premier League,31,1993,10,8,830,9.2,0,0,0,0,0,0,1,0,0.00,0.00,0.00,0.00,0.00,Matches,b4a014b1
488,José Carlos González,es ESP,MF,Las Palmas,es La Liga,18,2006,1,0,11,0.1,0,0,0,0,0,0,0,0,0.00,0.00,0.00,0.00,0.00,Matches,79fe48ae
489,Carmona,es ESP,DF,Sevilla,es La Liga,22,2002,35,35,2942,32.7,0,0,0,0,0,0,11,0,0.00,0.00,0.00,0.00,0.00,Matches,2dce876a
490,Marco Carnesecchi,it ITA,GK,Atalanta,it Serie A,24,2000,34,34,3060,34.0,0,0,0,0,0,0,1,0,0.00,0.00,0.00,0.00,0.00,Matches,8ec56e62
491,Sergio Carreira,es ESP,MF,Celta Vigo,es La Liga,23,2000,23,19,1656,18.4,0,4,4,0,0,0,1,0,0.00,0.22,0.22,0.00,0.22,Matches,8d6a9c93
492,Dani Carvajal,es ESP,DF,Real Madrid,es La Liga,32,1992,8,7,609,6.8,1,0,1,1,0,0,1,0,0.15,0.00,0.15,0.15,0.15,Matches,4958bfb2
493,Fabio Carvalho,pt POR,FWMF,Brentford,eng Premier League,21,2002,19,3,455,5.1,2,1,3,2,0,0,1,0,0.40,0.20,0.59,0.40,0.59,Matches,966e28d0
494,William Carvalho,pt POR,MF,Real Betis,es La Liga,32,1992,14,6,484,5.4,0,0,0,0,0,0,1,0,0.00,0.00,0.00,0.00,0.00,Matches,dee86451
495,Cesare Casadei,it ITA,MF,Torino,it Serie A,21,2003,15,13,1017,11.3,1,1,2,1,0,0,1,0,0.09,0.09,0.18,0.09,0.18,Matches,fb920f3a
496,Marc Casado,es ESP,MF,Barcelona,es La Liga,20,2003,23,20,1611,17.9,1,3,4,1,0,0,4,1,0.06,0.17,0.22,0.06,0.22,Matches,2ef08833
497,Nicolò Casale,it ITA,DF,Bologna,it Serie A,26,1998,15,9,900,10.0,0,1,1,0,0,0,1,0,0.00,0.10,0.10,0.00,0.10,Matches,3f5f38fb
498,Nicolò Casale,it ITA,DF,Lazio,it Serie A,26,1998,2,2,135,1.5,0,0,0,0,0,0,0,0,0.00,0.00,0.00,0.00,0.00,Matches,3f5f38fb
499,Casemiro,br BRA,MF,Manchester Utd,eng Premier League,32,1992,24,18,1494,16.6,1,0,1,1,0,0,5,0,0.06,0.00,0.06,0.06,0.06,Matches,4d224fe8
500,Kaelan Casey,eng ENG,DF,West Ham,eng Premier League,19,2004,1,0,1,0.0,0,0,0,0,0,0,0,0,0.00,0.00,0.00,0.00,0.00,Matches,cd4b2c5f
501,Matty Cash,pl POL,DF,Aston Villa,eng Premier League,26,1997,27,24,2070,23.0,1,1,2,1,0,0,7,0,0.04,0.04,0.09,0.04,0.09,Matches,2389cdc2
502,Eiran Cashin,ie IRL,DF,Brighton,eng Premier League,22,2001,2,0,20,0.2,0,0,0,0,0,0,0,0,0.00,0.00,0.00,0.00,0.00,Matches,f557c3b8
503,Josué Casimir,ht HAI,MFFW,Le Havre,fr Ligue 1,22,2001,27,23,1997,22.2,4,4,8,4,0,0,5,0,0.18,0.18,0.36,0.18,0.36,Matches,481f76cf
504,Federico Cassa,it ITA,MF,Atalanta,it Serie A,18,2006,2,0,14,0.2,0,0,0,0,0,0,0,0,0.00,0.00,0.00,0.00,0.00,Matches,5f209d47
505,Cristian Cásseres Jr.,ve VEN,MF,Toulouse,fr Ligue 1,24,2000,32,31,2696,30.0,1,3,4,1,0,0,11,0,0.03,0.10,0.13,0.03,0.13,Matches,f86fe8c1
506,Timothy Castagne,be BEL,DFMF,Fulham,eng Premier League,28,1995,24,17,1649,18.3,0,1,1,0,0,0,1,0,0.00,0.05,0.05,0.00,0.05,Matches,197640fd
507,Valentín Castellanos,ar ARG,FW,Lazio,it Serie A,25,1998,29,28,2384,26.5,10,3,13,8,2,3,9,1,0.38,0.11,0.49,0.30,0.42,Matches,da76bab4
508,Jean-Charles Castelletto,cm CMR,DFMF,Nantes,fr Ligue 1,29,1995,30,30,2620,29.1,0,0,0,0,0,0,5,1,0.00,0.00,0.00,0.00,0.00,Matches,e0f3a1f6
509,Santiago Castro,ar ARG,FW,Bologna,it Serie A,19,2004,36,27,2294,25.5,8,4,12,8,0,1,7,0,0.31,0.16,0.47,0.31,0.47,Matches,ee5565ae
510,Gaetano Castrovilli,it ITA,MF,Monza,it Serie A,27,1997,12,7,596,6.6,0,0,0,0,0,0,0,0,0.00,0.00,0.00,0.00,0.00,Matches,0728bebe
511,Gaetano Castrovilli,it ITA,MF,Lazio,it Serie A,27,1997,9,1,148,1.6,0,0,0,0,0,0,0,0,0.00,0.00,0.00,0.00,0.00,Matches,0728bebe
512,Danilo Cataldi,it ITA,MF,Fiorentina,it Serie A,29,1994,25,23,1728,19.2,3,0,3,3,0,0,1,0,0.16,0.00,0.16,0.16,0.16,Matches,ba3d3bea
513,Catena,es ESP,DF,Osasuna,es La Liga,29,1994,35,35,3074,34.2,1,3,4,1,0,0,11,0,0.03,0.09,0.12,0.03,0.12,Matches,274ab13c
514,Maximiliano Caufriez,be BEL,DF,Valencia,es La Liga,27,1997,1,1,90,1.0,0,0,0,0,0,0,0,0,0.00,0.00,0.00,0.00,0.00,Matches,c92c24f0
515,Enzo Caumont,fr FRA,MF,Angers,fr Ligue 1,20,2004,2,0,34,0.4,0,0,0,0,0,0,1,0,0.00,0.00,0.00,0.00,0.00,Matches,40581e00
516,Dani Ceballos,es ESP,MF,Real Madrid,es La Liga,27,1996,23,15,1215,13.5,0,0,0,0,0,0,4,0,0.00,0.00,0.00,0.00,0.00,Matches,c0617e2b
517,Abdoulie Ceesay,gm GAM,FW,St Pauli,de Bundesliga,20,2004,7,0,60,0.7,0,0,0,0,0,0,1,0,0.00,0.00,0.00,0.00,0.00,Matches,72ae8652
518,Zeki Çelik,tr TUR,DFMF,Roma,it Serie A,27,1997,31,27,2256,25.1,0,2,2,0,0,0,5,0,0.00,0.08,0.08,0.00,0.08,Matches,31a62dc7
519,Fabien Centonze,fr FRA,DF,Nantes,fr Ligue 1,28,1996,7,3,265,2.9,0,0,0,0,0,0,0,0,0.00,0.00,0.00,0.00,0.00,Matches,3c6bbbab
520,Alberto Cerri,it ITA,FW,Como,it Serie A,28,1996,5,0,87,1.0,0,0,0,0,0,0,0,0,0.00,0.00,0.00,0.00,0.00,Matches,1079c685
521,Franco Cervi,ar ARG,MFFW,Celta Vigo,es La Liga,30,1994,7,4,273,3.0,0,0,0,0,0,0,1,0,0.00,0.00,0.00,0.00,0.00,Matches,5e1028e5
522,Julian Chabot,de GER,DF,Stuttgart,de Bundesliga,26,1998,31,27,2269,25.2,3,1,4,3,0,0,11,1,0.12,0.04,0.16,0.12,0.16,Matches,ae7058f9
523,El Chadaille Bitshiabu,fr FRA,DF,RB Leipzig,de Bundesliga,19,2005,21,13,1130,12.6,0,0,0,0,0,0,2,1,0.00,0.00,0.00,0.00,0.00,Matches,2180c761
524,Fares Chaïbi,dz ALG,MF,Frankfurt,de Bundesliga,21,2002,26,10,1013,11.3,1,3,4,1,0,0,2,0,0.09,0.27,0.36,0.09,0.36,Matches,357103bd
525,Trevoh Chalobah,eng ENG,DF,Crystal Palace,eng Premier League,25,1999,12,12,1060,11.8,3,0,3,3,0,0,1,0,0.25,0.00,0.25,0.25,0.25,Matches,5515376c
526,Trevoh Chalobah,eng ENG,DF,Chelsea,eng Premier League,25,1999,13,11,910,10.1,0,1,1,0,0,0,2,0,0.00,0.10,0.10,0.00,0.10,Matches,5515376c
527,Timothy Chandler,us USA,DFMF,Frankfurt,de Bundesliga,34,1990,3,0,24,0.3,0,0,0,0,0,0,0,0,0.00,0.00,0.00,0.00,0.00,Matches,b3b7f5a6
528,Conor Chaplin,eng ENG,MFFW,Ipswich Town,eng Premier League,27,1997,22,10,857,9.5,1,1,2,1,0,0,2,0,0.11,0.11,0.21,0.11,0.21,Matches,4ec55b87
529,Brendan Chardonnet,fr FRA,DF,Brest,fr Ligue 1,29,1994,27,27,2416,26.8,1,0,1,1,0,0,6,0,0.04,0.00,0.04,0.04,0.04,Matches,16aa7d4c
530,Gabriel Charpentier,cg CGO,FW,Parma,it Serie A,25,1999,10,0,271,3.0,1,2,3,1,0,0,1,0,0.33,0.66,1.00,0.33,1.00,Matches,c52bea9e
531,Raúl Chasco,es ESP,DF,Valladolid,es La Liga,20,2003,2,1,130,1.4,0,0,0,0,0,0,0,0,0.00,0.00,0.00,0.00,0.00,Matches,61d964b8
532,Anrie Chase,jp JPN,DF,Stuttgart,de Bundesliga,20,2004,12,7,734,8.2,0,0,0,0,0,0,1,0,0.00,0.00,0.00,0.00,0.00,Matches,ee2cf168
533,Pep Chavarría,es ESP,DF,Rayo Vallecano,es La Liga,26,1998,34,28,2585,28.7,0,1,1,0,0,0,3,0,0.00,0.03,0.03,0.00,0.03,Matches,63c5e56b
534,Arthur Chaves,br BRA,DF,Hoffenheim,de Bundesliga,23,2001,26,24,2185,24.3,1,0,1,1,0,0,8,0,0.04,0.00,0.04,0.04,0.04,Matches,913e4711
535,Jhoanner Chávez,ec ECU,MF,Lens,fr Ligue 1,22,2002,10,7,596,6.6,1,0,1,1,0,0,1,0,0.15,0.00,0.15,0.15,0.15,Matches,649b57e9
536,Walid Cheddira,ma MAR,FW,Espanyol,es La Liga,26,1998,22,5,640,7.1,1,1,2,1,0,0,3,0,0.14,0.14,0.28,0.14,0.28,Matches,0545a08e
537,Walid Cheddira,ma MAR,FW,Napoli,it Serie A,26,1998,1,0,12,0.1,0,0,0,0,0,0,0,0,0.00,0.00,0.00,0.00,0.00,Matches,0545a08e
538,Chema,es ESP,MF,Real Madrid,es La Liga,19,2005,2,0,12,0.1,0,0,0,0,0,0,0,0,0.00,0.00,0.00,0.00,0.00,Matches,39ef21fa
539,Théo Chennahi,fr FRA,DF,Montpellier,fr Ligue 1,19,2005,4,2,181,2.0,0,0,0,0,0,0,2,0,0.00,0.00,0.00,0.00,0.00,Matches,5a5b785e
540,Sidiki Cherif,fr FRA,FW,Angers,fr Ligue 1,17,2006,7,3,324,3.6,0,0,0,0,0,0,0,0,0.00,0.00,0.00,0.00,0.00,Matches,78430598
541,Rayan Cherki,fr FRA,MFFW,Lyon,fr Ligue 1,20,2003,30,22,2041,22.7,8,11,19,8,0,0,3,0,0.35,0.49,0.84,0.35,0.84,Matches,b34c63a5
542,Youssef Chermiti,pt POR,FW,Everton,eng Premier League,20,2004,4,0,45,0.5,0,0,0,0,0,0,1,0,0.00,0.00,0.00,0.00,0.00,Matches,890f108d
543,Lucas Chevalier,fr FRA,GK,Lille,fr Ligue 1,22,2001,34,34,3060,34.0,0,0,0,0,0,0,0,0,0.00,0.00,0.00,0.00,0.00,Matches,b3d76d84
544,Fabio Chiarodia,it ITA,DF,Gladbach,de Bundesliga,19,2005,16,3,379,4.2,1,0,1,1,0,0,0,0,0.24,0.00,0.24,0.24,0.24,Matches,48780156
545,Julián Chicco,ar ARG,MFDF,Leganés,es La Liga,26,1998,14,2,302,3.4,0,1,1,0,0,0,0,0,0.00,0.30,0.30,0.00,0.30,Matches,92dacb99
546,Leandro Chichizola,ar ARG,GK,Parma,it Serie A,34,1990,1,1,90,1.0,0,0,0,0,0,0,0,0,0.00,0.00,0.00,0.00,0.00,Matches,8d957256
547,Federico Chiesa,it ITA,FW,Liverpool,eng Premier League,26,1997,6,1,108,1.2,0,0,0,0,0,0,0,0,0.00,0.00,0.00,0.00,0.00,Matches,b0f7e36c
548,Ben Chilwell,eng ENG,MF,Crystal Palace,eng Premier League,27,1996,8,1,259,2.9,1,0,1,1,0,0,1,0,0.35,0.00,0.35,0.35,0.35,Matches,d2424d1b
549,Chiquinho,pt POR,MF,Mallorca,es La Liga,24,2000,8,1,146,1.6,0,0,0,0,0,0,2,0,0.00,0.00,0.00,0.00,0.00,Matches,dc6c2f02
550,Chiquinho,pt POR,FWMF,Wolves,eng Premier League,24,2000,1,0,7,0.1,0,0,0,0,0,0,0,0,0.00,0.00,0.00,0.00,0.00,Matches,dc6c2f02
551,Pedro Chirivella,es ESP,MF,Nantes,fr Ligue 1,27,1997,30,28,2348,26.1,0,2,2,0,0,0,6,0,0.00,0.08,0.08,0.00,0.08,Matches,68a26d51
552,Joris Chotard,fr FRA,MF,Montpellier,fr Ligue 1,22,2001,26,23,1892,21.0,1,0,1,1,0,0,5,0,0.05,0.00,0.05,0.05,0.05,Matches,7909ffa4
553,Hamza Choudhury,bd BAN,MF,Leicester City,eng Premier League,26,1997,4,1,131,1.5,0,0,0,0,0,0,0,0,0.00,0.00,0.00,0.00,0.00,Matches,7d2d3329
554,Andreas Christensen,dk DEN,DF,Barcelona,es La Liga,28,1996,5,2,254,2.8,0,0,0,0,0,0,3,0,0.00,0.00,0.00,0.00,0.00,Matches,1cb49278
555,Ryan Christie,sct SCO,MF,Bournemouth,eng Premier League,29,1995,29,27,2117,23.5,2,3,5,2,0,0,9,0,0.09,0.13,0.21,0.09,0.21,Matches,26ce2263
556,Carney Chukwuemeka,at AUT,MF,Dortmund,de Bundesliga,20,2003,10,1,253,2.8,1,0,1,1,0,0,1,0,0.36,0.00,0.36,0.36,0.36,Matches,b2f9c73e
557,Samuel Chukwueze,ng NGA,MFFW,Milan,it Serie A,25,1999,26,9,925,10.3,3,2,5,3,0,0,0,0,0.29,0.19,0.49,0.29,0.49,Matches,b8a642fc
558,Aaron Ciammaglichella,it ITA,MF,Torino,it Serie A,19,2005,1,0,1,0.0,0,0,0,0,0,0,0,0,0.00,0.00,0.00,0.00,0.00,Matches,20525799
559,Jasper Cillessen,nl NED,GK,Las Palmas,es La Liga,35,1989,27,27,2335,25.9,0,0,0,0,0,0,1,0,0.00,0.00,0.00,0.00,0.00,Matches,04ac8285
560,Giuseppe Ciocci,it ITA,GK,Cagliari,it Serie A,22,2002,1,0,9,0.1,0,0,0,0,0,0,0,0,0.00,0.00,0.00,0.00,0.00,Matches,d6416327
561,Alessandro Circati,au AUS,DF,Parma,it Serie A,20,2003,6,6,540,6.0,0,0,0,0,0,0,1,0,0.00,0.00,0.00,0.00,0.00,Matches,1223765c
562,Pathé Ciss,sn SEN,MFDF,Rayo Vallecano,es La Liga,30,1994,33,25,2140,23.8,4,1,5,4,0,0,12,0,0.17,0.04,0.21,0.17,0.21,Matches,9a0408b6
563,Alphadjo Cissè,it ITA,MF,Hellas Verona,it Serie A,17,2006,2,0,9,0.1,0,0,0,0,0,0,0,0,0.00,0.00,0.00,0.00,0.00,Matches,d079becb
564,Djaoui Cissé,fr FRA,MF,Rennes,fr Ligue 1,20,2004,14,14,1121,12.5,1,0,1,1,0,0,4,0,0.08,0.00,0.08,0.08,0.08,Matches,576ca93f
565,Seydouba Cissé,gn GUI,MF,Leganés,es La Liga,23,2001,34,31,2435,27.1,3,1,4,3,0,0,3,1,0.11,0.04,0.15,0.11,0.15,Matches,0d13e455
566,Yoann Cissé,fr FRA,MF,Auxerre,fr Ligue 1,19,2004,2,0,5,0.1,0,0,0,0,0,0,0,0,0.00,0.00,0.00,0.00,0.00,Matches,fd739131
567,Patrick Ciurria,it ITA,MF,Monza,it Serie A,29,1995,21,12,1111,12.3,1,1,2,1,0,0,1,0,0.08,0.08,0.16,0.08,0.16,Matches,5de3866c
568,Harry Clarke,eng ENG,DF,Ipswich Town,eng Premier League,23,2001,7,4,379,4.2,0,0,0,0,0,0,3,1,0.00,0.00,0.00,0.00,0.00,Matches,a64f2573
569,Jack Clarke,eng ENG,MF,Ipswich Town,eng Premier League,23,2000,32,12,1181,13.1,0,4,4,0,0,0,2,0,0.00,0.30,0.30,0.00,0.30,Matches,e16932d8
570,Alexis Claude-Maurice,fr FRA,MFFW,Augsburg,de Bundesliga,26,1998,28,25,2109,23.4,9,2,11,9,0,0,4,0,0.38,0.09,0.47,0.38,0.47,Matches,741418c3
571,Jonathan Clauss,fr FRA,MFDF,Nice,fr Ligue 1,31,1992,28,27,2303,25.6,3,8,11,3,0,0,7,0,0.12,0.31,0.43,0.12,0.43,Matches,5219ab4a
572,Silvi Clúa,es ESP,MF,Girona,es La Liga,19,2005,4,2,163,1.8,0,0,0,0,0,0,0,0,0.00,0.00,0.00,0.00,0.00,Matches,b793dea2
573,Nathaniel Clyne,eng ENG,DFMF,Crystal Palace,eng Premier League,33,1991,13,5,483,5.4,0,0,0,0,0,0,1,0,0.00,0.00,0.00,0.00,0.00,Matches,0442183b
574,Conor Coady,eng ENG,DF,Leicester City,eng Premier League,31,1993,22,19,1714,19.0,1,0,1,1,0,0,3,0,0.05,0.00,0.05,0.05,0.05,Matches,2928dca2
575,Marcus Coco,fr FRA,DF,Nantes,fr Ligue 1,28,1996,20,10,951,10.6,0,1,1,0,0,0,3,2,0.00,0.09,0.09,0.00,0.09,Matches,3010aefb
576,Saúl Coco,gq EQG,DF,Torino,it Serie A,25,1999,32,32,2845,31.6,2,0,2,2,0,0,10,0,0.06,0.00,0.06,0.06,0.06,Matches,d0ee1652
577,Séamus Coleman,ie IRL,DF,Everton,eng Premier League,35,1988,5,3,215,2.4,0,0,0,0,0,0,1,0,0.00,0.00,0.00,0.00,0.00,Matches,0420d84f
578,Nathan Collins,ie IRL,DF,Brentford,eng Premier League,23,2001,38,38,3420,38.0,2,3,5,2,0,0,5,0,0.05,0.08,0.13,0.05,0.13,Matches,a8c19eb8
579,Nnamdi Collins,de GER,DFMF,Frankfurt,de Bundesliga,20,2004,24,15,1489,16.5,1,1,2,1,0,0,4,0,0.06,0.06,0.12,0.06,0.12,Matches,8eb5c94c
580,Toby Collyer,eng ENG,MF,Manchester Utd,eng Premier League,20,2004,6,0,179,2.0,0,0,0,0,0,0,0,0,0.00,0.00,0.00,0.00,0.00,Matches,4f9091bc
581,Lorenzo Colombo,it ITA,FWMF,Empoli,it Serie A,22,2002,37,26,2233,24.8,6,2,8,5,1,1,5,1,0.24,0.08,0.32,0.20,0.28,Matches,04df29a5
582,Andrea Colpani,it ITA,MF,Fiorentina,it Serie A,25,1999,25,18,1450,16.1,2,1,3,2,0,0,1,0,0.12,0.06,0.19,0.12,0.19,Matches,6499048c
583,Levi Colwill,eng ENG,DF,Chelsea,eng Premier League,21,2003,35,35,3149,35.0,2,1,3,2,0,0,9,0,0.06,0.03,0.09,0.06,0.09,Matches,700783e7
584,Florinel Coman,ro ROU,MFFW,Cagliari,it Serie A,26,1998,9,2,263,2.9,1,0,1,1,0,0,2,0,0.34,0.00,0.34,0.34,0.34,Matches,a9440c25
585,Kingsley Coman,fr FRA,MF,Bayern Munich,de Bundesliga,28,1996,28,14,1282,14.2,5,4,9,5,0,0,0,0,0.35,0.28,0.63,0.35,0.63,Matches,042e8a49
586,Eray Cömert,ch SUI,DFMF,Valladolid,es La Liga,26,1998,25,21,1779,19.8,0,0,0,0,0,0,6,0,0.00,0.00,0.00,0.00,0.00,Matches,15937e17
587,Santi Comesaña,es ESP,MF,Villarreal,es La Liga,27,1996,35,30,2560,28.4,4,2,6,4,0,0,7,0,0.14,0.07,0.21,0.14,0.21,Matches,5ae499d0
588,Pietro Comuzzo,it ITA,DF,Fiorentina,it Serie A,19,2005,33,24,2200,24.4,1,0,1,1,0,0,5,0,0.04,0.00,0.04,0.04,0.04,Matches,5e3ecc35
589,Francisco Conceição,pt POR,MF,Juventus,it Serie A,21,2002,26,12,1340,14.9,3,3,6,3,0,0,5,1,0.20,0.20,0.40,0.20,0.40,Matches,5ef3d210
590,Diego Conde,es ESP,GK,Villarreal,es La Liga,25,1998,22,22,1962,21.8,0,1,1,0,0,0,2,0,0.00,0.05,0.05,0.00,0.05,Matches,4eae5bc4
591,Tomás Conechny,ar ARG,MFFW,Alavés,es La Liga,26,1998,22,9,847,9.4,1,0,1,1,0,0,8,0,0.11,0.00,0.11,0.11,0.11,Matches,f61143dd
592,Alois Confais,fr FRA,DFMF,Le Havre,fr Ligue 1,27,1996,1,0,3,0.0,0,0,0,0,0,0,0,0,0.00,0.00,0.00,0.00,0.00,Matches,535b0343
593,Sirlord Conteh,de GER,MFFW,Heidenheim,de Bundesliga,28,1996,29,4,892,9.9,1,1,2,1,0,0,2,0,0.10,0.10,0.20,0.10,0.20,Matches,34e09d5f
594,Lewis Cook,eng ENG,MFDF,Bournemouth,eng Premier League,27,1997,36,32,2978,33.1,1,3,4,1,0,0,8,1,0.03,0.09,0.12,0.03,0.12,Matches,2afc7272
595,Copete,es ESP,DF,Mallorca,es La Liga,24,1999,25,16,1528,17.0,0,0,0,0,0,0,6,0,0.00,0.00,0.00,0.00,0.00,Matches,0f26ffd7
596,Diego Coppola,it ITA,DF,Hellas Verona,it Serie A,20,2003,34,33,2927,32.5,2,0,2,2,0,0,10,0,0.06,0.00,0.06,0.06,0.06,Matches,22ae86f9
597,Francis Coquelin,fr FRA,MF,Nantes,fr Ligue 1,33,1991,6,3,224,2.5,1,1,2,1,0,0,1,0,0.40,0.40,0.80,0.40,0.80,Matches,a6951bf8
598,Iker Córdoba,es ESP,DF,Valencia,es La Liga,18,2005,2,0,15,0.2,0,0,0,0,0,0,0,0,0.00,0.00,0.00,0.00,0.00,Matches,f35d5b6a
599,Derek Cornelius,ca CAN,DF,Marseille,fr Ligue 1,26,1997,21,17,1420,15.8,0,0,0,0,0,0,9,2,0.00,0.00,0.00,0.00,0.00,Matches,577744b8
600,Maxwel Cornet,ci CIV,MF,Southampton,eng Premier League,27,1996,2,1,72,0.8,0,0,0,0,0,0,1,0,0.00,0.00,0.00,0.00,0.00,Matches,beb391dd
601,Maxwel Cornet,ci CIV,MF,Genoa,it Serie A,27,1996,7,2,246,2.7,2,1,3,2,0,0,0,0,0.73,0.37,1.10,0.73,1.10,Matches,beb391dd
602,Pierre Cornud,fr FRA,DFMF,Saint-Étienne,fr Ligue 1,27,1996,11,7,576,6.4,0,0,0,0,0,0,2,0,0.00,0.00,0.00,0.00,0.00,Matches,edeb21ff
603,Ángel Correa,ar ARG,FW,Atlético Madrid,es La Liga,29,1995,31,3,805,8.9,4,1,5,4,0,0,3,1,0.45,0.11,0.56,0.45,0.56,Matches,01eb744d
604,Joaquín Correa,ar ARG,FWMF,Inter,it Serie A,29,1994,19,6,731,8.1,2,2,4,2,0,0,3,0,0.25,0.25,0.49,0.25,0.49,Matches,45b9b619
605,Thierry Correia,pt POR,DF,Valencia,es La Liga,25,1999,11,9,768,8.5,0,0,0,0,0,0,1,0,0.00,0.00,0.00,0.00,0.00,Matches,c78b352d
606,Alberto costa,pt POR,DFMF,Juventus,it Serie A,20,2003,9,3,357,4.0,0,1,1,0,0,0,3,0,0.00,0.25,0.25,0.00,0.25,Matches,4d36e5ae
607,Coba da Costa,es ESP,MF,Getafe,es La Liga,22,2002,19,12,1006,11.2,1,1,2,1,0,0,4,0,0.09,0.09,0.18,0.09,0.18,Matches,0b3358f0
608,Danny da Costa,de GER,DF,Mainz 05,de Bundesliga,31,1993,25,25,2006,22.3,0,1,1,0,0,0,0,0,0.00,0.04,0.04,0.00,0.04,Matches,5ddb8f9f
609,David Costa,pt POR,MF,Lens,fr Ligue 1,23,2001,11,3,352,3.9,0,0,0,0,0,0,0,1,0.00,0.00,0.00,0.00,0.00,Matches,59948ef7
610,Logan Costa,cv CPV,DF,Villarreal,es La Liga,23,2001,32,28,2587,28.7,2,1,3,2,0,0,3,0,0.07,0.03,0.10,0.07,0.10,Matches,bfb2056e
611,Logan Costa,cv CPV,DF,Toulouse,fr Ligue 1,23,2001,1,1,90,1.0,0,0,0,0,0,0,0,0,0.00,0.00,0.00,0.00,0.00,Matches,bfb2056e
612,Samu Costa,pt POR,MF,Mallorca,es La Liga,23,2000,32,31,2649,29.4,0,2,2,0,0,0,10,1,0.00,0.07,0.07,0.00,0.07,Matches,76c2a023
613,Grégoire Coudert,fr FRA,GK,Brest,fr Ligue 1,25,1999,2,2,180,2.0,0,0,0,0,0,0,0,0,0.00,0.00,0.00,0.00,0.00,Matches,ca95200f
614,Vladimír Coufal,cz CZE,DFMF,West Ham,eng Premier League,31,1992,22,11,1067,11.9,0,0,0,0,0,0,5,0,0.00,0.00,0.00,0.00,0.00,Matches,fdf3cb77
615,Lassana Coulibaly,ml MLI,MF,Lecce,it Serie A,28,1996,38,30,2667,29.6,1,0,1,1,0,0,3,0,0.03,0.00,0.03,0.03,0.03,Matches,85a44ecc
616,Lasso Coulibaly,ci CIV,MF,Auxerre,fr Ligue 1,21,2002,3,0,45,0.5,1,0,1,1,0,0,0,0,2.00,0.00,2.00,2.00,2.00,Matches,78310540
617,Mamadou Coulibaly,fr FRA,MF,Monaco,fr Ligue 1,20,2004,1,0,8,0.1,0,0,0,0,0,0,0,0,0.00,0.00,0.00,0.00,0.00,Matches,dacf856a
618,Soumaïla Coulibaly,fr FRA,DF,Brest,fr Ligue 1,20,2003,7,5,438,4.9,0,0,0,0,0,0,1,0,0.00,0.00,0.00,0.00,0.00,Matches,9dff291c
619,Tanguy Coulibaly,fr FRA,MFFW,Montpellier,fr Ligue 1,23,2001,25,17,1485,16.5,3,0,3,3,0,0,4,2,0.18,0.00,0.18,0.18,0.18,Matches,05ba9d7c
620,Woyo Coulibaly,ml MLI,DF,Leicester City,eng Premier League,25,1999,4,1,109,1.2,0,0,0,0,0,0,1,0,0.00,0.00,0.00,0.00,0.00,Matches,beb6e3a6
621,Woyo Coulibaly,ml MLI,DF,Parma,it Serie A,25,1999,14,12,1084,12.0,0,1,1,0,0,0,1,1,0.00,0.08,0.08,0.00,0.08,Matches,beb6e3a6
622,Marius Courcoul,fr FRA,MF,Angers,fr Ligue 1,17,2007,8,3,309,3.4,0,0,0,0,0,0,0,0,0.00,0.00,0.00,0.00,0.00,Matches,28ab7aba
623,Thibaut Courtois,be BEL,GK,Real Madrid,es La Liga,32,1992,30,30,2700,30.0,0,0,0,0,0,0,1,0,0.00,0.00,0.00,0.00,0.00,Matches,1840e36d
624,Yan Couto,br BRA,DFMF,Dortmund,de Bundesliga,22,2002,21,8,895,9.9,0,0,0,0,0,0,5,0,0.00,0.00,0.00,0.00,0.00,Matches,1944818c
625,Nicolas Cozza,fr FRA,DFMF,Nantes,fr Ligue 1,25,1999,27,23,2051,22.8,1,0,1,1,0,0,3,1,0.04,0.00,0.04,0.04,0.04,Matches,8f325097
626,Aaron Cresswell,eng ENG,DF,West Ham,eng Premier League,34,1989,18,10,824,9.2,0,0,0,0,0,0,3,0,0.00,0.00,0.00,0.00,0.00,Matches,4f974391
627,Charlie Cresswell,eng ENG,DF,Toulouse,fr Ligue 1,21,2002,31,29,2592,28.8,3,1,4,3,0,0,5,0,0.10,0.03,0.14,0.10,0.14,Matches,4654e5f5
628,Bryan Cristante,it ITA,MF,Roma,it Serie A,29,1995,30,23,2045,22.7,4,2,6,4,0,0,8,0,0.18,0.09,0.26,0.18,0.26,Matches,16657b95
629,Domen Črnigoj,si SVN,MF,Venezia,it Serie A,28,1995,8,1,136,1.5,0,0,0,0,0,0,0,0,0.00,0.00,0.00,0.00,0.00,Matches,22cd43d2
630,Juan Cruz Armada,es ESP,DF,Osasuna,es La Liga,32,1992,25,19,1492,16.6,0,0,0,0,0,0,4,0,0.00,0.00,0.00,0.00,0.00,Matches,a56da3ba
631,Juan Cruz,es ESP,MFDF,Leganés,es La Liga,24,2000,34,26,2257,25.1,5,4,9,5,0,0,2,0,0.20,0.16,0.36,0.20,0.36,Matches,cc2dd8a5
632,Juan Cuadrado,co COL,MFFW,Atalanta,it Serie A,36,1988,23,7,832,9.2,0,2,2,0,0,0,3,0,0.00,0.22,0.22,0.00,0.22,Matches,0ab1f153
633,Pau Cubarsí,es ESP,DF,Barcelona,es La Liga,17,2007,35,29,2618,29.1,0,3,3,0,0,0,3,0,0.00,0.10,0.10,0.00,0.10,Matches,cc7888f3
634,Cucho,co COL,FW,Real Betis,es La Liga,25,1999,15,14,1139,12.7,5,1,6,5,0,0,0,0,0.40,0.08,0.47,0.40,0.47,Matches,71b47ab9
635,Marc Cucurella,es ESP,DF,Chelsea,eng Premier League,26,1998,36,33,2988,33.2,5,1,6,5,0,0,10,1,0.15,0.03,0.18,0.15,0.18,Matches,1daec722
636,Jorge Cuenca,es ESP,DF,Fulham,eng Premier League,24,1999,8,4,351,3.9,0,0,0,0,0,0,0,0,0.00,0.00,0.00,0.00,0.00,Matches,0abc51f2
637,Matheus Cunha,br BRA,MF,Wolves,eng Premier League,25,1999,33,29,2597,28.9,15,6,21,15,0,0,4,0,0.52,0.21,0.73,0.52,0.73,Matches,dc62b55d
638,Patrick Cutrone,it ITA,FW,Como,it Serie A,26,1998,33,23,2047,22.7,7,4,11,7,0,1,1,0,0.31,0.18,0.48,0.31,0.48,Matches,a4fe8cda
639,Tomáš Čvančara,cz CZE,MFFW,Gladbach,de Bundesliga,23,2000,28,7,831,9.2,2,0,2,2,0,0,5,1,0.22,0.00,0.22,0.22,0.22,Matches,298c8aa1
640,Wylan Cyprien,fr FRA,MF,Parma,it Serie A,29,1995,2,0,28,0.3,0,0,0,0,0,0,0,0,0.00,0.00,0.00,0.00,0.00,Matches,3e092724
641,Danilo D'Ambrosio,it ITA,DF,Monza,it Serie A,35,1988,20,12,1095,12.2,0,1,1,0,0,0,2,1,0.00,0.08,0.08,0.00,0.08,Matches,44eb9093
642,Lucas Da Cunha,fr FRA,MF,Como,it Serie A,23,2001,36,30,2613,29.0,3,2,5,3,0,0,4,0,0.10,0.07,0.17,0.10,0.17,Matches,007faf7a
643,Samuel Dahl,se SWE,DF,Roma,it Serie A,21,2003,2,0,43,0.5,0,0,0,0,0,0,0,0,0.00,0.00,0.00,0.00,0.00,Matches,bbe7d20b
644,Finn Dahmen,de GER,GK,Augsburg,de Bundesliga,26,1998,19,19,1710,19.0,0,0,0,0,0,0,0,0,0.00,0.00,0.00,0.00,0.00,Matches,dee3013b
645,Thomas Dähne,de GER,GK,Holstein Kiel,de Bundesliga,30,1994,9,9,810,9.0,0,0,0,0,0,0,0,0,0.00,0.00,0.00,0.00,0.00,Matches,f194035d
646,Mahmoud Dahoud,de GER,MF,Frankfurt,de Bundesliga,28,1996,9,3,364,4.0,1,1,2,1,0,0,2,0,0.25,0.25,0.49,0.25,0.49,Matches,db4ed67b
647,Patson Daka,zm ZAM,MFFW,Leicester City,eng Premier League,25,1998,23,6,736,8.2,1,0,1,1,0,0,0,0,0.12,0.00,0.12,0.12,0.12,Matches,ca45605e
648,Ameen Al-Dakhil,be BEL,DF,Stuttgart,de Bundesliga,22,2002,7,6,432,4.8,0,0,0,0,0,0,0,1,0.00,0.00,0.00,0.00,0.00,Matches,93e08bce
649,Thijs Dallinga,nl NED,FW,Bologna,it Serie A,23,2000,31,11,1154,12.8,3,2,5,3,0,0,1,0,0.23,0.16,0.39,0.23,0.39,Matches,b70afb45
650,Diogo Dalot,pt POR,MFDF,Manchester Utd,eng Premier League,25,1999,33,31,2814,31.3,0,3,3,0,0,0,5,0,0.00,0.10,0.10,0.00,0.10,Matches,d9565625
651,Mikkel Damsgaard,dk DEN,MF,Brentford,eng Premier League,24,2000,38,34,2911,32.3,2,10,12,2,0,0,2,0,0.06,0.31,0.37,0.06,0.37,Matches,215f3907
652,Maat Daniel Caprini,it ITA,FW,Fiorentina,it Serie A,18,2006,2,0,8,0.1,0,0,0,0,0,0,0,0,0.00,0.00,0.00,0.00,0.00,Matches,183934cd
653,Flavius Daniliuc,at AUT,DF,Hellas Verona,it Serie A,23,2001,18,9,1004,11.2,0,0,0,0,0,0,0,0,0.00,0.00,0.00,0.00,0.00,Matches,7ef972c3
654,Danilo,br BRA,DF,Juventus,it Serie A,33,1991,12,6,581,6.5,0,1,1,0,0,0,2,0,0.00,0.15,0.15,0.00,0.15,Matches,94b2001f
655,Arnaut Danjuma,nl NED,FW,Villarreal,es La Liga,27,1997,3,3,200,2.2,2,0,2,2,0,0,1,0,0.90,0.00,0.90,0.90,0.90,Matches,f08490a6
656,Arnaut Danjuma,nl NED,MFFW,Girona,es La Liga,27,1997,25,15,1335,14.8,2,0,2,2,0,0,2,0,0.13,0.00,0.13,0.13,0.13,Matches,f08490a6
657,Jayden Danns,eng ENG,FW,Liverpool,eng Premier League,18,2006,1,0,11,0.1,0,0,0,0,0,0,0,0,0.00,0.00,0.00,0.00,0.00,Matches,003cf4d1
658,Kévin Danois,fr FRA,MF,Auxerre,fr Ligue 1,20,2004,22,16,1460,16.2,0,0,0,0,0,0,1,0,0.00,0.00,0.00,0.00,0.00,Matches,e76f6fbe
659,Kevin Danso,at AUT,DF,Tottenham,eng Premier League,25,1998,10,9,842,9.4,0,0,0,0,0,0,0,0,0.00,0.00,0.00,0.00,0.00,Matches,6e33125f
660,Kevin Danso,at AUT,DF,Lens,fr Ligue 1,25,1998,12,12,1080,12.0,0,0,0,0,0,0,3,0,0.00,0.00,0.00,0.00,0.00,Matches,6e33125f
661,Dante,br BRA,DF,Nice,fr Ligue 1,40,1983,25,21,1964,21.8,0,0,0,0,0,0,5,1,0.00,0.00,0.00,0.00,0.00,Matches,fd2bc67d
662,Pape Daouda Diongue,sn SEN,MF,Strasbourg,fr Ligue 1,18,2006,9,1,78,0.9,1,0,1,1,0,0,0,0,1.15,0.00,1.15,1.15,1.15,Matches,d4925a40
663,Mohamed Daramy,dk DEN,FWMF,Reims,fr Ligue 1,22,2002,2,0,16,0.2,0,0,0,0,0,0,0,0,0.00,0.00,0.00,0.00,0.00,Matches,06a1d642
664,Bence Dárdai,hu HUN,MF,Wolfsburg,de Bundesliga,18,2006,21,16,1304,14.5,1,1,2,1,0,0,0,0,0.07,0.07,0.14,0.07,0.14,Matches,dcb6f03c
665,Sergi Darder,es ESP,MF,Mallorca,es La Liga,30,1993,38,34,2744,30.5,2,6,8,2,0,0,4,0,0.07,0.20,0.26,0.07,0.26,Matches,070a3904
666,Matteo Darmian,it ITA,MFDF,Inter,it Serie A,34,1989,29,20,1781,19.8,3,2,5,3,0,0,3,0,0.15,0.10,0.25,0.15,0.25,Matches,96e0490d
667,Lukas Daschner,de GER,FWMF,Bochum,de Bundesliga,25,1998,14,3,412,4.6,1,1,2,1,0,1,0,0,0.22,0.22,0.44,0.22,0.44,Matches,93a8c4f9
668,Juan David Cabal,co COL,DF,Juventus,it Serie A,23,2001,7,6,460,5.1,0,0,0,0,0,0,0,0,0.00,0.00,0.00,0.00,0.00,Matches,ef6eef89
669,Jonathan David,ca CAN,FW,Lille,fr Ligue 1,24,2000,32,28,2554,28.4,16,5,21,10,6,7,4,0,0.56,0.18,0.74,0.35,0.53,Matches,ce50fd99
670,Alphonso Davies,ca CAN,DF,Bayern Munich,de Bundesliga,23,2000,19,17,1560,17.3,1,2,3,1,0,0,0,0,0.06,0.12,0.17,0.06,0.17,Matches,d781d855
671,Ben Davies,wls WAL,DF,Tottenham,eng Premier League,31,1993,17,14,1331,14.8,0,0,0,0,0,0,5,0,0.00,0.00,0.00,0.00,0.00,Matches,44781702
672,Keinan Davis,eng ENG,FW,Udinese,it Serie A,26,1998,23,10,1066,11.8,2,1,3,2,0,0,2,0,0.17,0.08,0.25,0.17,0.25,Matches,9deaf2c8
673,Leif Davis,eng ENG,DF,Ipswich Town,eng Premier League,24,1999,33,32,2743,30.5,1,2,3,1,0,0,5,1,0.03,0.07,0.10,0.03,0.10,Matches,8574c61f
674,Zuriko Davitashvili,ge GEO,FWMF,Saint-Étienne,fr Ligue 1,23,2001,33,32,2778,30.9,9,8,17,7,2,2,3,0,0.29,0.26,0.55,0.23,0.49,Matches,88b4d2e3
675,Paweł Dawidowicz,pl POL,DFMF,Hellas Verona,it Serie A,29,1995,26,24,1845,20.5,0,0,0,0,0,0,7,1,0.00,0.00,0.00,0.00,0.00,Matches,16bb656a
676,Craig Dawson,eng ENG,DF,Wolves,eng Premier League,34,1990,15,10,971,10.8,0,0,0,0,0,0,2,0,0.00,0.00,0.00,0.00,0.00,Matches,3e9e06cb
677,Kevin De Bruyne,be BEL,MFFW,Manchester City,eng Premier League,33,1991,28,19,1702,18.9,4,7,11,4,0,0,2,0,0.21,0.37,0.58,0.21,0.58,Matches,e46012d4
678,Bobby De Cordova-Reid,jm JAM,MFFW,Leicester City,eng Premier League,31,1993,23,9,744,8.3,1,2,3,1,0,0,2,0,0.12,0.24,0.36,0.12,0.36,Matches,0f7533cd
679,Charles De Ketelaere,be BEL,MFFW,Atalanta,it Serie A,23,2001,36,25,2070,23.0,7,7,14,7,0,0,1,0,0.30,0.30,0.61,0.30,0.61,Matches,2ef7c612
680,Rodrigo De Paul,ar ARG,MF,Atlético Madrid,es La Liga,30,1994,34,23,2106,23.4,3,5,8,3,0,0,7,0,0.13,0.21,0.34,0.13,0.34,Matches,162efffd
681,Théo De Percin,mq MTQ,GK,Auxerre,fr Ligue 1,23,2001,2,2,180,2.0,0,0,0,0,0,0,0,0,0.00,0.00,0.00,0.00,0.00,Matches,afbb55d2
682,Mattia De Sciglio,it ITA,DF,Empoli,it Serie A,31,1992,16,7,769,8.5,1,0,1,1,0,0,0,0,0.12,0.00,0.12,0.12,0.12,Matches,ae4e2852
683,Lorenzo De Silvestri,it ITA,DF,Bologna,it Serie A,36,1988,18,13,1060,11.8,1,0,1,1,0,0,1,0,0.08,0.00,0.08,0.08,0.08,Matches,e74f0e59
684,Thibault De Smet,be BEL,DF,Reims,fr Ligue 1,26,1998,5,2,192,2.1,0,0,0,0,0,0,0,0,0.00,0.00,0.00,0.00,0.00,Matches,5fdcb075
685,Koni De Winter,be BEL,DF,Genoa,it Serie A,22,2002,25,23,2135,23.7,3,0,3,3,0,0,6,0,0.13,0.00,0.13,0.13,0.13,Matches,f4797849
686,Amar Dedić,ba BIH,MF,Marseille,fr Ligue 1,21,2002,10,2,314,3.5,0,1,1,0,0,0,1,0,0.00,0.29,0.29,0.00,0.29,Matches,bc6e544a
687,Alessandro Deiola,it ITA,MF,Cagliari,it Serie A,28,1995,29,16,1432,15.9,2,1,3,2,0,0,6,0,0.13,0.06,0.19,0.13,0.19,Matches,7f267d66
688,Romain Del Castillo,fr FRA,FWMF,Brest,fr Ligue 1,28,1996,26,14,1259,14.0,6,4,10,3,3,4,0,0,0.43,0.29,0.71,0.21,0.50,Matches,0be95d34
689,Thomas Delaine,fr FRA,DFMF,Strasbourg,fr Ligue 1,32,1992,2,0,9,0.1,0,0,0,0,0,0,0,0,0.00,0.00,0.00,0.00,0.00,Matches,8332db56
690,Liam Delap,eng ENG,FW,Ipswich Town,eng Premier League,21,2003,37,32,2593,28.8,12,2,14,10,2,2,12,0,0.42,0.07,0.49,0.35,0.42,Matches,dd897ee7
691,Fisayo Dele-Bashiru,ng NGA,MF,Lazio,it Serie A,23,2001,20,12,947,10.5,3,1,4,3,0,0,0,0,0.29,0.10,0.38,0.29,0.38,Matches,121a4fb8
692,Andy Delort,dz ALG,FW,Montpellier,fr Ligue 1,32,1991,9,8,607,6.7,0,0,0,0,0,0,1,0,0.00,0.00,0.00,0.00,0.00,Matches,d33c706e
693,Enrico Delprato,it ITA,DFMF,Parma,it Serie A,24,1999,34,32,2947,32.7,4,0,4,4,0,0,8,0,0.12,0.00,0.12,0.12,0.12,Matches,4c6f9258
694,Olivier Deman,be BEL,DFFW,Werder Bremen,de Bundesliga,24,2000,9,0,67,0.7,0,0,0,0,0,0,1,0,0.00,0.00,0.00,0.00,0.00,Matches,13210854
695,Ali Dembélé,fr FRA,DF,Torino,it Serie A,20,2004,15,4,388,4.3,1,0,1,1,0,0,4,1,0.23,0.00,0.23,0.23,0.23,Matches,eb3df7d9
696,Ousmane Dembélé,fr FRA,FW,Paris SG,fr Ligue 1,27,1997,29,20,1730,19.2,21,6,27,20,1,1,1,0,1.09,0.31,1.40,1.04,1.35,Matches,b19db005
697,Ermedin Demirović,ba BIH,FW,Stuttgart,de Bundesliga,26,1998,34,20,1855,20.6,15,1,16,15,0,2,2,0,0.73,0.05,0.78,0.73,0.78,Matches,ed79b7d3
698,Sepp van den Berg,nl NED,DF,Brentford,eng Premier League,22,2001,31,29,2586,28.7,0,0,0,0,0,0,3,0,0.00,0.00,0.00,0.00,0.00,Matches,7bf9400b
699,Rémy Descamps,fr FRA,GK,Lyon,fr Ligue 1,28,1996,1,1,90,1.0,0,0,0,0,0,0,0,0,0.00,0.00,0.00,0.00,0.00,Matches,477e50ce
700,Arthur Desmas,fr FRA,GK,Le Havre,fr Ligue 1,30,1994,18,18,1620,18.0,0,0,0,0,0,0,2,0,0.00,0.00,0.00,0.00,0.00,Matches,e8c5dd4d
701,Justin Devenny,nir NIR,MF,Crystal Palace,eng Premier League,20,2003,23,4,507,5.6,1,1,2,1,0,0,1,0,0.18,0.18,0.36,0.18,0.36,Matches,6c2b66fc
702,Kiernan Dewsbury-Hall,eng ENG,MF,Chelsea,eng Premier League,25,1998,13,2,264,2.9,0,1,1,0,0,0,0,0,0.00,0.34,0.34,0.00,0.34,Matches,5c74c0f5
703,Michele Di Gregorio,it ITA,GK,Juventus,it Serie A,27,1997,33,33,2970,33.0,0,0,0,0,0,0,0,0,0.00,0.00,0.00,0.00,0.00,Matches,4e0c8d66
704,Giovanni Di Lorenzo,it ITA,DF,Napoli,it Serie A,30,1993,37,37,3330,37.0,3,2,5,3,0,0,6,0,0.08,0.05,0.14,0.08,0.14,Matches,230a2fac
705,Boulaye Dia,sn SEN,MFFW,Lazio,it Serie A,27,1996,35,27,2177,24.2,9,3,12,9,0,0,2,0,0.37,0.12,0.50,0.37,0.50,Matches,244bc2c8
706,Mouctar Diakhaby,gn GUI,DF,Valencia,es La Liga,27,1996,13,7,653,7.3,2,0,2,2,0,0,0,0,0.28,0.00,0.28,0.28,0.28,Matches,d2110326
707,Mamadou Diakhon,sn SEN,MFFW,Reims,fr Ligue 1,18,2005,28,5,858,9.5,2,1,3,2,0,0,2,0,0.21,0.10,0.31,0.21,0.31,Matches,331c5a98
708,Bafodé Diakité,fr FRA,DF,Lille,fr Ligue 1,23,2001,31,31,2766,30.7,4,1,5,4,0,0,8,1,0.13,0.03,0.16,0.13,0.16,Matches,1bfb6fef
709,Oumar Diakité,ci CIV,FW,Reims,fr Ligue 1,20,2003,26,20,1628,18.1,4,1,5,4,0,1,6,0,0.22,0.06,0.28,0.22,0.28,Matches,44435c8f
710,Amad Diallo,ci CIV,MFFW,Manchester Utd,eng Premier League,22,2002,26,20,1901,21.1,8,6,14,8,0,0,5,0,0.38,0.28,0.66,0.38,0.66,Matches,9dc96f10
711,Assane Diao,sn SEN,MFFW,Como,it Serie A,18,2005,15,14,1252,13.9,8,1,9,8,0,0,2,0,0.58,0.07,0.65,0.58,0.65,Matches,8ae7d0ec
712,Assane Diao,sn SEN,FW,Real Betis,es La Liga,18,2005,10,2,277,3.1,1,2,3,1,0,0,0,0,0.32,0.65,0.97,0.32,0.97,Matches,8ae7d0ec
713,Habib Diarra,sn SEN,MFFW,Strasbourg,fr Ligue 1,20,2004,30,27,2352,26.1,4,5,9,2,2,2,6,0,0.15,0.19,0.34,0.08,0.27,Matches,6d0fe035
714,Moussa Diarra,ml MLI,DF,Alavés,es La Liga,23,2000,26,20,1866,20.7,0,0,0,0,0,0,6,0,0.00,0.00,0.00,0.00,0.00,Matches,698f11e3
715,Rúben Dias,pt POR,DFMF,Manchester City,eng Premier League,27,1997,27,25,2271,25.2,0,0,0,0,0,0,4,0,0.00,0.00,0.00,0.00,0.00,Matches,31c69ef1
716,Krépin Diatta,sn SEN,DFMF,Monaco,fr Ligue 1,25,1999,19,3,508,5.6,0,0,0,0,0,0,3,0,0.00,0.00,0.00,0.00,0.00,Matches,8104e41e
717,Kandet Diawara,gn GUI,MF,Le Havre,fr Ligue 1,24,2000,1,0,4,0.0,0,0,0,0,0,0,0,0,0.00,0.00,0.00,0.00,0.00,Matches,1f038218
718,Mahamadou Diawara,fr FRA,MF,Le Havre,fr Ligue 1,19,2005,15,6,582,6.5,0,1,1,0,0,0,0,0,0.00,0.15,0.15,0.00,0.15,Matches,1906b842
719,Mahamadou Diawara,fr FRA,MF,Lyon,fr Ligue 1,19,2005,2,0,16,0.2,0,0,0,0,0,0,0,0,0.00,0.00,0.00,0.00,0.00,Matches,1906b842
720,Brahim Díaz,ma MAR,MFFW,Real Madrid,es La Liga,24,1999,31,16,1385,15.4,4,2,6,4,0,0,0,0,0.26,0.13,0.39,0.26,0.39,Matches,407feb71
721,Daniel Díaz,es ESP,FW,Real Sociedad,es La Liga,18,2006,1,0,10,0.1,0,0,0,0,0,0,0,0,0.00,0.00,0.00,0.00,0.00,Matches,423680ee
722,Luis Díaz,co COL,FWMF,Liverpool,eng Premier League,27,1997,36,28,2399,26.7,13,5,18,13,0,0,2,0,0.49,0.19,0.68,0.49,0.68,Matches,4a1a9578
723,Pedro Díaz,es ESP,MF,Rayo Vallecano,es La Liga,26,1998,26,12,1211,13.5,3,0,3,3,0,1,2,0,0.22,0.00,0.22,0.22,0.22,Matches,eea5130e
724,Tyler Dibling,eng ENG,MFFW,Southampton,eng Premier League,18,2006,33,20,1874,20.8,2,0,2,2,0,0,6,0,0.10,0.00,0.10,0.10,0.10,Matches,bdcc89ae
725,Diego,es ESP,FWMF,Leganés,es La Liga,24,2000,28,13,1195,13.3,3,0,3,3,0,0,2,0,0.23,0.00,0.23,0.23,0.23,Matches,b85a5126
726,Justin Diehl,de GER,MF,Stuttgart,de Bundesliga,19,2004,6,0,104,1.2,1,0,1,1,0,0,0,0,0.87,0.00,0.87,0.87,0.87,Matches,d82a310a
727,Bamba Dieng,sn SEN,FW,Angers,fr Ligue 1,24,2000,18,5,532,5.9,3,0,3,2,1,1,1,0,0.51,0.00,0.51,0.34,0.34,Matches,40774c6b
728,Eric Dier,eng ENG,DF,Bayern Munich,de Bundesliga,30,1994,21,16,1463,16.3,2,1,3,2,0,0,1,0,0.12,0.06,0.18,0.12,0.18,Matches,ac861941
729,Lucas Digne,fr FRA,DF,Aston Villa,eng Premier League,31,1993,32,28,2351,26.1,0,4,4,0,0,0,4,0,0.00,0.15,0.15,0.00,0.15,Matches,1b84dbe1
730,Kembo Diliwidi,fr FRA,FW,Lens,fr Ligue 1,18,2006,1,0,4,0.0,0,0,0,0,0,0,0,0,0.00,0.00,0.00,0.00,0.00,Matches,bd604262
731,Federico Dimarco,it ITA,MF,Inter,it Serie A,26,1997,33,29,2177,24.2,4,7,11,4,0,0,3,0,0.17,0.29,0.45,0.17,0.45,Matches,970b8574
732,Stole Dimitrievski,mk MKD,GK,Valencia,es La Liga,30,1993,4,4,360,4.0,0,0,0,0,0,0,1,0,0.00,0.00,0.00,0.00,0.00,Matches,fc70e345
733,Junior Dina Ebimbe,cm CMR,MF,Frankfurt,de Bundesliga,23,2000,7,3,293,3.3,0,1,1,0,0,0,0,0,0.00,0.31,0.31,0.00,0.31,Matches,95bb6ddc
734,Eren Dinkçi,de GER,MF,Freiburg,de Bundesliga,22,2001,23,13,1196,13.3,0,3,3,0,0,0,1,0,0.00,0.23,0.23,0.00,0.23,Matches,4ccd8957
735,Sinaly Diomande,ci CIV,DF,Auxerre,fr Ligue 1,23,2001,23,22,1945,21.6,3,2,5,3,0,0,6,0,0.14,0.09,0.23,0.14,0.23,Matches,6de23ab0
736,Yan Diomandé,ci CIV,MF,Leganés,es La Liga,17,2006,10,6,545,6.1,2,1,3,2,0,0,1,0,0.33,0.17,0.50,0.33,0.50,Matches,919f5f54
737,Lois Diony,fr FRA,FW,Angers,fr Ligue 1,31,1992,1,0,21,0.2,0,0,0,0,0,0,0,0,0.00,0.00,0.00,0.00,0.00,Matches,4be0b467
738,Issa Diop,ma MAR,DF,Fulham,eng Premier League,27,1997,21,15,1339,14.9,0,0,0,0,0,0,2,0,0.00,0.00,0.00,0.00,0.00,Matches,a712ca2b
739,Sérigné Diop,sn SEN,FW,Brest,fr Ligue 1,19,2005,2,0,4,0.0,0,0,0,0,0,0,0,0,0.00,0.00,0.00,0.00,0.00,Matches,21ab03c8
740,Sofiane Diop,ma MAR,MFFW,Nice,fr Ligue 1,24,2000,28,8,1064,11.8,6,4,10,6,0,0,3,0,0.51,0.34,0.85,0.51,0.85,Matches,19053e31
741,Andy Diouf,fr FRA,MF,Lens,fr Ligue 1,21,2003,34,27,2225,24.7,1,2,3,1,0,0,2,0,0.04,0.08,0.12,0.04,0.12,Matches,9b5237b1
742,Yehvann Diouf,sn SEN,GK,Reims,fr Ligue 1,24,1999,34,34,3060,34.0,0,0,0,0,0,0,1,0,0.00,0.00,0.00,0.00,0.00,Matches,eedea60b
743,Assane Dioussé,sn SEN,MF,Auxerre,fr Ligue 1,26,1997,17,7,663,7.4,0,0,0,0,0,0,1,0,0.00,0.00,0.00,0.00,0.00,Matches,7f622eef
744,Axel Disasi,fr FRA,DF,Aston Villa,eng Premier League,26,1998,7,5,490,5.4,0,0,0,0,0,0,2,0,0.00,0.00,0.00,0.00,0.00,Matches,ad82197c
745,Axel Disasi,fr FRA,DF,Chelsea,eng Premier League,26,1998,6,4,364,4.0,1,0,1,1,0,0,1,0,0.25,0.00,0.25,0.25,0.25,Matches,ad82197c
746,Roman Dixon,eng ENG,DF,Everton,eng Premier League,19,2004,1,1,90,1.0,0,0,0,0,0,0,0,0,0.00,0.00,0.00,0.00,0.00,Matches,6fba4dba
747,Álvaro djaló,gw GNB,MFFW,Athletic Club,es La Liga,24,1999,17,7,659,7.3,1,0,1,1,0,0,2,0,0.14,0.00,0.14,0.14,0.14,Matches,45c29ae7
748,Djené,tg TOG,DFMF,Getafe,es La Liga,32,1991,31,31,2548,28.3,0,0,0,0,0,0,10,1,0.00,0.00,0.00,0.00,0.00,Matches,a4971d84
749,Nasser Djiga,bf BFA,DF,Wolves,eng Premier League,21,2002,5,1,66,0.7,0,0,0,0,0,0,0,0,0.00,0.00,0.00,0.00,0.00,Matches,1a7a4d84
750,Berat Djimsiti,al ALB,DF,Atalanta,it Serie A,31,1993,34,32,2640,29.3,1,2,3,1,0,0,6,0,0.03,0.07,0.10,0.03,0.10,Matches,6eee05f1
751,Marko Dmitrović,rs SRB,GK,Leganés,es La Liga,32,1992,32,32,2880,32.0,0,0,0,0,0,0,0,0,0.00,0.00,0.00,0.00,0.00,Matches,ac295d9e
752,Ritsu Doan,jp JPN,MF,Freiburg,de Bundesliga,26,1998,34,33,2862,31.8,10,7,17,10,0,0,2,0,0.31,0.22,0.53,0.31,0.53,Matches,d01bbb6f
753,Dodô,br BRA,DFMF,Fiorentina,it Serie A,25,1998,35,35,3115,34.6,0,5,5,0,0,0,8,0,0.00,0.14,0.14,0.00,0.14,Matches,b5f7d10b
754,Danilho Doekhi,nl NED,DF,Union Berlin,de Bundesliga,26,1998,34,34,3060,34.0,1,1,2,1,0,0,4,0,0.03,0.03,0.06,0.03,0.06,Matches,f67c9d29
755,Matt Doherty,ie IRL,DFMF,Wolves,eng Premier League,32,1992,30,25,2109,23.4,2,1,3,2,0,0,6,0,0.09,0.04,0.13,0.09,0.13,Matches,d557d734
756,Jeremy Doku,be BEL,MFFW,Manchester City,eng Premier League,22,2002,29,16,1516,16.8,3,6,9,3,0,0,1,0,0.18,0.36,0.53,0.18,0.53,Matches,fffea3e5
757,Marc Domenech,es ESP,FWMF,Mallorca,es La Liga,18,2006,10,3,303,3.4,0,0,0,0,0,0,0,0,0.00,0.00,0.00,0.00,0.00,Matches,54880c9b
758,Álex Domínguez,es ESP,GK,Toulouse,fr Ligue 1,26,1998,1,0,19,0.2,0,0,0,0,0,0,0,0,0.00,0.00,0.00,0.00,0.00,Matches,f240be08
759,Benjamín Domínguez,ar ARG,MF,Bologna,it Serie A,20,2003,24,16,1281,14.2,3,2,5,3,0,0,0,0,0.21,0.14,0.35,0.21,0.35,Matches,a83b47fa
760,Carlos Dominguez,es ESP,DF,Celta Vigo,es La Liga,23,2001,19,13,1181,13.1,0,0,0,0,0,0,1,0,0.00,0.00,0.00,0.00,0.00,Matches,3521abfe
761,Israel Domínguez,es ESP,MF,Sevilla,es La Liga,21,2003,1,0,18,0.2,0,0,0,0,0,0,0,0,0.00,0.00,0.00,0.00,0.00,Matches,d2ba7592
762,Nicolás Domínguez,ar ARG,MF,Nottingham,eng Premier League,26,1998,34,23,1963,21.8,0,1,1,0,0,0,9,0,0.00,0.05,0.05,0.00,0.05,Matches,20b3a502
763,Sergi Dominguez,es ESP,DF,Barcelona,es La Liga,19,2005,3,2,172,1.9,0,0,0,0,0,0,1,0,0.00,0.00,0.00,0.00,0.00,Matches,88507352
764,Gianluigi Donnarumma,it ITA,GK,Paris SG,fr Ligue 1,25,1999,24,24,2091,23.2,0,0,0,0,0,0,2,0,0.00,0.00,0.00,0.00,0.00,Matches,08f5afaa
765,Patrick Dorgu,dk DEN,MF,Manchester Utd,eng Premier League,19,2004,12,10,842,9.4,0,0,0,0,0,0,3,1,0.00,0.00,0.00,0.00,0.00,Matches,e6536124
766,Patrick Dorgu,dk DEN,MFDF,Lecce,it Serie A,19,2004,21,21,1840,20.4,3,1,4,3,0,0,2,1,0.15,0.05,0.20,0.15,0.20,Matches,e6536124
767,Alfie Dorrington,eng ENG,DF,Tottenham,eng Premier League,19,2005,1,0,14,0.2,0,0,0,0,0,0,0,0,0.00,0.00,0.00,0.00,0.00,Matches,ac1ef440
768,Niklas Dorsch,de GER,MF,Augsburg,de Bundesliga,26,1998,1,0,32,0.4,0,0,0,0,0,0,0,0,0.00,0.00,0.00,0.00,0.00,Matches,7f73bdf4
769,Niklas Dorsch,de GER,MF,Heidenheim,de Bundesliga,26,1998,22,19,1335,14.8,2,2,4,2,0,0,5,1,0.13,0.13,0.27,0.13,0.27,Matches,7f73bdf4
770,Alberto Dossena,it ITA,DF,Como,it Serie A,25,1998,23,20,1825,20.3,0,2,2,0,0,0,1,1,0.00,0.10,0.10,0.00,0.10,Matches,61efb926
771,Abdoulaye Doucouré,ml MLI,MF,Everton,eng Premier League,31,1993,33,31,2564,28.5,3,2,5,3,0,0,5,1,0.11,0.07,0.18,0.11,0.18,Matches,02b29014
772,Cheick Doucouré,ml MLI,MF,Crystal Palace,eng Premier League,24,2000,13,4,452,5.0,0,0,0,0,0,0,1,0,0.00,0.00,0.00,0.00,0.00,Matches,ce4f40c7
773,Sékou Doucoure,fr FRA,DF,Nantes,fr Ligue 1,19,2005,2,0,12,0.1,0,0,0,0,0,0,0,0,0.00,0.00,0.00,0.00,0.00,Matches,135ebd39
774,Désiré Doué,fr FRA,MFFW,Paris SG,fr Ligue 1,19,2005,31,18,1730,19.2,6,6,12,6,0,0,1,0,0.31,0.31,0.62,0.31,0.62,Matches,9e7483ff
775,Guéla Doué,ci CIV,DFMF,Strasbourg,fr Ligue 1,21,2002,32,30,2717,30.2,1,2,3,1,0,0,7,0,0.03,0.07,0.10,0.03,0.10,Matches,b4ef3fb5
776,Douglas,br BRA,MF,Nantes,fr Ligue 1,27,1997,28,28,2307,25.6,4,2,6,4,0,0,8,0,0.16,0.08,0.23,0.16,0.23,Matches,301c287b
777,Ismaël Doukouré,fr FRA,DFMF,Strasbourg,fr Ligue 1,21,2003,31,31,2639,29.3,1,1,2,1,0,0,7,0,0.03,0.03,0.07,0.03,0.07,Matches,0512a60a
778,Issa Doumbia,it ITA,MF,Venezia,it Serie A,20,2003,24,10,939,10.4,0,0,0,0,0,0,0,0,0.00,0.00,0.00,0.00,0.00,Matches,b74fc282
779,Kamory Doumbia,ml MLI,MFFW,Brest,fr Ligue 1,21,2003,30,13,1322,14.7,3,2,5,3,0,0,1,0,0.20,0.14,0.34,0.20,0.34,Matches,9226aa22
780,Amidou Doumbouya,fr FRA,MF,Nice,fr Ligue 1,16,2007,2,0,46,0.5,0,0,0,0,0,0,0,0,0.00,0.00,0.00,0.00,0.00,Matches,c4d2da61
781,Anastasios Douvikas,gr GRE,FW,Como,it Serie A,24,1999,13,6,580,6.4,2,2,4,2,0,0,1,0,0.31,0.31,0.62,0.31,0.62,Matches,853ca71c
782,Anastasios Douvikas,gr GRE,FW,Celta Vigo,es La Liga,24,1999,20,6,700,7.8,3,1,4,3,0,0,2,0,0.39,0.13,0.51,0.39,0.51,Matches,853ca71c
783,Artem Dovbyk,ua UKR,FW,Roma,it Serie A,27,1997,32,27,2418,26.9,12,2,14,10,2,2,0,0,0.45,0.07,0.52,0.37,0.45,Matches,5b847bb0
784,Flynn Downes,eng ENG,MF,Southampton,eng Premier League,25,1999,27,25,2151,23.9,1,0,1,1,0,0,12,0,0.04,0.00,0.04,0.04,0.04,Matches,69fdb896
785,Tommy Doyle,eng ENG,MF,Wolves,eng Premier League,22,2001,24,3,488,5.4,0,1,1,0,0,0,1,0,0.00,0.18,0.18,0.00,0.18,Matches,5526deb1
786,Radu Drăgușin,ro ROU,DF,Tottenham,eng Premier League,22,2002,16,14,1252,13.9,0,0,0,0,0,0,1,0,0.00,0.00,0.00,0.00,0.00,Matches,620922ed
787,Patrick Drewes,de GER,GK,Bochum,de Bundesliga,31,1993,21,21,1890,21.0,0,0,0,0,0,0,2,0,0.00,0.00,0.00,0.00,0.00,Matches,a8403737
788,Tim Drexler,de GER,DF,Hoffenheim,de Bundesliga,19,2005,8,5,357,4.0,0,0,0,0,0,0,2,0,0.00,0.00,0.00,0.00,0.00,Matches,0911b4fc
789,Domingos Duarte,pt POR,DF,Getafe,es La Liga,29,1995,22,21,1859,20.7,1,0,1,1,0,0,4,2,0.05,0.00,0.05,0.05,0.05,Matches,93090f69
790,Martin Dúbravka,sk SVK,GK,Newcastle,eng Premier League,35,1989,10,10,900,10.0,0,0,0,0,0,0,0,0,0.00,0.00,0.00,0.00,0.00,Matches,3a949a25
791,Marvin Ducksch,de GER,FW,Werder Bremen,de Bundesliga,30,1994,32,30,2418,26.9,8,8,16,7,1,2,3,0,0.30,0.30,0.60,0.26,0.56,Matches,638a4d71
792,Ondrej Duda,sk SVK,MF,Hellas Verona,it Serie A,29,1994,28,27,2395,26.6,1,3,4,1,0,0,12,1,0.04,0.11,0.15,0.04,0.15,Matches,79ca3e23
793,Duk,cv CPV,MF,Leganés,es La Liga,24,2000,10,1,179,2.0,0,0,0,0,0,0,1,0,0.00,0.00,0.00,0.00,0.00,Matches,777c02e8
794,Denzel Dumfries,nl NED,MF,Inter,it Serie A,28,1996,29,20,1955,21.7,7,2,9,7,0,0,4,0,0.32,0.09,0.41,0.32,0.41,Matches,481c9ece
795,Alfred Duncan,gh GHA,MF,Venezia,it Serie A,31,1993,16,12,957,10.6,0,0,0,0,0,0,2,0,0.00,0.00,0.00,0.00,0.00,Matches,528492ea
796,Lewis Dunk,eng ENG,DF,Brighton,eng Premier League,32,1991,25,23,2083,23.1,0,0,0,0,0,0,5,0,0.00,0.00,0.00,0.00,0.00,Matches,282f75f3
797,Jáder Durán,co COL,FW,Aston Villa,eng Premier League,20,2003,20,4,638,7.1,7,0,7,7,0,0,3,1,0.99,0.00,0.99,0.99,0.99,Matches,414184f7
798,Pablo Durán,es ESP,FWMF,Celta Vigo,es La Liga,23,2001,27,15,1394,15.5,4,4,8,4,0,0,3,0,0.26,0.26,0.52,0.26,0.52,Matches,6db116ec
799,Julien Duranville,be BEL,MF,Dortmund,de Bundesliga,18,2006,12,2,283,3.1,0,0,0,0,0,0,3,0,0.00,0.00,0.00,0.00,0.00,Matches,b06a7ae9
800,Hugo Duro,es ESP,FW,Valencia,es La Liga,24,1999,31,25,2166,24.1,11,2,13,10,1,1,5,0,0.46,0.08,0.54,0.42,0.50,Matches,37e103f8
801,Jean-Kevin Duverne,ht HAI,DF,Nantes,fr Ligue 1,27,1997,9,7,537,6.0,0,0,0,0,0,0,2,0,0.00,0.00,0.00,0.00,0.00,Matches,0cbc8baa
802,Paulo Dybala,ar ARG,FWMF,Roma,it Serie A,30,1993,24,16,1417,15.7,6,3,9,3,3,3,2,0,0.38,0.19,0.57,0.19,0.38,Matches,e0921a4f
803,Stefan Džodić,rs SRB,DF,Montpellier,fr Ligue 1,19,2005,7,2,242,2.7,0,0,0,0,0,0,2,1,0.00,0.00,0.00,0.00,0.00,Matches,38ef169e
804,Adam Dźwigała,pl POL,DF,St Pauli,de Bundesliga,28,1995,16,2,373,4.1,0,0,0,0,0,0,2,1,0.00,0.00,0.00,0.00,0.00,Matches,75edc8ce
805,Aron Dønnum,no NOR,MF,Toulouse,fr Ligue 1,26,1998,32,31,2689,29.9,3,2,5,3,0,0,6,0,0.10,0.07,0.17,0.10,0.17,Matches,10cff752
806,Enzo Ebosse,cm CMR,DF,Udinese,it Serie A,25,1999,2,0,90,1.0,0,0,0,0,0,0,1,0,0.00,0.00,0.00,0.00,0.00,Matches,9ba7b4fa
807,Tyronne Ebuehi,ng NGA,DF,Empoli,it Serie A,28,1995,4,0,74,0.8,0,0,0,0,0,0,0,0,0.00,0.00,0.00,0.00,0.00,Matches,6af30900
808,Claudio Echeverri,ar ARG,MF,Manchester City,eng Premier League,18,2006,1,0,6,0.1,0,0,0,0,0,0,0,0,0.00,0.00,0.00,0.00,0.00,Matches,49a605df
809,Noah Edjouma,fr FRA,MF,Toulouse,fr Ligue 1,18,2005,10,1,171,1.9,2,0,2,2,0,0,0,1,1.05,0.00,1.05,1.05,1.05,Matches,92976f0d
810,George Edmundson,eng ENG,DF,Ipswich Town,eng Premier League,26,1997,1,0,2,0.0,0,0,0,0,0,0,0,0,0.00,0.00,0.00,0.00,0.00,Matches,46ff3923
811,Odsonne Édouard,fr FRA,MF,Crystal Palace,eng Premier League,26,1998,2,1,115,1.3,0,0,0,0,0,0,0,0,0.00,0.00,0.00,0.00,0.00,Matches,0562b7f1
812,Odsonne Édouard,fr FRA,FW,Leicester City,eng Premier League,26,1998,4,0,29,0.3,0,0,0,0,0,0,0,0,0.00,0.00,0.00,0.00,0.00,Matches,0562b7f1
813,Samuel Edozie,eng ENG,FWMF,Southampton,eng Premier League,21,2003,2,0,65,0.7,0,0,0,0,0,0,1,0,0.00,0.00,0.00,0.00,0.00,Matches,007414dd
814,Ronnie Edwards,eng ENG,DF,Southampton,eng Premier League,21,2003,1,0,12,0.1,0,0,0,0,0,0,0,0,0.00,0.00,0.00,0.00,0.00,Matches,be90c4b0
815,Johannes Eggestein,de GER,FW,St Pauli,de Bundesliga,26,1998,27,22,1853,20.6,3,4,7,2,1,2,3,0,0.15,0.19,0.34,0.10,0.29,Matches,d571df78
816,Maximilian Eggestein,de GER,MF,Freiburg,de Bundesliga,27,1996,33,33,2845,31.6,2,0,2,2,0,0,4,0,0.06,0.00,0.06,0.06,0.06,Matches,beb882a8
817,Kingsley Ehizibue,nl NED,MFDF,Udinese,it Serie A,29,1995,33,30,2498,27.8,0,1,1,0,0,0,5,0,0.00,0.04,0.04,0.00,0.04,Matches,76b2817e
818,Chidera Ejuke,ng NGA,MFFW,Sevilla,es La Liga,26,1998,25,9,966,10.7,2,1,3,2,0,0,0,0,0.19,0.09,0.28,0.19,0.28,Matches,e7f3e8a7
819,Jeff Ekhator,it ITA,FWMF,Genoa,it Serie A,17,2006,24,6,769,8.5,1,1,2,1,0,0,1,0,0.12,0.12,0.23,0.12,0.23,Matches,faf739d2
820,Hugo Ekitike,fr FRA,FW,Frankfurt,de Bundesliga,22,2002,33,31,2563,28.5,15,8,23,14,1,3,1,0,0.53,0.28,0.81,0.49,0.77,Matches,5b92d896
821,Jurgen Ekkelenkamp,nl NED,MF,Udinese,it Serie A,24,2000,34,20,1892,21.0,3,2,5,3,0,0,2,0,0.14,0.10,0.24,0.14,0.24,Matches,73d6a176
822,Jacques Ekomie,ga GAB,DFMF,Angers,fr Ligue 1,20,2003,18,7,697,7.7,0,0,0,0,0,0,1,0,0.00,0.00,0.00,0.00,0.00,Matches,8d5016e6
823,Emmanuel Ekong,se SWE,FW,Empoli,it Serie A,22,2002,15,0,186,2.1,0,0,0,0,0,0,1,0,0.00,0.00,0.00,0.00,0.00,Matches,c20892ee
824,Caleb Ekuban,gh GHA,FW,Genoa,it Serie A,30,1994,18,3,555,6.2,1,3,4,1,0,0,1,0,0.16,0.49,0.65,0.16,0.65,Matches,7afbd2c3
825,Pierre Ekwah Elimby,fr FRA,MF,Saint-Étienne,fr Ligue 1,22,2002,29,29,2575,28.6,1,0,1,1,0,0,3,0,0.03,0.00,0.03,0.03,0.03,Matches,830371be
826,Anthony Elanga,se SWE,MFFW,Nottingham,eng Premier League,22,2002,38,31,2501,27.8,6,11,17,6,0,0,1,0,0.22,0.40,0.61,0.22,0.61,Matches,2fba6108
827,Meschak Elia,cd COD,FW,Nantes,fr Ligue 1,26,1997,8,1,170,1.9,1,0,1,1,0,0,0,0,0.53,0.00,0.53,0.53,0.53,Matches,5d51b074
828,Mikael Ellertsson,is ISL,MF,Venezia,it Serie A,22,2002,36,29,2470,27.4,2,2,4,2,0,0,2,0,0.07,0.07,0.15,0.07,0.15,Matches,c55967eb
829,Harvey Elliott,eng ENG,MF,Liverpool,eng Premier League,21,2003,18,2,371,4.1,1,2,3,1,0,0,1,0,0.24,0.49,0.73,0.24,0.73,Matches,b9e1436c
830,Elif Elmas,mk MKD,MFFW,Torino,it Serie A,24,1999,13,12,1021,11.3,4,0,4,4,0,0,0,0,0.35,0.00,0.35,0.35,0.35,Matches,cf007308
831,Elif Elmas,mk MKD,FWMF,RB Leipzig,de Bundesliga,24,1999,2,0,44,0.5,0,0,0,0,0,0,1,0,0.00,0.00,0.00,0.00,0.00,Matches,cf007308
832,Aritz Elustondo,es ESP,DF,Real Sociedad,es La Liga,30,1994,22,16,1457,16.2,0,0,0,0,0,0,2,1,0.00,0.00,0.00,0.00,0.00,Matches,f7dc2ae5
833,Nico Elvedi,ch SUI,DF,Gladbach,de Bundesliga,27,1996,25,25,2135,23.7,1,1,2,1,0,0,1,0,0.04,0.04,0.08,0.04,0.08,Matches,48035304
834,Adri Embarba,es ESP,MFFW,Rayo Vallecano,es La Liga,32,1992,35,18,1607,17.9,1,1,2,1,0,0,4,0,0.06,0.06,0.11,0.06,0.11,Matches,db8f0eba
835,Breel Embolo,ch SUI,FWMF,Monaco,fr Ligue 1,27,1997,29,19,1841,20.5,6,4,10,6,0,0,5,0,0.29,0.20,0.49,0.29,0.49,Matches,0b4f388a
836,Emanuel Emegha,nl NED,FW,Strasbourg,fr Ligue 1,21,2003,27,27,2293,25.5,14,3,17,14,0,0,5,0,0.55,0.12,0.67,0.55,0.67,Matches,a0c590b9
837,Emerson,br BRA,DF,Milan,it Serie A,25,1999,17,16,1377,15.3,0,0,0,0,0,0,5,0,0.00,0.00,0.00,0.00,0.00,Matches,df8b52a5
838,Yunus Emre Konak,tr TUR,MF,Brentford,eng Premier League,18,2006,10,0,42,0.5,0,0,0,0,0,0,0,0,0.00,0.00,0.00,0.00,0.00,Matches,e02b5b36
839,Julio Enciso,py PAR,MF,Ipswich Town,eng Premier League,20,2004,13,12,869,9.7,2,3,5,2,0,0,3,0,0.21,0.31,0.52,0.21,0.52,Matches,9cfbad36
840,Julio Enciso,py PAR,MF,Brighton,eng Premier League,20,2004,12,2,294,3.3,0,0,0,0,0,0,0,0,0.00,0.00,0.00,0.00,0.00,Matches,9cfbad36
841,Wataru Endo,jp JPN,MF,Liverpool,eng Premier League,31,1993,20,1,273,3.0,0,0,0,0,0,0,0,0,0.00,0.00,0.00,0.00,0.00,Matches,c149016b
842,Endrick,br BRA,FW,Real Madrid,es La Liga,18,2006,22,3,363,4.0,1,0,1,1,0,0,1,0,0.25,0.00,0.25,0.25,0.25,Matches,a2728fbf
843,Yannik Engelhardt,de GER,MFDF,Como,it Serie A,23,2001,26,11,1164,12.9,1,1,2,1,0,0,4,0,0.08,0.08,0.15,0.08,0.15,Matches,fac66db3
844,Arne Engels,be BEL,FW,Augsburg,de Bundesliga,20,2003,1,1,79,0.9,0,0,0,0,0,0,1,0,0.00,0.00,0.00,0.00,0.00,Matches,554bcc91
845,Christian Eriksen,dk DEN,MF,Manchester Utd,eng Premier League,32,1992,23,11,1061,11.8,1,2,3,0,1,1,4,0,0.08,0.17,0.25,0.00,0.17,Matches,980522ec
846,Martin Erlić,hr CRO,DF,Bologna,it Serie A,26,1998,8,5,334,3.7,0,0,0,0,0,0,0,0,0.00,0.00,0.00,0.00,0.00,Matches,0fee6bda
847,Patrick Erras,de GER,DF,Holstein Kiel,de Bundesliga,29,1995,10,10,832,9.2,1,0,1,1,0,0,2,0,0.11,0.00,0.11,0.11,0.11,Matches,e3f6253d
848,Alfonso Espino,uy URU,DF,Rayo Vallecano,es La Liga,32,1992,16,9,833,9.3,0,1,1,0,0,0,4,0,0.00,0.11,0.11,0.00,0.11,Matches,db001fa9
849,Sebastiano Esposito,it ITA,FWMF,Empoli,it Serie A,22,2002,33,27,2331,25.9,8,0,8,7,1,2,1,0,0.31,0.00,0.31,0.27,0.27,Matches,7ff93107
850,Romain Esse,eng ENG,MF,Crystal Palace,eng Premier League,19,2005,7,1,138,1.5,1,1,2,1,0,0,0,0,0.65,0.65,1.30,0.65,1.30,Matches,87189f25
851,Samuel Essende,cd COD,FW,Augsburg,de Bundesliga,26,1998,30,21,1636,18.2,7,2,9,7,0,0,4,2,0.39,0.11,0.50,0.39,0.50,Matches,821550ce
852,Dario Essugo,pt POR,MF,Las Palmas,es La Liga,19,2005,27,25,1938,21.5,1,0,1,1,0,0,11,2,0.05,0.00,0.05,0.05,0.05,Matches,1e4319ac
853,Estanis,es ESP,FW,Bologna,it Serie A,20,2003,1,0,9,0.1,0,0,0,0,0,0,0,0,0.00,0.00,0.00,0.00,0.00,Matches,ace50e9f
854,Nahuel Estévez,ar ARG,MF,Parma,it Serie A,28,1995,14,7,657,7.3,0,0,0,0,0,0,3,0,0.00,0.00,0.00,0.00,0.00,Matches,cec60a2f
855,Pervis Estupiñán,ec ECU,DF,Brighton,eng Premier League,26,1998,30,26,2402,26.7,1,1,2,1,0,0,5,0,0.04,0.04,0.07,0.04,0.07,Matches,d38fdf53
856,Etienne Eto'o,cm CMR,FW,Rayo Vallecano,es La Liga,21,2002,2,0,40,0.4,0,0,0,0,0,0,0,0,0.00,0.00,0.00,0.00,0.00,Matches,7ecd41a2
857,Karl Etta Eyong,cm CMR,FW,Villarreal,es La Liga,20,2003,4,0,37,0.4,1,0,1,1,0,0,0,0,2.43,0.00,2.43,2.43,2.43,Matches,f0f499ea
858,Evanilson,br BRA,FW,Bournemouth,eng Premier League,24,1999,31,28,2319,25.8,10,1,11,10,0,1,1,1,0.39,0.04,0.43,0.39,0.43,Matches,6f3cc2fe
859,Jake Evans,eng ENG,MF,Leicester City,eng Premier League,15,2008,4,0,24,0.3,0,0,0,0,0,0,0,0,0.00,0.00,0.00,0.00,0.00,Matches,cb7bcef0
860,Jonny Evans,nir NIR,DF,Manchester Utd,eng Premier League,36,1988,7,3,315,3.5,0,0,0,0,0,0,1,0,0.00,0.00,0.00,0.00,0.00,Matches,f8fcd2a5
861,Edu Expósito,es ESP,MF,Espanyol,es La Liga,27,1996,19,12,1045,11.6,0,2,2,0,0,0,3,0,0.00,0.17,0.17,0.00,0.17,Matches,283c7121
862,Eberechi Eze,eng ENG,MF,Crystal Palace,eng Premier League,26,1998,34,31,2588,28.8,8,8,16,7,1,2,1,0,0.28,0.28,0.56,0.24,0.52,Matches,ae4fc6a4
863,Abde Ezzalzouli,ma MAR,MF,Real Betis,es La Liga,22,2001,32,23,1984,22.0,2,2,4,2,0,1,2,0,0.09,0.09,0.18,0.09,0.18,Matches,bed68338
864,Giovanni Fabbian,it ITA,MF,Bologna,it Serie A,21,2003,30,9,1023,11.4,3,1,4,3,0,0,2,0,0.26,0.09,0.35,0.26,0.35,Matches,f97f9188
865,Łukasz Fabiański,pl POL,GK,West Ham,eng Premier League,39,1985,14,13,1160,12.9,0,0,0,0,0,0,2,0,0.00,0.00,0.00,0.00,0.00,Matches,9328b835
866,Alieu Fadera,gm GAM,MF,Como,it Serie A,22,2001,28,20,1644,18.3,1,3,4,1,0,0,2,1,0.05,0.16,0.22,0.05,0.22,Matches,53210e42
867,Wout Faes,be BEL,DF,Leicester City,eng Premier League,26,1998,34,30,2815,31.3,1,0,1,1,0,0,4,0,0.03,0.00,0.03,0.03,0.03,Matches,9c221d14
868,Nicolò Fagioli,it ITA,MF,Fiorentina,it Serie A,23,2001,15,10,962,10.7,1,2,3,1,0,0,0,0,0.09,0.19,0.28,0.09,0.28,Matches,366be751
869,Nicolò Fagioli,it ITA,MF,Juventus,it Serie A,23,2001,17,5,571,6.3,0,0,0,0,0,0,4,0,0.00,0.00,0.00,0.00,0.00,Matches,366be751
870,Romain Faivre,fr FRA,MFFW,Brest,fr Ligue 1,26,1998,20,10,899,10.0,3,2,5,2,1,1,2,0,0.30,0.20,0.50,0.20,0.40,Matches,745ca0a3
871,Wladimiro Falcone,it ITA,GK,Lecce,it Serie A,29,1995,38,38,3420,38.0,0,0,0,0,0,0,2,0,0.00,0.00,0.00,0.00,0.00,Matches,9f5a610b
872,Davide Faraoni,it ITA,MFDF,Hellas Verona,it Serie A,32,1991,8,3,260,2.9,0,0,0,0,0,0,1,0,0.00,0.00,0.00,0.00,0.00,Matches,aae9d04a
873,Abdul Fatawu Issahaku,gh GHA,MFFW,Leicester City,eng Premier League,20,2004,11,6,579,6.4,0,2,2,0,0,0,0,0,0.00,0.31,0.31,0.00,0.31,Matches,bceda5ff
874,Ansu Fati,es ESP,MF,Barcelona,es La Liga,21,2002,6,3,233,2.6,0,0,0,0,0,0,1,0,0.00,0.00,0.00,0.00,0.00,Matches,0ba976e4
875,Khalil Fayad,fr FRA,MFFW,Montpellier,fr Ligue 1,20,2004,20,10,1028,11.4,0,0,0,0,0,0,5,0,0.00,0.00,0.00,0.00,0.00,Matches,faf00ab8
876,Jacopo Fazzini,it ITA,MF,Empoli,it Serie A,21,2003,20,16,1383,15.4,4,1,5,4,0,0,1,1,0.26,0.07,0.33,0.26,0.33,Matches,06b08c45
877,Nabil Fekir,fr FRA,MF,Real Betis,es La Liga,31,1993,2,2,180,2.0,0,1,1,0,0,0,0,0,0.00,0.50,0.50,0.00,0.50,Matches,bece776f
878,Mattia Felici,it ITA,MF,Cagliari,it Serie A,23,2001,20,9,925,10.3,0,3,3,0,0,0,1,0,0.00,0.29,0.29,0.00,0.29,Matches,38aa2612
879,Luiz Felipe,it ITA,DF,Marseille,fr Ligue 1,27,1997,4,2,122,1.4,0,0,0,0,0,0,1,0,0.00,0.00,0.00,0.00,0.00,Matches,15d0c248
880,João Félix,pt POR,MF,Chelsea,eng Premier League,24,1999,12,3,369,4.1,1,1,2,1,0,0,2,0,0.24,0.24,0.49,0.24,0.49,Matches,8aafd64f
881,João Félix,pt POR,MF,Milan,it Serie A,24,1999,15,8,760,8.4,2,0,2,2,0,0,3,0,0.24,0.00,0.24,0.24,0.24,Matches,8aafd64f
882,Frank Feller,de GER,GK,Heidenheim,de Bundesliga,20,2004,2,1,121,1.3,0,0,0,0,0,0,0,0,0.00,0.00,0.00,0.00,0.00,Matches,ccd0981f
883,Kiko Femenía,es ESP,DF,Villarreal,es La Liga,33,1991,28,27,2227,24.7,0,1,1,0,0,0,7,0,0.00,0.04,0.04,0.00,0.04,Matches,e5d01ecf
884,Evan Ferguson,ie IRL,FW,West Ham,eng Premier League,19,2004,8,1,156,1.7,0,0,0,0,0,0,0,0,0.00,0.00,0.00,0.00,0.00,Matches,4596da74
885,Evan Ferguson,ie IRL,FW,Brighton,eng Premier League,19,2004,13,2,246,2.7,1,0,1,1,0,0,0,0,0.37,0.00,0.37,0.37,0.37,Matches,4596da74
886,Lewis Ferguson,sct SCO,MF,Bologna,it Serie A,24,1999,16,10,983,10.9,1,1,2,0,1,1,0,0,0.09,0.09,0.18,0.00,0.09,Matches,ee64a822
887,Zinedine Ferhat,dz ALG,MF,Angers,fr Ligue 1,31,1993,24,8,849,9.4,2,0,2,2,0,0,1,0,0.21,0.00,0.21,0.21,0.21,Matches,005c0807
888,Bruno Fernandes,pt POR,MF,Manchester Utd,eng Premier League,29,1994,36,35,3018,33.5,8,10,18,5,3,3,5,2,0.24,0.30,0.54,0.15,0.45,Matches,507c7bdf
889,Edimilson Fernandes,ch SUI,MFDF,Brest,fr Ligue 1,28,1996,19,12,1105,12.3,0,1,1,0,0,0,1,0,0.00,0.08,0.08,0.00,0.08,Matches,3bb625ac
890,Mateus Fernandes,pt POR,MF,Southampton,eng Premier League,20,2004,36,34,2909,32.3,2,4,6,2,0,0,8,0,0.06,0.12,0.19,0.06,0.19,Matches,ef491564
891,Aitor Fernández,es ESP,GK,Osasuna,es La Liga,33,1991,1,1,90,1.0,0,0,0,0,0,0,0,0,0.00,0.00,0.00,0.00,0.00,Matches,a01c3d54
892,Álvaro Fernández,es ESP,GK,Sevilla,es La Liga,26,1998,9,8,747,8.3,0,0,0,0,0,0,2,0,0.00,0.00,0.00,0.00,0.00,Matches,f127d782
893,Enzo Fernández,ar ARG,MF,Chelsea,eng Premier League,23,2001,36,32,2947,32.7,6,7,13,6,0,0,8,0,0.18,0.21,0.40,0.18,0.40,Matches,5ff4ab71
894,Pelayo Fernandez,es ESP,DF,Rayo Vallecano,es La Liga,21,2003,2,1,98,1.1,0,0,0,0,0,0,1,0,0.00,0.00,0.00,0.00,0.00,Matches,ce46e850
895,Roberto Férnandez,es ESP,FW,Espanyol,es La Liga,22,2002,19,18,1497,16.6,6,0,6,6,0,0,1,0,0.36,0.00,0.36,0.36,0.36,Matches,c981fc98
896,Valery Fernández,es ESP,MF,Mallorca,es La Liga,24,1999,18,1,309,3.4,2,0,2,2,0,0,1,0,0.58,0.00,0.58,0.58,0.58,Matches,4acd733a
897,Matias Fernandez-Pardo,be BEL,MFFW,Lille,fr Ligue 1,19,2005,22,12,1065,11.8,4,2,6,4,0,0,4,0,0.34,0.17,0.51,0.34,0.51,Matches,0cdb6a2a
898,André Ferreira,pt POR,GK,Valladolid,es La Liga,28,1996,6,6,540,6.0,0,0,0,0,0,0,0,0,0.00,0.00,0.00,0.00,0.00,Matches,12c6cbef
899,Jordan Ferri,fr FRA,MF,Montpellier,fr Ligue 1,32,1992,25,21,1773,19.7,0,2,2,0,0,0,6,1,0.00,0.10,0.10,0.00,0.10,Matches,375622c5
900,Daniel Fila,cz CZE,FW,Venezia,it Serie A,21,2002,10,6,492,5.5,2,0,2,2,0,0,3,1,0.37,0.00,0.37,0.37,0.37,Matches,383a628e
901,Karol Fila,pl POL,DF,Strasbourg,fr Ligue 1,26,1998,1,0,5,0.1,0,0,0,0,0,0,1,0,0.00,0.00,0.00,0.00,0.00,Matches,50ac8941
902,Kilian Fischer,de GER,DF,Wolfsburg,de Bundesliga,23,2000,32,29,2297,25.5,1,0,1,1,0,0,7,0,0.04,0.00,0.04,0.04,0.04,Matches,79f7302a
903,Mark Flekken,nl NED,GK,Brentford,eng Premier League,31,1993,37,37,3275,36.4,0,2,2,0,0,0,1,0,0.00,0.05,0.05,0.00,0.05,Matches,a92ab7be
904,Alessandro Florenzi,it ITA,DFFW,Milan,it Serie A,33,1991,1,0,5,0.1,0,0,0,0,0,0,0,0,0.00,0.00,0.00,0.00,0.00,Matches,e288d4b3
905,Mateo Flores,es ESP,MF,Real Betis,es La Liga,20,2004,6,1,153,1.7,0,0,0,0,0,0,1,0,0.00,0.00,0.00,0.00,0.00,Matches,90dcf851
906,Phil Foden,eng ENG,MFFW,Manchester City,eng Premier League,24,2000,28,20,1777,19.7,7,2,9,7,0,0,2,0,0.35,0.10,0.46,0.35,0.46,Matches,ed1e53f3
907,Malick Fofana,be BEL,FWMF,Lyon,fr Ligue 1,19,2005,29,16,1589,17.7,5,4,9,5,0,0,2,0,0.28,0.23,0.51,0.28,0.51,Matches,8236f673
908,Rayan Fofana,ci CIV,MF,Lens,fr Ligue 1,18,2006,2,0,25,0.3,0,0,0,0,0,0,0,0,0.00,0.00,0.00,0.00,0.00,Matches,ad48a336
909,Seko Fofana,ci CIV,MF,Rennes,fr Ligue 1,29,1995,16,9,844,9.4,1,1,2,1,0,0,3,0,0.11,0.11,0.21,0.11,0.21,Matches,5313ed43
910,Wesley Fofana,fr FRA,DF,Chelsea,eng Premier League,23,2000,14,14,1172,13.0,0,0,0,0,0,0,7,0,0.00,0.00,0.00,0.00,0.00,Matches,132a82f1
911,Yahia Fofana,ci CIV,GK,Angers,fr Ligue 1,23,2000,33,33,2970,33.0,0,0,0,0,0,0,4,0,0.00,0.00,0.00,0.00,0.00,Matches,9d420dad
912,Youssouf Fofana,fr FRA,MF,Milan,it Serie A,25,1999,35,29,2504,27.8,1,6,7,1,0,0,5,0,0.04,0.22,0.25,0.04,0.25,Matches,822d51d7
913,Jonas Föhrenbach,de GER,DFMF,Heidenheim,de Bundesliga,28,1996,27,22,1832,20.4,0,1,1,0,0,0,3,0,0.00,0.05,0.05,0.00,0.05,Matches,1b4be8eb
914,Michael Folorunsho,it ITA,MF,Fiorentina,it Serie A,26,1998,14,6,650,7.2,0,0,0,0,0,0,5,0,0.00,0.00,0.00,0.00,0.00,Matches,c391a179
915,Michael Folorunsho,it ITA,FWMF,Napoli,it Serie A,26,1998,6,0,35,0.4,0,0,0,0,0,0,0,0,0.00,0.00,0.00,0.00,0.00,Matches,c391a179
916,Lamine Fomba,fr FRA,MF,Saint-Étienne,fr Ligue 1,26,1998,7,3,217,2.4,0,0,0,0,0,0,2,0,0.00,0.00,0.00,0.00,0.00,Matches,2145368f
917,Carlos Forbs,pt POR,MF,Wolves,eng Premier League,20,2004,10,1,239,2.7,0,0,0,0,0,0,2,0,0.00,0.00,0.00,0.00,0.00,Matches,8a310070
918,Pablo Fornals,es ESP,MF,Real Betis,es La Liga,28,1996,26,22,1827,20.3,2,0,2,2,0,0,2,0,0.10,0.00,0.10,0.10,0.10,Matches,82927de4
919,Omari Forson,eng ENG,FW,Monza,it Serie A,20,2004,9,1,223,2.5,0,0,0,0,0,0,0,0,0.00,0.00,0.00,0.00,0.00,Matches,1b9728b0
920,Fraser Forster,eng ENG,GK,Tottenham,eng Premier League,36,1988,7,7,630,7.0,0,0,0,0,0,0,0,0,0.00,0.00,0.00,0.00,0.00,Matches,c3e39f12
921,Héctor Fort,es ESP,DF,Barcelona,es La Liga,17,2006,17,5,585,6.5,0,0,0,0,0,0,2,0,0.00,0.00,0.00,0.00,0.00,Matches,2e31f3a6
922,Dimitri Foulquier,fr FRA,DF,Valencia,es La Liga,31,1993,32,25,2299,25.5,0,1,1,0,0,0,6,0,0.00,0.04,0.04,0.00,0.04,Matches,45e17712
923,Juan Foyth,ar ARG,DF,Villarreal,es La Liga,26,1998,19,17,1517,16.9,1,0,1,1,0,0,4,0,0.06,0.00,0.06,0.06,0.06,Matches,6c7762c3
924,Fran,es ESP,GK,Real Madrid,es La Liga,19,2005,1,1,90,1.0,0,0,0,0,0,0,0,0,0.00,0.00,0.00,0.00,0.00,Matches,5e550a91
925,Matheus França,br BRA,FW,Crystal Palace,eng Premier League,20,2004,4,0,55,0.6,1,0,1,1,0,0,0,0,1.64,0.00,1.64,1.64,1.64,Matches,077faf72
926,Alejandro Francés,es ESP,DF,Girona,es La Liga,21,2002,18,13,1173,13.0,0,0,0,0,0,0,2,0,0.00,0.00,0.00,0.00,0.00,Matches,3e78a188
927,Przemysław Frankowski,pl POL,MFDF,Lens,fr Ligue 1,29,1995,18,16,1387,15.4,4,2,6,2,2,2,3,0,0.26,0.13,0.39,0.13,0.26,Matches,00a8d210
928,Enric Franquesa,es ESP,MFDF,Leganés,es La Liga,27,1997,12,7,616,6.8,1,0,1,1,0,0,1,0,0.15,0.00,0.15,0.15,0.15,Matches,40883e3a
929,Ryan Fraser,sct SCO,MFDF,Southampton,eng Premier League,30,1994,8,4,306,3.4,0,0,0,0,0,0,0,1,0.00,0.00,0.00,0.00,0.00,Matches,d56543a0
930,Davide Frattesi,it ITA,MF,Inter,it Serie A,24,1999,28,9,1225,13.6,5,1,6,5,0,0,1,0,0.37,0.07,0.44,0.37,0.44,Matches,2a7d27c1
931,Tyler Fredricson,eng ENG,DF,Manchester Utd,eng Premier League,19,2005,2,2,165,1.8,0,0,0,0,0,0,0,0,0.00,0.00,0.00,0.00,0.00,Matches,58630379
932,Morten Frendrup,dk DEN,MF,Genoa,it Serie A,23,2001,35,35,3103,34.5,2,0,2,2,0,0,5,0,0.06,0.00,0.06,0.06,0.06,Matches,f4d60499
933,Martin Frese,dk DEN,DFMF,Hellas Verona,it Serie A,26,1998,11,5,549,6.1,0,0,0,0,0,0,0,0,0.00,0.00,0.00,0.00,0.00,Matches,b910e9c0
934,Remo Freuler,ch SUI,MF,Bologna,it Serie A,32,1992,37,37,3204,35.6,1,2,3,1,0,0,6,0,0.03,0.06,0.08,0.03,0.08,Matches,98d2c2c4
935,Marco Friedl,at AUT,DF,Werder Bremen,de Bundesliga,26,1998,26,25,2161,24.0,0,0,0,0,0,0,10,2,0.00,0.00,0.00,0.00,0.00,Matches,f86ad3f5
936,Marvin Friedrich,de GER,DF,Gladbach,de Bundesliga,28,1995,22,9,989,11.0,0,1,1,0,0,0,0,0,0.00,0.09,0.09,0.00,0.09,Matches,b77f44a4
937,Jeremie Frimpong,nl NED,MF,Leverkusen,de Bundesliga,23,2000,33,25,2314,25.7,5,5,10,5,0,0,4,0,0.19,0.19,0.39,0.19,0.39,Matches,74f2e748
938,Jorge de Frutos,es ESP,MFFW,Rayo Vallecano,es La Liga,27,1997,36,30,2495,27.7,6,3,9,6,0,0,3,1,0.22,0.11,0.32,0.22,0.32,Matches,38ce1150
939,Darío Fuentes,es ESP,DF,Sevilla,es La Liga,21,2003,1,0,5,0.1,0,0,0,0,0,0,1,0,0.00,0.00,0.00,0.00,0.00,Matches,893268ab
940,Chris Führich,de GER,MF,Stuttgart,de Bundesliga,26,1998,33,23,1981,22.0,2,3,5,2,0,0,1,0,0.09,0.14,0.23,0.09,0.23,Matches,0cf778df
941,Shiō Fukuda,jp JPN,FW,Gladbach,de Bundesliga,20,2004,6,0,60,0.7,1,0,1,1,0,0,0,0,1.50,0.00,1.50,1.50,1.50,Matches,056a8552
942,Angelo Fulgini,nc NCL,MF,Lens,fr Ligue 1,27,1996,23,11,1045,11.6,1,1,2,1,0,0,3,0,0.09,0.09,0.17,0.09,0.17,Matches,4b96c347
943,Niclas Füllkrug,de GER,FW,West Ham,eng Premier League,31,1993,18,6,790,8.8,3,2,5,3,0,0,2,0,0.34,0.23,0.57,0.34,0.57,Matches,4f16405e
944,Kyogo Furuhashi,jp JPN,FW,Rennes,fr Ligue 1,29,1995,6,1,123,1.4,0,0,0,0,0,0,0,0,0.00,0.00,0.00,0.00,0.00,Matches,fd4d5f81
945,Manuel Fuster,es ESP,MFFW,Las Palmas,es La Liga,26,1997,28,8,1003,11.1,2,1,3,2,0,0,2,0,0.18,0.09,0.27,0.18,0.27,Matches,618f396a
946,Matteo Gabbia,it ITA,DF,Milan,it Serie A,24,1999,26,24,2152,23.9,2,0,2,2,0,0,4,0,0.08,0.00,0.08,0.08,0.08,Matches,c235e803
947,Tommaso Gabellini,it ITA,FW,Torino,it Serie A,17,2006,1,0,10,0.1,0,0,0,0,0,0,0,0,0.00,0.00,0.00,0.00,0.00,Matches,2c105080
948,Tiago Gabriel,pt POR,DF,Lecce,it Serie A,19,2004,2,0,96,1.1,0,0,0,0,0,0,0,0,0.00,0.00,0.00,0.00,0.00,Matches,19452285
949,Alessandro Gabrielloni,it ITA,FW,Como,it Serie A,30,1994,15,0,142,1.6,1,1,2,1,0,0,1,0,0.63,0.63,1.27,0.63,1.27,Matches,181cb492
950,Gianluca Gaetano,it ITA,MFFW,Cagliari,it Serie A,24,2000,28,8,1009,11.2,2,4,6,2,0,0,0,0,0.18,0.36,0.54,0.18,0.54,Matches,3b387cc7
951,Roberto Gagliardini,it ITA,MF,Monza,it Serie A,30,1994,8,0,180,2.0,0,0,0,0,0,0,1,0,0.00,0.00,0.00,0.00,0.00,Matches,ce30bfc8
952,Cody Gakpo,nl NED,MF,Liverpool,eng Premier League,25,1999,35,23,1935,21.5,10,4,14,10,0,0,5,0,0.47,0.19,0.65,0.47,0.65,Matches,1971591f
953,Javi Galán,es ESP,DF,Atlético Madrid,es La Liga,29,1994,25,21,1784,19.8,0,3,3,0,0,0,8,0,0.00,0.15,0.15,0.00,0.15,Matches,a4b00319
954,Iñigo Ruiz de Galarreta,es ESP,MF,Athletic Club,es La Liga,30,1993,26,18,1477,16.4,0,4,4,0,0,0,5,0,0.00,0.24,0.24,0.00,0.24,Matches,91f7631f
955,Conor Gallagher,eng ENG,MF,Atlético Madrid,es La Liga,24,2000,32,19,1633,18.1,3,3,6,3,0,0,2,0,0.17,0.17,0.33,0.17,0.33,Matches,c2731c10
956,Antonino Gallo,it ITA,DF,Lecce,it Serie A,24,2000,31,31,2609,29.0,0,2,2,0,0,0,3,1,0.00,0.07,0.07,0.00,0.07,Matches,c74d63ac
957,Gauthier Gallon,fr FRA,GK,Rennes,fr Ligue 1,31,1993,1,0,45,0.5,0,0,0,0,0,0,0,0,0.00,0.00,0.00,0.00,0.00,Matches,db3164e1
958,Cristian Gamboa,cr CRC,MF,Bochum,de Bundesliga,34,1989,12,1,226,2.5,1,0,1,1,0,0,1,0,0.40,0.00,0.40,0.40,0.40,Matches,f27680d9
959,Ignatius Ganago,cm CMR,MF,Nantes,fr Ligue 1,25,1999,11,1,241,2.7,0,0,0,0,0,0,1,0,0.00,0.00,0.00,0.00,0.00,Matches,23c63b7f
960,Silvère Ganvoula,cg CGO,FW,Monza,it Serie A,28,1996,7,4,326,3.6,0,0,0,0,0,0,0,0,0.00,0.00,0.00,0.00,0.00,Matches,6c731625
961,Facundo Garcés,my MAS,DF,Alavés,es La Liga,24,1999,10,7,678,7.5,0,0,0,0,0,0,2,0,0.00,0.00,0.00,0.00,0.00,Matches,20c88f8f
962,Aleix García,es ESP,MF,Leverkusen,de Bundesliga,27,1997,28,17,1455,16.2,3,4,7,3,0,0,3,0,0.19,0.25,0.43,0.19,0.43,Matches,a10361d2
963,Álvaro García,es ESP,MFFW,Rayo Vallecano,es La Liga,31,1992,36,28,2559,28.4,4,5,9,4,0,0,4,0,0.14,0.18,0.32,0.14,0.32,Matches,90bbd822
964,Andrés García,es ESP,DFMF,Aston Villa,eng Premier League,21,2003,7,5,318,3.5,0,0,0,0,0,0,0,0,0.00,0.00,0.00,0.00,0.00,Matches,40498af1
965,Eric García,es ESP,DFMF,Barcelona,es La Liga,23,2001,29,14,1566,17.4,2,3,5,2,0,0,4,0,0.11,0.17,0.29,0.11,0.29,Matches,2bed3eab
966,Fran Garcia,es ESP,DF,Real Madrid,es La Liga,24,1999,31,24,2171,24.1,0,2,2,0,0,0,0,0,0.00,0.08,0.08,0.00,0.08,Matches,7226539b
967,Gonzalo García,es ESP,FW,Real Madrid,es La Liga,20,2004,3,0,56,0.6,0,1,1,0,0,0,0,0,0.00,1.61,1.61,0.00,1.61,Matches,74c2d562
968,Joan García,es ESP,GK,Espanyol,es La Liga,23,2001,38,38,3420,38.0,0,0,0,0,0,0,2,0,0.00,0.00,0.00,0.00,0.00,Matches,87b498b0
969,Pablo Garcia,es ESP,FW,Real Betis,es La Liga,18,2006,3,0,38,0.4,0,0,0,0,0,0,0,0,0.00,0.00,0.00,0.00,0.00,Matches,9925419c
970,Rubén García,es ESP,FWMF,Osasuna,es La Liga,31,1993,36,30,2413,26.8,5,5,10,5,0,0,2,0,0.19,0.19,0.37,0.19,0.37,Matches,5c96b017
971,Ulisses Garcia,ch SUI,DFMF,Marseille,fr Ligue 1,28,1996,20,10,930,10.3,2,2,4,2,0,0,2,0,0.19,0.19,0.39,0.19,0.39,Matches,c952f633
972,Unai García,es ESP,DF,Osasuna,es La Liga,32,1992,3,1,65,0.7,0,0,0,0,0,0,0,0,0.00,0.00,0.00,0.00,0.00,Matches,4a633cfe
973,Alejandro Garnacho,ar ARG,MF,Manchester Utd,eng Premier League,20,2004,36,23,2199,24.4,6,2,8,6,0,0,3,0,0.25,0.08,0.33,0.25,0.33,Matches,7aa8adfe
974,James Garner,eng ENG,MFDF,Everton,eng Premier League,23,2001,21,17,1594,17.7,0,1,1,0,0,0,5,0,0.00,0.06,0.06,0.00,0.06,Matches,4e015693
975,Yarek Gasiorowski,es ESP,DF,Valencia,es La Liga,19,2005,15,9,947,10.5,0,0,0,0,0,0,1,0,0.00,0.00,0.00,0.00,0.00,Matches,20a65cdf
976,Federico Gatti,it ITA,DF,Juventus,it Serie A,26,1998,30,26,2195,24.4,1,0,1,1,0,0,2,0,0.04,0.00,0.04,0.04,0.04,Matches,18dd3219
977,Gavi,es ESP,MF,Barcelona,es La Liga,19,2004,26,14,1085,12.1,1,1,2,1,0,0,4,0,0.08,0.08,0.17,0.08,0.17,Matches,19cae58d
978,Paulo Gazzaniga,ar ARG,GK,Girona,es La Liga,32,1992,36,36,3195,35.5,0,0,0,0,0,0,4,0,0.00,0.00,0.00,0.00,0.00,Matches,63d17038
979,Jean-Philippe Gbamin,ci CIV,MF,Nantes,fr Ligue 1,28,1995,14,2,216,2.4,0,0,0,0,0,0,1,0,0.00,0.00,0.00,0.00,0.00,Matches,6bd603db
980,Mory Gbane,ci CIV,DFMF,Reims,fr Ligue 1,23,2000,13,13,1125,12.5,0,1,1,0,0,0,2,0,0.00,0.08,0.08,0.00,0.08,Matches,ab8b392c
981,Yann Gboho,ci CIV,MFFW,Toulouse,fr Ligue 1,23,2001,31,27,2333,25.9,5,4,9,5,0,0,2,0,0.19,0.15,0.35,0.19,0.35,Matches,6be41a31
982,David de Gea,es ESP,GK,Fiorentina,it Serie A,33,1990,35,35,3150,35.0,0,1,1,0,0,0,1,0,0.00,0.03,0.03,0.00,0.03,Matches,7ba6d84e
983,Viggo Gebel,de GER,MF,RB Leipzig,de Bundesliga,16,2007,1,0,14,0.2,0,0,0,0,0,0,0,0,0.00,0.00,0.00,0.00,0.00,Matches,92ed2acc
984,Lutsharel Geertruida,nl NED,DF,RB Leipzig,de Bundesliga,24,2000,24,17,1557,17.3,1,0,1,1,0,0,2,0,0.06,0.00,0.06,0.06,0.06,Matches,242e1043
985,Dennis Geiger,de GER,MF,Hoffenheim,de Bundesliga,26,1998,20,7,734,8.2,0,0,0,0,0,0,4,0,0.00,0.00,0.00,0.00,0.00,Matches,37f606f0
986,Valentin Gendrey,fr FRA,DFMF,Hoffenheim,de Bundesliga,24,2000,22,14,1414,15.7,1,1,2,1,0,0,1,0,0.06,0.06,0.13,0.06,0.13,Matches,822ed0ec
987,Valentin Gendrey,fr FRA,DF,Lecce,it Serie A,24,2000,2,2,180,2.0,0,0,0,0,0,0,0,0,0.00,0.00,0.00,0.00,0.00,Matches,822ed0ec
988,Denis Genreau,au AUS,MF,Toulouse,fr Ligue 1,25,1999,8,2,222,2.5,0,0,0,0,0,0,0,0,0.00,0.00,0.00,0.00,0.00,Matches,badcdcae
989,Tyrique George,eng ENG,FW,Chelsea,eng Premier League,18,2006,8,1,183,2.0,1,1,2,1,0,0,1,0,0.49,0.49,0.98,0.49,0.98,Matches,e6f7797e
990,Yannick Gerhardt,de GER,MFDF,Wolfsburg,de Bundesliga,30,1994,29,15,1518,16.9,1,1,2,1,0,0,5,1,0.06,0.06,0.12,0.06,0.12,Matches,62ab9184
991,Max Geschwill,de GER,DF,Holstein Kiel,de Bundesliga,23,2001,19,13,1282,14.2,1,2,3,1,0,0,2,0,0.07,0.14,0.21,0.07,0.21,Matches,0ffda76d
992,Daniele Ghilardi,it ITA,DF,Hellas Verona,it Serie A,21,2003,24,21,2029,22.5,0,0,0,0,0,0,7,1,0.00,0.00,0.00,0.00,0.00,Matches,9cedad4b
993,Lautaro Gianetti,ar ARG,DF,Udinese,it Serie A,30,1993,15,11,878,9.8,1,0,1,1,0,0,4,0,0.10,0.00,0.10,0.10,0.10,Matches,e08ac719
994,Dimitris Giannoulis,gr GRE,MF,Augsburg,de Bundesliga,28,1995,31,31,2650,29.4,1,4,5,1,0,0,8,0,0.03,0.14,0.17,0.03,0.17,Matches,112c495e
995,Morgan Gibbs-White,eng ENG,MF,Nottingham,eng Premier League,24,2000,34,34,2803,31.1,7,8,15,7,0,0,11,1,0.22,0.26,0.48,0.22,0.48,Matches,32f60ed8
996,Samuel Gigot,fr FRA,DF,Lazio,it Serie A,30,1993,15,7,683,7.6,2,0,2,2,0,0,2,0,0.26,0.00,0.26,0.26,0.26,Matches,41eebdf5
997,Armin Gigovic,ba BIH,MF,Holstein Kiel,de Bundesliga,22,2002,31,23,1895,21.1,5,1,6,5,0,0,5,0,0.24,0.05,0.28,0.24,0.28,Matches,d0a0858e
998,Bryan Gil,es ESP,MFFW,Girona,es La Liga,23,2001,25,21,1721,19.1,3,3,6,3,0,0,4,0,0.16,0.16,0.31,0.16,0.31,Matches,7b5ab7f2
999,Mario Gila,es ESP,DF,Lazio,it Serie A,23,2000,32,31,2741,30.5,1,0,1,1,0,0,8,0,0.03,0.00,0.03,0.03,0.03,Matches,9c435456
1000,Billy Gilmour,sct SCO,MF,Brighton,eng Premier League,23,2001,2,1,98,1.1,0,0,0,0,0,0,0,0,0.00,0.00,0.00,0.00,0.00,Matches,df10e27c
1001,Billy Gilmour,sct SCO,MF,Napoli,it Serie A,23,2001,26,13,1177,13.1,0,1,1,0,0,0,0,0,0.00,0.08,0.08,0.00,0.08,Matches,df10e27c
1002,Benedikt Gimber,de GER,DF,Heidenheim,de Bundesliga,27,1997,32,32,2671,29.7,0,0,0,0,0,0,9,0,0.00,0.00,0.00,0.00,0.00,Matches,e5f76710
1003,Santiago Giménez,mx MEX,FW,Milan,it Serie A,23,2001,14,7,669,7.4,5,2,7,5,0,1,3,1,0.67,0.27,0.94,0.67,0.94,Matches,37337aea
1004,Gvidas Gineitis,lt LTU,MF,Torino,it Serie A,20,2004,30,15,1430,15.9,3,1,4,3,0,0,5,0,0.19,0.06,0.25,0.19,0.25,Matches,548bd0de
1005,Matthias Ginter,de GER,DF,Freiburg,de Bundesliga,30,1994,32,28,2561,28.5,2,1,3,2,0,0,5,0,0.07,0.04,0.11,0.07,0.11,Matches,f521b80a
1006,Jamie Gittens,eng ENG,MF,Dortmund,de Bundesliga,19,2004,32,21,1776,19.7,8,3,11,8,0,0,4,0,0.41,0.15,0.56,0.41,0.56,Matches,10745192
1007,Serge Gnabry,de GER,MFFW,Bayern Munich,de Bundesliga,29,1995,27,13,1242,13.8,7,5,12,7,0,1,0,0,0.51,0.36,0.87,0.51,0.87,Matches,88e357ef
1008,Ben Godfrey,eng ENG,DFMF,Atalanta,it Serie A,26,1998,1,0,23,0.3,0,0,0,0,0,0,0,0,0.00,0.00,0.00,0.00,0.00,Matches,9f7c837d
1009,Ben Godfrey,eng ENG,DF,Ipswich Town,eng Premier League,26,1998,3,2,159,1.8,0,0,0,0,0,0,1,0,0.00,0.00,0.00,0.00,0.00,Matches,9f7c837d
1010,Martial Godo,ci CIV,FWMF,Fulham,eng Premier League,21,2003,2,0,24,0.3,0,0,0,0,0,0,0,0,0.00,0.00,0.00,0.00,0.00,Matches,e0eea46f
1011,Saba Goglichidze,ge GEO,DF,Empoli,it Serie A,20,2004,33,29,2539,28.2,0,1,1,0,0,0,3,1,0.00,0.04,0.04,0.00,0.04,Matches,011d370e
1012,Edoardo Goldaniga,it ITA,DF,Como,it Serie A,30,1993,32,28,2532,28.1,1,0,1,1,0,0,12,1,0.04,0.00,0.04,0.04,0.04,Matches,4b029b31
1013,Michael Golding,eng ENG,MF,Leicester City,eng Premier League,18,2006,1,0,1,0.0,0,0,0,0,0,0,0,0,0.00,0.00,0.00,0.00,0.00,Matches,67c5e0e8
1014,Pierluigi Gollini,it ITA,GK,Genoa,it Serie A,29,1995,7,7,630,7.0,0,0,0,0,0,0,1,0,0.00,0.00,0.00,0.00,0.00,Matches,f0f7f62f
1015,Aleksandr Golovin,ru RUS,MF,Monaco,fr Ligue 1,28,1996,19,13,1153,12.8,3,0,3,3,0,0,1,0,0.23,0.00,0.23,0.23,0.23,Matches,3708e9fa
1016,André Gomes,pt POR,MF,Lille,fr Ligue 1,31,1993,20,16,1276,14.2,0,0,0,0,0,0,3,0,0.00,0.00,0.00,0.00,0.00,Matches,1961b2aa
1017,Angel Gomes,eng ENG,MF,Lille,fr Ligue 1,23,2000,14,10,736,8.2,1,1,2,1,0,1,1,0,0.12,0.12,0.24,0.12,0.24,Matches,645a3363
1018,João Gomes,br BRA,MF,Wolves,eng Premier League,23,2001,36,35,2974,33.0,3,1,4,3,0,0,11,1,0.09,0.03,0.12,0.09,0.12,Matches,8b57ad2c
1019,Rodrigo Gomes,pt POR,MF,Wolves,eng Premier League,21,2003,25,7,810,9.0,2,0,2,2,0,0,0,0,0.22,0.00,0.22,0.22,0.22,Matches,8dcf77c0
1020,Toti Gomes,pt POR,DF,Wolves,eng Premier League,25,1999,31,30,2614,29.0,0,1,1,0,0,0,7,0,0.00,0.03,0.03,0.00,0.03,Matches,f0caab96
1021,Andrés Gómez,co COL,MF,Rennes,fr Ligue 1,21,2002,17,2,381,4.2,3,0,3,3,0,0,1,0,0.71,0.00,0.71,0.71,0.71,Matches,76a82373
1022,Dani Gómez,es ESP,FW,Valencia,es La Liga,26,1998,14,5,532,5.9,2,0,2,2,0,0,0,0,0.34,0.00,0.34,0.34,0.34,Matches,0e5ddc7c
1023,Diego Gómez,py PAR,MF,Brighton,eng Premier League,21,2003,16,4,516,5.7,1,0,1,1,0,0,0,0,0.17,0.00,0.17,0.17,0.17,Matches,916728da
1024,Joe Gomez,eng ENG,DF,Liverpool,eng Premier League,27,1997,9,6,519,5.8,0,0,0,0,0,0,1,0,0.00,0.00,0.00,0.00,0.00,Matches,7a11550b
1025,Moi Gómez,es ESP,MFFW,Osasuna,es La Liga,30,1994,26,6,796,8.8,0,0,0,0,0,0,1,0,0.00,0.00,0.00,0.00,0.00,Matches,5a626448
1026,Sergi Gómez,es ESP,DF,Espanyol,es La Liga,32,1992,12,6,664,7.4,0,0,0,0,0,0,1,0,0.00,0.00,0.00,0.00,0.00,Matches,bc6f5f06
1027,Sergio Gómez,es ESP,MF,Real Sociedad,es La Liga,23,2000,37,31,2738,30.4,2,5,7,2,0,0,4,0,0.07,0.16,0.23,0.07,0.23,Matches,01e5f06e
1028,Unai Gómez,es ESP,MFFW,Athletic Club,es La Liga,21,2003,32,14,1284,14.3,1,3,4,1,0,0,1,0,0.07,0.21,0.28,0.07,0.28,Matches,37db6cae
1029,Tidiam Gomis,fr FRA,FW,RB Leipzig,de Bundesliga,17,2006,8,1,152,1.7,0,1,1,0,0,0,2,0,0.00,0.59,0.59,0.00,0.59,Matches,64c705d7
1030,Fabio González,es ESP,MF,Las Palmas,es La Liga,27,1997,2,0,53,0.6,0,0,0,0,0,0,0,0,0.00,0.00,0.00,0.00,0.00,Matches,5418d47c
1031,Nicolás González,es ESP,MF,Manchester City,eng Premier League,22,2002,11,9,760,8.4,1,0,1,1,0,0,3,0,0.12,0.00,0.12,0.12,0.12,Matches,2c56a792
1032,Nicolás González,ar ARG,MFFW,Juventus,it Serie A,26,1998,26,23,1750,19.4,3,2,5,3,0,0,3,0,0.15,0.10,0.26,0.15,0.26,Matches,2374aaca
1033,Peter González,do DOM,MF,Getafe,es La Liga,22,2002,17,2,477,5.3,0,0,0,0,0,0,1,0,0.00,0.00,0.00,0.00,0.00,Matches,1ccd3dae
1034,Urko González,es ESP,MF,Espanyol,es La Liga,23,2001,17,16,1374,15.3,0,2,2,0,0,0,2,0,0.00,0.13,0.13,0.00,0.13,Matches,c4f5eb61
1035,Urko González,es ESP,MF,Real Sociedad,es La Liga,23,2001,1,1,45,0.5,0,0,0,0,0,0,1,0,0.00,0.00,0.00,0.00,0.00,Matches,c4f5eb61
1036,Anthony Gordon,eng ENG,FWMF,Newcastle,eng Premier League,23,2001,34,28,2434,27.0,6,5,11,5,1,2,2,0,0.22,0.18,0.41,0.18,0.37,Matches,2bd83368
1037,Leon Goretzka,de GER,MF,Bayern Munich,de Bundesliga,29,1995,26,13,1325,14.7,4,1,5,4,0,0,2,0,0.27,0.07,0.34,0.27,0.34,Matches,cc86b9a3
1038,Mathieu Gorgelin,fr FRA,GK,Le Havre,fr Ligue 1,33,1990,16,16,1440,16.0,0,0,0,0,0,0,2,0,0.00,0.00,0.00,0.00,0.00,Matches,4d3e9033
1039,Andoni Gorosabel,es ESP,DF,Athletic Club,es La Liga,27,1996,20,17,1485,16.5,0,2,2,0,0,0,5,0,0.00,0.12,0.12,0.00,0.12,Matches,6f5f82c0
1040,Robin Gosens,de GER,DFMF,Fiorentina,it Serie A,30,1994,32,29,2521,28.0,5,5,10,5,0,0,6,0,0.18,0.18,0.36,0.18,0.36,Matches,2d970560
1041,Robin Gosens,de GER,MF,Union Berlin,de Bundesliga,30,1994,1,1,90,1.0,0,0,0,0,0,0,1,0,0.00,0.00,0.00,0.00,0.00,Matches,2d970560
1042,Mario Götze,de GER,MF,Frankfurt,de Bundesliga,32,1992,24,18,1542,17.1,3,2,5,3,0,0,1,0,0.18,0.12,0.29,0.18,0.29,Matches,9efa1d25
1043,Amine Gouiri,dz ALG,FW,Marseille,fr Ligue 1,24,2000,14,12,1048,11.6,10,3,13,10,0,0,0,0,0.86,0.26,1.12,0.86,1.12,Matches,aad56ca3
1044,Amine Gouiri,dz ALG,MFFW,Rennes,fr Ligue 1,24,2000,19,11,1037,11.5,3,2,5,3,0,0,2,0,0.26,0.17,0.43,0.26,0.43,Matches,aad56ca3
1045,Lucas Gourna-Douath,fr FRA,MF,Roma,it Serie A,20,2003,6,2,229,2.5,0,0,0,0,0,0,2,0,0.00,0.00,0.00,0.00,0.00,Matches,3cd7820a
1046,Jeffrey Gouweleeuw,nl NED,DF,Augsburg,de Bundesliga,33,1991,33,33,2944,32.7,1,4,5,1,0,1,9,0,0.03,0.12,0.15,0.03,0.15,Matches,1025db8e
1047,Kamil Grabara,pl POL,GK,Wolfsburg,de Bundesliga,25,1999,29,29,2585,28.7,0,0,0,0,0,0,2,0,0.00,0.00,0.00,0.00,0.00,Matches,62182b1d
1048,Jonathan Gradit,fr FRA,DF,Lens,fr Ligue 1,31,1992,25,24,2112,23.5,0,0,0,0,0,0,4,0,0.00,0.00,0.00,0.00,0.00,Matches,06c48679
1049,José Gragera,es ESP,MF,Espanyol,es La Liga,23,2000,10,7,569,6.3,0,0,0,0,0,0,0,0,0.00,0.00,0.00,0.00,0.00,Matches,ee45d138
1050,Samuel Grandsir,fr FRA,FWMF,Le Havre,fr Ligue 1,27,1996,6,0,84,0.9,0,0,0,0,0,0,0,0,0.00,0.00,0.00,0.00,0.00,Matches,d2448564
1051,Alberto Grassi,it ITA,MF,Empoli,it Serie A,29,1995,28,27,2203,24.5,1,0,1,1,0,0,8,0,0.04,0.00,0.04,0.04,0.04,Matches,6cc97b6a
1052,Ryan Gravenberch,nl NED,MF,Liverpool,eng Premier League,22,2002,37,37,3160,35.1,0,4,4,0,0,0,6,1,0.00,0.11,0.11,0.00,0.11,Matches,b8e740fb
1053,Archie Gray,eng ENG,DFMF,Tottenham,eng Premier League,18,2006,28,19,1751,19.5,0,0,0,0,0,0,1,0,0.00,0.00,0.00,0.00,0.00,Matches,f58515f5
1054,Jack Grealish,eng ENG,MFFW,Manchester City,eng Premier League,28,1995,20,7,721,8.0,1,1,2,1,0,0,3,0,0.12,0.12,0.25,0.12,0.25,Matches,b0b4fd3e
1055,Jacob Greaves,eng ENG,DF,Ipswich Town,eng Premier League,23,2000,25,25,2205,24.5,1,0,1,1,0,0,5,0,0.04,0.00,0.04,0.04,0.04,Matches,1f169636
1056,Mason Greenwood,eng ENG,MFFW,Marseille,fr Ligue 1,22,2001,34,32,2804,31.2,21,5,26,14,7,9,3,0,0.67,0.16,0.83,0.45,0.61,Matches,58eee997
1057,Michael Gregoritsch,at AUT,FW,Freiburg,de Bundesliga,30,1994,20,5,639,7.1,2,1,3,2,0,0,2,0,0.28,0.14,0.42,0.28,0.42,Matches,8e235926
1058,Dominik Greif,sk SVK,GK,Mallorca,es La Liga,27,1997,31,31,2790,31.0,0,0,0,0,0,0,1,0,0.00,0.00,0.00,0.00,0.00,Matches,30061f53
1059,Antoine Griezmann,fr FRA,FWMF,Atlético Madrid,es La Liga,33,1991,38,29,2469,27.4,8,7,15,7,1,2,2,0,0.29,0.26,0.55,0.26,0.51,Matches,df69b544
1060,Vincenzo Grifo,it ITA,MF,Freiburg,de Bundesliga,31,1993,34,31,2432,27.0,8,11,19,8,0,3,2,0,0.30,0.41,0.70,0.30,0.70,Matches,54e4866f
1061,Florian Grillitsch,at AUT,MFDF,Hoffenheim,de Bundesliga,28,1995,8,8,601,6.7,0,0,0,0,0,0,1,0,0.00,0.00,0.00,0.00,0.00,Matches,ffbbc83b
1062,Florian Grillitsch,at AUT,MF,Valladolid,es La Liga,28,1995,13,7,623,6.9,0,0,0,0,0,0,1,0,0.00,0.00,0.00,0.00,0.00,Matches,ffbbc83b
1063,Álex Grimaldo,es ESP,MF,Leverkusen,de Bundesliga,28,1995,32,31,2636,29.3,2,7,9,2,0,0,6,1,0.07,0.24,0.31,0.07,0.31,Matches,b1f4086c
1064,Pascal Groß,de GER,MFDF,Dortmund,de Bundesliga,33,1991,30,28,2327,25.9,0,9,9,0,0,0,5,1,0.00,0.35,0.35,0.00,0.35,Matches,8aec0537
1065,Brajan Gruda,de GER,MFFW,Brighton,eng Premier League,20,2004,21,8,687,7.6,1,4,5,1,0,0,0,0,0.13,0.52,0.66,0.13,0.66,Matches,ae9b998d
1066,Marco Grüll,at AUT,FWMF,Werder Bremen,de Bundesliga,26,1998,30,13,1181,13.1,6,1,7,6,0,0,1,0,0.46,0.08,0.53,0.46,0.53,Matches,8babb812
1067,Albert Grønbaek,dk DEN,MFFW,Southampton,eng Premier League,23,2001,4,2,143,1.6,0,0,0,0,0,0,0,0,0.00,0.00,0.00,0.00,0.00,Matches,0da5076f
1068,Albert Grønbaek,dk DEN,MFFW,Rennes,fr Ligue 1,23,2001,16,9,813,9.0,2,1,3,2,0,0,1,0,0.22,0.11,0.33,0.22,0.33,Matches,0da5076f
1069,Vicente Guaita,es ESP,GK,Celta Vigo,es La Liga,37,1987,34,34,3060,34.0,0,0,0,0,0,0,0,0,0.00,0.00,0.00,0.00,0.00,Matches,ab13a5aa
1070,Sergi Guardiola,es ESP,FW,Rayo Vallecano,es La Liga,33,1991,16,1,362,4.0,0,0,0,0,0,0,1,0,0.00,0.00,0.00,0.00,0.00,Matches,32974271
1071,Nemanja Gudelj,rs SRB,MFDF,Sevilla,es La Liga,32,1991,31,27,2493,27.7,1,1,2,0,1,1,6,0,0.04,0.04,0.07,0.00,0.04,Matches,0076ab7f
1072,Gabriel Gudmundsson,se SWE,DFMF,Lille,fr Ligue 1,25,1999,30,20,1785,19.8,2,0,2,2,0,0,3,0,0.10,0.00,0.10,0.10,0.10,Matches,d5d22a58
1073,Gonçalo Guedes,pt POR,MFFW,Wolves,eng Premier League,27,1996,29,10,995,11.1,2,4,6,2,0,0,1,0,0.18,0.36,0.54,0.18,0.54,Matches,e6bc67d7
1074,Axel Gueguin,fr FRA,FW,Montpellier,fr Ligue 1,19,2005,1,0,23,0.3,0,0,0,0,0,0,0,0,0.00,0.00,0.00,0.00,0.00,Matches,f6857b4f
1075,Marc Guéhi,eng ENG,DF,Crystal Palace,eng Premier League,24,2000,34,34,3059,34.0,3,2,5,3,0,0,9,1,0.09,0.06,0.15,0.09,0.15,Matches,d0706b27
1076,Mattéo Guendouzi,fr FRA,MF,Lazio,it Serie A,25,1999,37,37,3270,36.3,1,3,4,1,0,0,7,0,0.03,0.08,0.11,0.03,0.11,Matches,5ea8ef20
1077,Javier Guerra,es ESP,MF,Valencia,es La Liga,21,2003,36,31,2581,28.7,3,3,6,3,0,0,5,0,0.10,0.10,0.21,0.10,0.21,Matches,3828f130
1078,Raphaël Guerreiro,pt POR,DFMF,Bayern Munich,de Bundesliga,30,1993,23,19,1572,17.5,4,4,8,4,0,0,2,0,0.23,0.23,0.46,0.23,0.46,Matches,048a1cbc
1079,Evann Guessand,ci CIV,MFFW,Nice,fr Ligue 1,23,2001,33,30,2565,28.5,12,8,20,12,0,0,2,0,0.42,0.28,0.70,0.42,0.70,Matches,b73f17f8
1080,Ander Guevara,es ESP,MF,Alavés,es La Liga,27,1997,33,20,1947,21.6,0,1,1,0,0,0,3,0,0.00,0.05,0.05,0.00,0.05,Matches,8e48dc61
1081,Idrissa Gueye,sn SEN,MF,Everton,eng Premier League,34,1989,37,35,3063,34.0,0,3,3,0,0,0,9,0,0.00,0.09,0.09,0.00,0.09,Matches,72c812f3
1082,Pape Gueye,sn SEN,MFFW,Villarreal,es La Liga,25,1999,34,26,2224,24.7,4,0,4,4,0,0,6,2,0.16,0.00,0.16,0.16,0.16,Matches,7155e3e1
1083,Morgan Guilavogui,gn GUI,FWMF,St Pauli,de Bundesliga,26,1998,25,21,1807,20.1,6,2,8,6,0,0,6,0,0.30,0.10,0.40,0.30,0.40,Matches,79b51257
1084,Frederic Guilbert,fr FRA,DF,Lecce,it Serie A,29,1994,31,31,2435,27.1,0,1,1,0,0,0,3,2,0.00,0.04,0.04,0.00,0.04,Matches,5d8d7454
1085,Luis Guilherme,br BRA,MF,West Ham,eng Premier League,18,2006,12,1,150,1.7,0,0,0,0,0,0,0,0,0.00,0.00,0.00,0.00,0.00,Matches,b7672d43
1086,Hugo Guillamón,es ESP,MF,Valencia,es La Liga,24,2000,12,4,364,4.0,0,0,0,0,0,0,2,0,0.00,0.00,0.00,0.00,0.00,Matches,f7c12fbf
1087,Bruno Guimarães,br BRA,MF,Newcastle,eng Premier League,26,1997,38,38,3271,36.3,5,6,11,5,0,0,7,0,0.14,0.17,0.30,0.14,0.30,Matches,82518f62
1088,Carlos Guirao,es ESP,MF,Real Betis,es La Liga,21,2003,2,2,110,1.2,0,0,0,0,0,0,0,0,0.00,0.00,0.00,0.00,0.00,Matches,4d9f02df
1089,Bahereba Guirassy,fr FRA,MF,Nantes,fr Ligue 1,17,2006,19,2,348,3.9,2,0,2,2,0,0,0,0,0.52,0.00,0.52,0.52,0.52,Matches,a08bb82c
1090,Serhou Guirassy,gn GUI,FW,Dortmund,de Bundesliga,28,1996,30,29,2598,28.9,21,4,25,18,3,4,4,0,0.73,0.14,0.87,0.62,0.76,Matches,923f4dda
1091,Marc Guiu,es ESP,FW,Chelsea,eng Premier League,18,2006,3,0,73,0.8,0,0,0,0,0,0,0,0,0.00,0.00,0.00,0.00,0.00,Matches,d3d774cc
1092,Péter Gulácsi,hu HUN,GK,RB Leipzig,de Bundesliga,34,1990,30,30,2631,29.2,0,0,0,0,0,0,0,0,0.00,0.00,0.00,0.00,0.00,Matches,bcb2ccd8
1093,Arda Güler,tr TUR,MFFW,Real Madrid,es La Liga,19,2005,28,14,1250,13.9,3,4,7,3,0,0,1,0,0.22,0.29,0.50,0.22,0.50,Matches,3741ca58
1094,Gerard Gumbau,es ESP,MF,Rayo Vallecano,es La Liga,29,1994,22,7,849,9.4,0,1,1,0,0,0,4,0,0.00,0.11,0.11,0.00,0.11,Matches,ac454a4f
1095,Robert Gumny,pl POL,MF,Augsburg,de Bundesliga,26,1998,7,2,271,3.0,0,0,0,0,0,0,2,0,0.00,0.00,0.00,0.00,0.00,Matches,1df0c0b9
1096,İlkay Gündoğan,de GER,MF,Manchester City,eng Premier League,33,1990,33,25,2223,24.7,1,6,7,1,0,0,1,0,0.04,0.24,0.28,0.04,0.28,Matches,819b3158
1097,Christian Günter,de GER,DF,Freiburg,de Bundesliga,31,1993,29,27,2314,25.7,2,2,4,2,0,0,0,0,0.08,0.08,0.16,0.08,0.16,Matches,8593f88c
1098,Jon Guridi,es ESP,MF,Alavés,es La Liga,29,1995,33,27,2080,23.1,3,1,4,2,1,1,6,0,0.13,0.04,0.17,0.09,0.13,Matches,4c0a6a48
1099,Gorka Guruzeta,es ESP,FW,Athletic Club,es La Liga,27,1996,36,21,1840,20.4,7,2,9,7,0,0,2,0,0.34,0.10,0.44,0.34,0.44,Matches,6b5ea2f4
1100,Malo Gusto,fr FRA,DF,Chelsea,eng Premier League,21,2003,32,19,1862,20.7,0,1,1,0,0,0,4,0,0.00,0.05,0.05,0.00,0.05,Matches,d56b9520
1101,Miguel Gutiérrez,es ESP,DFMF,Girona,es La Liga,23,2001,29,29,2458,27.3,1,5,6,1,0,0,4,0,0.04,0.18,0.22,0.04,0.22,Matches,7e98cff1
1102,Albert Guðmundsson,is ISL,FWMF,Fiorentina,it Serie A,27,1997,24,16,1273,14.1,6,1,7,4,2,2,2,0,0.42,0.07,0.49,0.28,0.35,Matches,b79858d5
1103,Joško Gvardiol,hr CRO,DF,Manchester City,eng Premier League,22,2002,37,36,3277,36.4,5,0,5,5,0,0,2,0,0.14,0.00,0.14,0.14,0.14,Matches,5ad50391
1104,Emmanuel Gyasi,gh GHA,MF,Empoli,it Serie A,30,1994,37,37,3217,35.7,2,1,3,2,0,0,5,0,0.06,0.03,0.08,0.06,0.08,Matches,f9758dae
1105,Christian Gytkjær,dk DEN,FW,Venezia,it Serie A,34,1990,29,6,754,8.4,2,1,3,1,1,1,0,0,0.24,0.12,0.36,0.12,0.24,Matches,9250bcff
1106,Erling Haaland,no NOR,FW,Manchester City,eng Premier League,24,2000,31,31,2736,30.4,22,3,25,19,3,4,2,0,0.72,0.10,0.82,0.62,0.72,Matches,1f44ac21
1107,Nicolas Haas,ch SUI,MF,Empoli,it Serie A,28,1996,10,2,287,3.2,0,0,0,0,0,0,1,0,0.00,0.00,0.00,0.00,0.00,Matches,fa449bba
1108,Janik Haberer,de GER,MF,Union Berlin,de Bundesliga,30,1994,28,21,1696,18.8,0,0,0,0,0,0,1,0,0.00,0.00,0.00,0.00,0.00,Matches,70dcf94d
1109,Robin Hack,de GER,MF,Gladbach,de Bundesliga,25,1998,33,27,2172,24.1,4,7,11,4,0,0,4,0,0.17,0.29,0.46,0.17,0.46,Matches,0174ba21
1110,Saad El Haddad,ma MAR,MF,Venezia,it Serie A,19,2005,3,0,30,0.3,0,0,0,0,0,0,0,0,0.00,0.00,0.00,0.00,0.00,Matches,7b12dccc
1111,Munir El Haddadi,ma MAR,MFFW,Leganés,es La Liga,28,1995,25,10,862,9.6,4,0,4,4,0,0,1,1,0.42,0.00,0.42,0.42,0.42,Matches,8696bc90
1112,Amadou Haidara,ml MLI,MF,RB Leipzig,de Bundesliga,26,1998,28,16,1320,14.7,0,1,1,0,0,0,7,0,0.00,0.07,0.07,0.00,0.07,Matches,92432bc6
1113,Massadio Haïdara,ml MLI,DF,Brest,fr Ligue 1,31,1992,22,20,1678,18.6,0,0,0,0,0,0,3,2,0.00,0.00,0.00,0.00,0.00,Matches,5167c97e
1114,Antoine Hainaut,fr FRA,DFMF,Parma,it Serie A,22,2002,25,10,1206,13.4,2,0,2,2,0,0,4,0,0.15,0.00,0.15,0.15,0.15,Matches,6503f220
1115,Mohamed Haj,tn TUN,MF,Parma,it Serie A,19,2005,15,3,453,5.0,1,2,3,1,0,0,4,0,0.20,0.40,0.60,0.20,0.60,Matches,eb7dc619
1116,Achraf Hakimi,ma MAR,DF,Paris SG,fr Ligue 1,25,1998,25,24,2066,23.0,4,6,10,4,0,0,4,0,0.17,0.26,0.44,0.17,0.44,Matches,e42d61c7
1117,Lewis Hall,eng ENG,DF,Newcastle,eng Premier League,19,2004,27,24,2189,24.3,0,4,4,0,0,0,3,0,0.00,0.16,0.16,0.00,0.16,Matches,da011f18
1118,Sébastien Haller,ci CIV,FW,Leganés,es La Liga,30,1994,8,5,404,4.5,0,0,0,0,0,0,0,0,0.00,0.00,0.00,0.00,0.00,Matches,ba115a40
1119,Ali Al Hamadi,iq IRQ,FW,Ipswich Town,eng Premier League,22,2002,11,0,134,1.5,0,0,0,0,0,0,3,0,0.00,0.00,0.00,0.00,0.00,Matches,8450467d
1120,Andreas Hanche-Olsen,no NOR,DF,Mainz 05,de Bundesliga,27,1997,22,12,1284,14.3,1,1,2,1,0,0,4,1,0.07,0.07,0.14,0.07,0.14,Matches,2e77d607
1121,Florent Hanin,dz ALG,DF,Angers,fr Ligue 1,34,1990,33,31,2672,29.7,1,2,3,1,0,0,2,0,0.03,0.07,0.10,0.03,0.10,Matches,6bfb4303
1122,Ridgeciano Haps,sr SUR,MFDF,Venezia,it Serie A,31,1993,25,14,1369,15.2,1,1,2,1,0,0,3,0,0.07,0.07,0.13,0.07,0.13,Matches,c8d7131c
1123,Hákon Haraldsson,is ISL,MF,Lille,fr Ligue 1,21,2003,25,21,1755,19.5,5,3,8,5,0,0,3,0,0.26,0.15,0.41,0.26,0.41,Matches,e2ae54db
1124,Amine Harit,ma MAR,MF,Marseille,fr Ligue 1,27,1997,13,8,519,5.8,2,4,6,2,0,0,1,1,0.35,0.69,1.04,0.35,1.04,Matches,e7d59f4f
1125,Marcus Harness,eng ENG,FWMF,Ipswich Town,eng Premier League,28,1996,2,0,45,0.5,0,0,0,0,0,0,0,0,0.00,0.00,0.00,0.00,0.00,Matches,90e9ca3d
1126,Phil Harres,de GER,FW,Holstein Kiel,de Bundesliga,22,2002,26,17,1544,17.2,8,1,9,8,0,0,3,0,0.47,0.06,0.52,0.47,0.52,Matches,07db670d
1127,Jack Harrison,eng ENG,MFFW,Everton,eng Premier League,27,1996,34,24,2076,23.1,1,0,1,1,0,0,0,0,0.04,0.00,0.04,0.04,0.04,Matches,aa849a12
1128,Abdou Harroui,nl NED,MFFW,Hellas Verona,it Serie A,26,1998,10,5,463,5.1,1,2,3,1,0,0,1,0,0.19,0.39,0.58,0.19,0.58,Matches,65fd099c
1129,Taylor Harwood-Bellis,eng ENG,DF,Southampton,eng Premier League,22,2002,34,32,2825,31.4,1,0,1,1,0,0,9,0,0.03,0.00,0.03,0.03,0.03,Matches,47327321
1130,Hans Hateboer,nl NED,DFMF,Rennes,fr Ligue 1,30,1994,26,18,1684,18.7,0,0,0,0,0,0,3,0,0.00,0.00,0.00,0.00,0.00,Matches,3b333ac3
1131,Kjetil Haug,no NOR,GK,Toulouse,fr Ligue 1,26,1998,6,5,498,5.5,0,0,0,0,0,0,0,0,0.00,0.00,0.00,0.00,0.00,Matches,d3ae48eb
1132,Kai Havertz,de GER,FW,Arsenal,eng Premier League,25,1999,23,21,1875,20.8,9,3,12,9,0,0,5,0,0.43,0.14,0.58,0.43,0.58,Matches,fed7cb61
1133,Ayden Heaven,eng ENG,DF,Manchester Utd,eng Premier League,17,2006,4,2,170,1.9,0,0,0,0,0,0,1,0,0.00,0.00,0.00,0.00,0.00,Matches,64e17fab
1134,Jan Paul van Hecke,nl NED,DF,Brighton,eng Premier League,24,2000,34,33,2958,32.9,1,1,2,1,0,0,8,1,0.03,0.03,0.06,0.03,0.06,Matches,4fd08daa
1135,Hwang Hee-chan,kr KOR,MFFW,Wolves,eng Premier League,28,1996,21,5,661,7.3,2,0,2,2,0,0,0,0,0.27,0.00,0.27,0.27,0.27,Matches,169fd162
1136,Dean Henderson,eng ENG,GK,Crystal Palace,eng Premier League,27,1997,38,38,3420,38.0,0,0,0,0,0,0,3,0,0.00,0.00,0.00,0.00,0.00,Matches,e5a76dfe
1137,Liam Henderson,sct SCO,MF,Empoli,it Serie A,28,1996,36,27,2337,26.0,0,4,4,0,0,0,10,0,0.00,0.15,0.15,0.00,0.15,Matches,d7918b13
1138,Ramon Hendriks,nl NED,DF,Stuttgart,de Bundesliga,23,2001,25,10,1154,12.8,0,1,1,0,0,0,3,0,0.00,0.08,0.08,0.00,0.08,Matches,5a28ad23
1139,Paul Hennrich,de GER,MF,Hoffenheim,de Bundesliga,19,2005,1,0,12,0.1,0,0,0,0,0,0,0,0,0.00,0.00,0.00,0.00,0.00,Matches,ffaf1c99
1140,Benjamin Henrichs,de GER,DFMF,RB Leipzig,de Bundesliga,27,1997,15,10,935,10.4,0,2,2,0,0,0,3,0,0.00,0.19,0.19,0.00,0.19,Matches,0a89e877
1141,Henrique,br BRA,DF,Valladolid,es La Liga,30,1994,5,4,352,3.9,0,0,0,0,0,0,0,0,0.00,0.00,0.00,0.00,0.00,Matches,f28474a4
1142,Caio Henrique,br BRA,DF,Monaco,fr Ligue 1,27,1997,27,21,1929,21.4,0,6,6,0,0,0,3,0,0.00,0.28,0.28,0.00,0.28,Matches,30af8b93
1143,Luis Henrique,br BRA,MF,Marseille,fr Ligue 1,22,2001,33,29,2613,29.0,7,7,14,7,0,0,0,0,0.24,0.24,0.48,0.24,0.48,Matches,f36d5624
1144,Rico Henry,jm JAM,DFMF,Brentford,eng Premier League,27,1997,5,0,99,1.1,0,0,0,0,0,0,0,0,0.00,0.00,0.00,0.00,0.00,Matches,8a3c1dc7
1145,Mads Hermansen,dk DEN,GK,Leicester City,eng Premier League,24,2000,27,27,2385,26.5,0,0,0,0,0,0,1,0,0.00,0.00,0.00,0.00,0.00,Matches,c924b17d
1146,Mario Hermoso,es ESP,DF,Leverkusen,de Bundesliga,29,1995,4,3,293,3.3,0,0,0,0,0,0,0,0,0.00,0.00,0.00,0.00,0.00,Matches,555f3a0b
1147,Mario Hermoso,es ESP,DF,Roma,it Serie A,29,1995,8,2,251,2.8,0,0,0,0,0,0,2,1,0.00,0.00,0.00,0.00,0.00,Matches,555f3a0b
1148,Aridane Hernández,es ESP,DF,Rayo Vallecano,es La Liga,35,1989,14,11,1025,11.4,0,0,0,0,0,0,1,0,0.00,0.00,0.00,0.00,0.00,Matches,132ac341
1149,Javi Hernández,es ESP,DF,Leganés,es La Liga,26,1998,31,27,2389,26.5,2,1,3,2,0,0,6,0,0.08,0.04,0.11,0.08,0.11,Matches,9a76c2e9
1150,Lucas Hernández,fr FRA,DF,Paris SG,fr Ligue 1,28,1996,16,10,877,9.7,0,0,0,0,0,0,2,0,0.00,0.00,0.00,0.00,0.00,Matches,c3ee18ef
1151,Theo Hernández,fr FRA,DFMF,Milan,it Serie A,26,1997,33,30,2696,30.0,4,3,7,4,0,1,4,1,0.13,0.10,0.23,0.13,0.23,Matches,d4c9725f
1152,Hernani,br BRA,MF,Parma,it Serie A,30,1994,25,15,1327,14.7,3,3,6,0,3,3,7,0,0.20,0.20,0.41,0.00,0.20,Matches,6f5ead86
1153,Jorge Herrando,es ESP,DF,Osasuna,es La Liga,23,2001,18,15,1366,15.2,1,0,1,1,0,0,3,0,0.07,0.00,0.07,0.07,0.07,Matches,e19c989c
1154,Ander Herrera,es ESP,MF,Athletic Club,es La Liga,34,1989,8,2,273,3.0,0,0,0,0,0,1,2,0,0.00,0.00,0.00,0.00,0.00,Matches,436a9dd0
1155,Sergio Herrera,es ESP,GK,Osasuna,es La Liga,31,1993,37,37,3330,37.0,0,0,0,0,0,0,5,0,0.00,0.00,0.00,0.00,0.00,Matches,a4995f48
1156,Yangel Herrera,ve VEN,MF,Girona,es La Liga,26,1998,29,27,2257,25.1,4,3,7,4,0,0,10,1,0.16,0.12,0.28,0.16,0.28,Matches,5083a734
1157,Juanma Herzog,es ESP,DF,Las Palmas,es La Liga,20,2004,19,15,1315,14.6,0,0,0,0,0,0,1,0,0.00,0.00,0.00,0.00,0.00,Matches,3a18abe2
1158,Son Heung-min,kr KOR,FWMF,Tottenham,eng Premier League,32,1992,30,24,2110,23.4,7,9,16,6,1,2,1,0,0.30,0.38,0.68,0.26,0.64,Matches,92e7e919
1159,Isak Hien,se SWE,DF,Atalanta,it Serie A,25,1999,30,27,2327,25.9,0,0,0,0,0,0,10,0,0.00,0.00,0.00,0.00,0.00,Matches,12806697
1160,Omar El Hilali,ma MAR,DF,Espanyol,es La Liga,20,2003,36,36,3153,35.0,0,2,2,0,0,0,11,0,0.00,0.06,0.06,0.00,0.06,Matches,139560df
1161,James Hill,eng ENG,DF,Bournemouth,eng Premier League,22,2002,10,6,448,5.0,0,1,1,0,0,0,1,0,0.00,0.20,0.20,0.00,0.20,Matches,69942fb3
1162,Piero Hincapié,ec ECU,DF,Leverkusen,de Bundesliga,22,2002,32,28,2670,29.7,2,2,4,2,0,0,8,0,0.07,0.07,0.13,0.07,0.13,Matches,0c7a48f8
1163,Roger Hinojo,es ESP,DF,Espanyol,es La Liga,19,2005,1,0,9,0.1,0,0,0,0,0,0,0,0,0.00,0.00,0.00,0.00,0.00,Matches,1c33932b
1164,Jack Hinshelwood,eng ENG,MFDF,Brighton,eng Premier League,19,2005,26,22,1842,20.5,5,2,7,5,0,0,5,0,0.24,0.10,0.34,0.24,0.34,Matches,e98211e7
1165,George Hirst,sct SCO,FW,Ipswich Town,eng Premier League,25,1999,26,5,661,7.3,3,1,4,3,0,0,3,0,0.41,0.14,0.54,0.41,0.54,Matches,78e87179
1166,Adam Hložek,cz CZE,FWMF,Hoffenheim,de Bundesliga,22,2002,27,22,1871,20.8,8,4,12,8,0,0,2,0,0.38,0.19,0.58,0.38,0.58,Matches,5521f419
1167,Ki-Jana Hoever,nl NED,DFMF,Auxerre,fr Ligue 1,22,2002,30,26,2124,23.6,1,2,3,1,0,0,4,1,0.04,0.08,0.13,0.04,0.13,Matches,9a71e978
1168,Nicolas Höfler,de GER,MF,Freiburg,de Bundesliga,34,1990,20,7,794,8.8,0,0,0,0,0,0,3,0,0.00,0.00,0.00,0.00,0.00,Matches,5d8e331f
1169,Jonas Hofmann,de GER,MF,Leverkusen,de Bundesliga,32,1992,11,4,356,4.0,2,1,3,2,0,0,1,0,0.51,0.25,0.76,0.51,0.76,Matches,2903a856
1170,Philipp Hofmann,de GER,FW,Bochum,de Bundesliga,31,1993,32,27,2277,25.3,3,3,6,3,0,0,4,0,0.12,0.12,0.24,0.12,0.24,Matches,877bc844
1171,Lucas Höler,de GER,FWMF,Freiburg,de Bundesliga,30,1994,31,21,1867,20.7,6,4,10,6,0,1,3,0,0.29,0.19,0.48,0.29,0.48,Matches,ca618d23
1172,Mason Holgate,jm JAM,DF,Everton,eng Premier League,27,1996,1,0,6,0.1,0,0,0,0,0,0,0,0,0.00,0.00,0.00,0.00,0.00,Matches,d0042ab9
1173,Benedict Hollerbach,de GER,FWMF,Union Berlin,de Bundesliga,23,2001,34,30,2540,28.2,9,1,10,9,0,0,3,0,0.32,0.04,0.35,0.32,0.35,Matches,2a158218
1174,Emil Holm,se SWE,DF,Bologna,it Serie A,24,2000,21,12,1137,12.6,1,1,2,1,0,0,3,0,0.08,0.08,0.16,0.08,0.16,Matches,c2357b65
1175,Lewis Holtby,de GER,MF,Holstein Kiel,de Bundesliga,33,1990,25,13,1238,13.8,0,1,1,0,0,0,1,1,0.00,0.07,0.07,0.00,0.07,Matches,410ab123
1176,Gerrit Holtmann,ph PHI,MFDF,Bochum,de Bundesliga,29,1995,23,12,1136,12.6,2,1,3,2,0,0,2,0,0.16,0.08,0.24,0.16,0.24,Matches,2979c05a
1177,Franck Honorat,fr FRA,MF,Gladbach,de Bundesliga,27,1996,19,18,1439,16.0,4,7,11,4,0,0,0,0,0.25,0.44,0.69,0.25,0.69,Matches,db7849ca
1178,Mathias Honsak,at AUT,MFFW,Heidenheim,de Bundesliga,27,1996,22,12,1181,13.1,5,1,6,5,0,0,1,0,0.38,0.08,0.46,0.38,0.46,Matches,3dbdbb6a
1179,Dinko Horkaš,hr CRO,GK,Las Palmas,es La Liga,25,1999,13,11,1085,12.1,0,0,0,0,0,0,1,0,0.00,0.00,0.00,0.00,0.00,Matches,8fafc04d
1180,Timo Horn,de GER,GK,Bochum,de Bundesliga,31,1993,13,13,1170,13.0,0,0,0,0,0,0,2,0,0.00,0.00,0.00,0.00,0.00,Matches,3cd9e95a
1181,Cédric Hountondji,bj BEN,DF,Angers,fr Ligue 1,30,1994,3,3,270,3.0,0,0,0,0,0,0,0,0,0.00,0.00,0.00,0.00,0.00,Matches,00891164
1182,Ilyes Housni,fr FRA,FW,Le Havre,fr Ligue 1,19,2005,12,3,230,2.6,0,0,0,0,0,0,0,0,0.00,0.00,0.00,0.00,0.00,Matches,910e3cad
1183,Harry Howell,eng ENG,MF,Brighton,eng Premier League,16,2008,1,0,7,0.1,0,0,0,0,0,0,0,0,0.00,0.00,0.00,0.00,0.00,Matches,d8a7e52c
1184,Lukáš Hrádecký,fi FIN,GK,Leverkusen,de Bundesliga,34,1989,29,29,2610,29.0,0,0,0,0,0,0,1,0,0.00,0.00,0.00,0.00,0.00,Matches,ad3389d5
1185,Robin Hranáč,cz CZE,DF,Hoffenheim,de Bundesliga,24,2000,4,2,219,2.4,0,0,0,0,0,0,0,0,0.00,0.00,0.00,0.00,0.00,Matches,95d5aea2
1186,Callum Hudson-Odoi,eng ENG,MF,Nottingham,eng Premier League,23,2000,31,25,2194,24.4,5,2,7,5,0,0,2,0,0.21,0.08,0.29,0.21,0.29,Matches,15f3ec41
1187,Will Hughes,eng ENG,MF,Crystal Palace,eng Premier League,29,1995,33,24,2108,23.4,0,3,3,0,0,0,11,0,0.00,0.13,0.13,0.00,0.13,Matches,a0666d3e
1188,Dean Huijsen,es ESP,DF,Bournemouth,eng Premier League,19,2005,32,26,2427,27.0,3,2,5,3,0,0,10,0,0.11,0.07,0.19,0.11,0.19,Matches,87278bce
1189,Mats Hummels,de GER,DF,Roma,it Serie A,35,1988,14,11,915,10.2,0,0,0,0,0,0,1,0,0.00,0.00,0.00,0.00,0.00,Matches,05d548d8
1190,Omari Hutchinson,eng ENG,MF,Ipswich Town,eng Premier League,20,2003,31,30,2583,28.7,3,2,5,3,0,0,5,0,0.10,0.07,0.17,0.10,0.17,Matches,bd9553e6
1191,Elseid Hysaj,al ALB,DF,Lazio,it Serie A,30,1994,11,4,424,4.7,0,3,3,0,0,0,2,1,0.00,0.64,0.64,0.00,0.64,Matches,2f3452eb
1192,Hong Hyunseok,kr KOR,MF,Mainz 05,de Bundesliga,25,1999,23,4,530,5.9,0,1,1,0,0,0,0,0,0.00,0.17,0.17,0.00,0.17,Matches,9a234cc9
1193,Pierre Højbjerg,dk DEN,MF,Marseille,fr Ligue 1,28,1995,30,30,2664,29.6,2,4,6,2,0,0,5,0,0.07,0.14,0.20,0.07,0.20,Matches,8b04d6c1
1194,Oscar Højlund,dk DEN,MF,Frankfurt,de Bundesliga,19,2005,20,7,722,8.0,1,0,1,1,0,0,0,0,0.12,0.00,0.12,0.12,0.12,Matches,3e2bbae6
1195,Rasmus Højlund,dk DEN,FW,Manchester Utd,eng Premier League,21,2003,32,23,2004,22.3,4,0,4,4,0,0,2,0,0.18,0.00,0.18,0.18,0.18,Matches,491a433d
1196,Pablo Ibáñez,es ESP,MF,Osasuna,es La Liga,25,1998,28,13,1294,14.4,1,1,2,1,0,0,4,0,0.07,0.07,0.14,0.07,0.14,Matches,3701906c
1197,Hafiz Ibrahim,ng NGA,FW,Reims,fr Ligue 1,18,2005,11,2,391,4.3,0,1,1,0,0,0,2,1,0.00,0.23,0.23,0.00,0.23,Matches,f4f05099
1198,Arijon Ibrahimović,de GER,MF,Bayern Munich,de Bundesliga,18,2005,1,0,1,0.0,0,0,0,0,0,0,0,0,0.00,0.00,0.00,0.00,0.00,Matches,f5c4fd91
1199,Arijon Ibrahimović,de GER,MF,Lazio,it Serie A,18,2005,1,0,8,0.1,0,0,0,0,0,0,0,0,0.00,0.00,0.00,0.00,0.00,Matches,f5c4fd91
1200,Stanis Idumbo,be BEL,MF,Sevilla,es La Liga,19,2005,14,3,284,3.2,1,1,2,1,0,0,0,0,0.32,0.32,0.63,0.32,0.63,Matches,53551b98
1201,Jay Idzes,id IDN,DF,Venezia,it Serie A,24,2000,35,35,3127,34.7,1,0,1,1,0,0,5,0,0.03,0.00,0.03,0.03,0.03,Matches,a54ef587
1202,Iglesias,es ESP,DFMF,Getafe,es La Liga,26,1998,37,32,2888,32.1,0,1,1,0,0,0,4,0,0.00,0.03,0.03,0.00,0.03,Matches,974322dc
1203,Borja Iglesias,es ESP,FW,Celta Vigo,es La Liga,31,1993,37,24,1952,21.7,11,3,14,11,0,0,2,0,0.51,0.14,0.65,0.51,0.65,Matches,75645f0e
1204,Igor,br BRA,DF,Brighton,eng Premier League,26,1998,13,10,961,10.7,0,0,0,0,0,0,4,0,0.00,0.00,0.00,0.00,0.00,Matches,a4e85758
1205,Kelechi Iheanacho,ng NGA,FW,Sevilla,es La Liga,27,1996,9,5,400,4.4,0,0,0,0,0,0,0,0,0.00,0.00,0.00,0.00,0.00,Matches,c92e1a31
1206,Jonathan Ikone,fr FRA,MFFW,Como,it Serie A,26,1998,13,5,540,6.0,2,0,2,2,0,0,1,0,0.33,0.00,0.33,0.33,0.33,Matches,42eaa028
1207,Jonathan Ikone,fr FRA,MF,Fiorentina,it Serie A,26,1998,14,1,334,3.7,0,0,0,0,0,0,0,0,0.00,0.00,0.00,0.00,0.00,Matches,42eaa028
1208,George Ilenikhena,ng NGA,FW,Monaco,fr Ligue 1,17,2006,23,6,717,8.0,3,2,5,3,0,0,0,0,0.38,0.25,0.63,0.38,0.63,Matches,78c3ad07
1209,Andrej Ilic,rs SRB,FW,Union Berlin,de Bundesliga,24,2000,16,11,937,10.4,7,0,7,6,1,1,1,0,0.67,0.00,0.67,0.58,0.58,Matches,cd2cb5bb
1210,Ivan Ilić,rs SRB,MF,Torino,it Serie A,23,2001,19,9,920,10.2,1,0,1,1,0,0,4,0,0.10,0.00,0.10,0.10,0.10,Matches,bb376bed
1211,Rareş Ilie,ro ROU,MF,Nice,fr Ligue 1,21,2003,2,0,13,0.1,0,0,0,0,0,0,0,0,0.00,0.00,0.00,0.00,0.00,Matches,c9f49454
1212,Samuel Iling-Junior,eng ENG,MF,Bologna,it Serie A,20,2003,7,0,118,1.3,1,0,1,1,0,0,0,0,0.76,0.00,0.76,0.76,0.76,Matches,ba492306
1213,Danny Ings,eng ENG,FW,West Ham,eng Premier League,32,1992,15,1,284,3.2,1,2,3,1,0,0,0,0,0.32,0.63,0.95,0.32,0.95,Matches,07802f7f
1214,Alessio Iovine,it ITA,DF,Como,it Serie A,33,1991,10,3,387,4.3,0,0,0,0,0,0,2,0,0.00,0.00,0.00,0.00,0.00,Matches,083d7173
1215,Tim Iroegbunam,eng ENG,MF,Everton,eng Premier League,21,2003,18,5,574,6.4,0,1,1,0,0,0,4,0,0.00,0.16,0.16,0.00,0.16,Matches,84c5ceea
1216,Jackson Irvine,au AUS,MF,St Pauli,de Bundesliga,31,1993,29,29,2610,29.0,0,6,6,0,0,0,2,0,0.00,0.21,0.21,0.00,0.21,Matches,4637747c
1217,Andy Irving,sct SCO,MF,West Ham,eng Premier League,24,2000,10,1,166,1.8,0,0,0,0,0,0,2,0,0.00,0.00,0.00,0.00,0.00,Matches,b1be9fc0
1218,Alexander Isak,se SWE,FW,Newcastle,eng Premier League,24,1999,34,34,2756,30.6,23,6,29,19,4,4,1,0,0.75,0.20,0.95,0.62,0.82,Matches,8e92be30
1219,Gustav Isaksen,dk DEN,MF,Lazio,it Serie A,23,2001,37,29,2210,24.6,4,2,6,4,0,0,5,0,0.16,0.08,0.24,0.16,0.24,Matches,5715bb71
1220,Isco,es ESP,MF,Real Betis,es La Liga,32,1992,22,17,1547,17.2,9,8,17,4,5,6,5,0,0.52,0.47,0.99,0.23,0.70,Matches,a0b4bb3e
1221,Ismaily,br BRA,DF,Lille,fr Ligue 1,34,1990,16,10,904,10.0,0,1,1,0,0,0,4,0,0.00,0.10,0.10,0.00,0.10,Matches,cf182add
1222,Ardian Ismajli,al ALB,DF,Empoli,it Serie A,27,1996,29,29,2508,27.9,0,0,0,0,0,0,3,0,0.00,0.00,0.00,0.00,0.00,Matches,6b635f5c
1223,Yanis Issoufou,fr FRA,MF,Montpellier,fr Ligue 1,17,2006,4,1,77,0.9,0,0,0,0,0,0,0,0,0.00,0.00,0.00,0.00,0.00,Matches,5d004b30
1224,Ko Itakura,jp JPN,DF,Gladbach,de Bundesliga,27,1997,31,31,2790,31.0,3,0,3,3,0,0,5,0,0.10,0.00,0.10,0.10,0.10,Matches,97d545ae
1225,Hiroki Ito,jp JPN,DF,Bayern Munich,de Bundesliga,25,1999,6,3,250,2.8,1,0,1,1,0,0,1,0,0.36,0.00,0.36,0.36,0.36,Matches,204dded0
1226,Junya Itō,jp JPN,MFFW,Reims,fr Ligue 1,31,1993,33,31,2690,29.9,4,3,7,4,0,0,1,0,0.13,0.10,0.23,0.13,0.23,Matches,dbd3a428
1227,Diego Iturralde,es ESP,MF,Sevilla,es La Liga,21,2003,1,1,37,0.4,0,0,0,0,0,0,0,0,0.00,0.00,0.00,0.00,0.00,Matches,9d33c71a
1228,Marko Ivezić,rs SRB,DF,Holstein Kiel,de Bundesliga,22,2001,23,18,1657,18.4,0,0,0,0,0,0,5,0,0.00,0.00,0.00,0.00,0.00,Matches,964f4f30
1229,Alex Iwobi,ng NGA,MF,Fulham,eng Premier League,28,1996,38,35,2981,33.1,9,6,15,9,0,0,1,0,0.27,0.18,0.45,0.27,0.45,Matches,6ca5ec4b
1230,Armando Izzo,it ITA,DF,Monza,it Serie A,32,1992,30,28,2435,27.1,1,1,2,1,0,0,12,0,0.04,0.04,0.07,0.04,0.07,Matches,89976232
1231,Fellipe Jack,br BRA,DF,Como,it Serie A,18,2006,7,1,171,1.9,0,0,0,0,0,0,2,0,0.00,0.00,0.00,0.00,0.00,Matches,cace4967
1232,Nicolas Jackson,sn SEN,FW,Chelsea,eng Premier League,23,2001,30,28,2220,24.7,10,5,15,10,0,0,7,1,0.41,0.20,0.61,0.41,0.61,Matches,9c36ed83
1233,Jérémy Jacquet,fr FRA,DF,Rennes,fr Ligue 1,19,2005,11,11,927,10.3,0,1,1,0,0,0,0,0,0.00,0.10,0.10,0.00,0.10,Matches,cef70c94
1234,Lee Jae-sung,kr KOR,MF,Mainz 05,de Bundesliga,31,1992,33,31,2650,29.4,7,6,13,7,0,0,4,0,0.24,0.20,0.44,0.24,0.44,Matches,34b0387f
1235,Ivan Jaime Pajuelo,es ESP,MF,Valencia,es La Liga,23,2000,9,2,297,3.3,0,0,0,0,0,0,0,0,0.00,0.00,0.00,0.00,0.00,Matches,90ba7fa6
1236,Kristijan Jakić,hr CRO,MF,Augsburg,de Bundesliga,27,1997,31,27,2306,25.6,0,1,1,0,0,0,2,0,0.00,0.04,0.04,0.00,0.04,Matches,a8ee54ad
1237,Karl Jakob Hein,ee EST,GK,Valladolid,es La Liga,22,2002,31,31,2790,31.0,0,0,0,0,0,0,0,0,0.00,0.00,0.00,0.00,0.00,Matches,aa81d8f8
1238,Ismail Jakobs,sn SEN,DF,Monaco,fr Ligue 1,24,1999,2,2,180,2.0,0,0,0,0,0,0,0,0,0.00,0.00,0.00,0.00,0.00,Matches,a0415710
1239,Jordan James,wls WAL,MF,Rennes,fr Ligue 1,20,2004,23,14,1178,13.1,0,1,1,0,0,0,4,0,0.00,0.08,0.08,0.00,0.08,Matches,f719ad7f
1240,Reece James,eng ENG,DFMF,Chelsea,eng Premier League,24,1999,19,12,1063,11.8,1,1,2,1,0,0,1,0,0.08,0.08,0.17,0.08,0.17,Matches,1265a93a
1241,Vitaly Janelt,de GER,MF,Brentford,eng Premier League,26,1998,32,27,2254,25.0,1,3,4,1,0,0,3,0,0.04,0.12,0.16,0.04,0.16,Matches,8449d35e
1242,Adnan Januzaj,be BEL,MFFW,Las Palmas,es La Liga,29,1995,18,5,598,6.6,2,1,3,2,0,0,5,0,0.30,0.15,0.45,0.30,0.45,Matches,4737cebe
1243,Luca Jaquez,ch SUI,DF,Stuttgart,de Bundesliga,21,2003,5,2,253,2.8,0,0,0,0,0,0,0,0,0.00,0.00,0.00,0.00,0.00,Matches,a400da8e
1244,Vitezslav Jaros,cz CZE,GK,Liverpool,eng Premier League,23,2001,1,0,12,0.1,0,0,0,0,0,0,0,0,0.00,0.00,0.00,0.00,0.00,Matches,12bb4d6a
1245,Ali Jasim,iq IRQ,MF,Como,it Serie A,20,2004,2,0,10,0.1,0,0,0,0,0,0,0,0,0.00,0.00,0.00,0.00,0.00,Matches,1a927a6f
1246,Mikel Jauregizar,es ESP,MF,Athletic Club,es La Liga,20,2003,34,25,2244,24.9,2,1,3,2,0,0,4,1,0.08,0.04,0.12,0.08,0.12,Matches,2f5c78ca
1247,Dominik Javorček,sk SVK,MFDF,Holstein Kiel,de Bundesliga,21,2002,13,4,386,4.3,0,2,2,0,0,0,2,0,0.00,0.47,0.47,0.00,0.47,Matches,3a2cf67d
1248,Gaby Jean,fr FRA,DF,Lecce,it Serie A,24,2000,19,16,1388,15.4,0,0,0,0,0,0,0,0,0.00,0.00,0.00,0.00,0.00,Matches,5f130a19
1249,Daniel Jebbison,ca CAN,FW,Bournemouth,eng Premier League,20,2003,16,0,119,1.3,1,0,1,1,0,0,1,0,0.76,0.00,0.76,0.76,0.76,Matches,03edb878
1250,Finn Jeltsch,de GER,DF,Stuttgart,de Bundesliga,18,2006,12,9,780,8.7,0,0,0,0,0,0,2,0,0.00,0.00,0.00,0.00,0.00,Matches,227c9f36
1251,Malcolm Jeng,se SWE,DF,Reims,fr Ligue 1,19,2005,3,2,107,1.2,0,0,0,0,0,0,0,0,0.00,0.00,0.00,0.00,0.00,Matches,8dbf56c8
1252,Fredrik Jensen,fi FIN,MFFW,Augsburg,de Bundesliga,26,1997,20,9,763,8.5,0,0,0,0,0,0,0,0,0.00,0.00,0.00,0.00,0.00,Matches,3eeb80e0
1253,Mathias Jensen,dk DEN,MF,Brentford,eng Premier League,28,1996,24,8,862,9.6,0,2,2,0,0,0,2,0,0.00,0.21,0.21,0.00,0.21,Matches,0f134faf
1254,Moritz Jenz,de GER,DF,Mainz 05,de Bundesliga,25,1999,19,18,1600,17.8,0,0,0,0,0,0,4,0,0.00,0.00,0.00,0.00,0.00,Matches,ee644761
1255,Gabriel Jesus,br BRA,FW,Arsenal,eng Premier League,27,1997,17,6,608,6.8,3,0,3,3,0,0,4,0,0.44,0.00,0.44,0.44,0.44,Matches,b66315ae
1256,Juan Jesus,br BRA,DF,Napoli,it Serie A,33,1991,15,12,1074,11.9,0,1,1,0,0,0,2,0,0.00,0.08,0.08,0.00,0.08,Matches,79083382
1257,Álex Jiménez,es ESP,MFDF,Milan,it Serie A,19,2005,22,14,1266,14.1,0,1,1,0,0,0,6,0,0.00,0.07,0.07,0.00,0.07,Matches,faa13947
1258,Raúl Jiménez,mx MEX,FW,Fulham,eng Premier League,33,1991,38,30,2494,27.7,12,3,15,9,3,3,4,0,0.43,0.11,0.54,0.32,0.43,Matches,b561db50
1259,Kim Jisoo,kr KOR,DF,Brentford,eng Premier League,19,2004,3,0,30,0.3,0,0,0,0,0,0,0,0,0.00,0.00,0.00,0.00,0.00,Matches,f4065d9e
1260,João Pedro,br BRA,FWMF,Brighton,eng Premier League,22,2001,27,23,1948,21.6,10,6,16,5,5,5,4,1,0.46,0.28,0.74,0.23,0.51,Matches,e8832875
1261,John Joe,ie IRL,MF,Getafe,es La Liga,20,2003,4,0,48,0.5,0,0,0,0,0,0,1,0,0.00,0.00,0.00,0.00,0.00,Matches,fd01216a
1262,John Joe,ie IRL,MF,Reims,fr Ligue 1,20,2003,13,5,545,6.1,0,0,0,0,0,0,0,0,0.00,0.00,0.00,0.00,0.00,Matches,fd01216a
1263,Joelinton,br BRA,MFFW,Newcastle,eng Premier League,27,1996,29,29,2393,26.6,4,3,7,4,0,0,10,0,0.15,0.11,0.26,0.15,0.26,Matches,c17bfb65
1264,Jofre,es ESP,MF,Espanyol,es La Liga,23,2001,37,26,2165,24.1,3,3,6,3,0,0,5,0,0.12,0.12,0.25,0.12,0.25,Matches,030ef8d6
1265,Þórir Jóhann Helgason,is ISL,MF,Lecce,it Serie A,23,2000,21,13,1156,12.8,0,4,4,0,0,0,0,0,0.00,0.31,0.31,0.00,0.31,Matches,dc765618
1266,Carl Johansson,se SWE,DF,Holstein Kiel,de Bundesliga,30,1994,10,7,568,6.3,0,0,0,0,0,0,0,1,0.00,0.00,0.00,0.00,0.00,Matches,02f7a79a
1267,Ben Johnson,eng ENG,MFDF,Ipswich Town,eng Premier League,24,2000,23,14,1354,15.0,1,2,3,1,0,0,5,1,0.07,0.13,0.20,0.07,0.20,Matches,9319781b
1268,Brennan Johnson,wls WAL,FWMF,Tottenham,eng Premier League,23,2001,33,24,2177,24.2,11,3,14,11,0,0,5,0,0.45,0.12,0.58,0.45,0.58,Matches,0cd31129
1269,Karl-Johan Johnsson,se SWE,GK,Strasbourg,fr Ligue 1,34,1990,3,3,270,3.0,0,0,0,0,0,0,0,0,0.00,0.00,0.00,0.00,0.00,Matches,a56bd2ee
1270,Sam Johnstone,eng ENG,GK,Wolves,eng Premier League,31,1993,7,7,630,7.0,0,0,0,0,0,0,0,0,0.00,0.00,0.00,0.00,0.00,Matches,9e5708be
1271,Paul Joly,fr FRA,DFMF,Auxerre,fr Ligue 1,24,2000,26,10,1009,11.2,0,1,1,0,0,0,3,1,0.00,0.09,0.09,0.00,0.09,Matches,5b4bc323
1272,Curtis Jones,eng ENG,MFDF,Liverpool,eng Premier League,23,2001,33,19,1712,19.0,3,3,6,3,0,0,3,1,0.16,0.16,0.32,0.16,0.32,Matches,4fb9c88f
1273,Frenkie de Jong,nl NED,MF,Barcelona,es La Liga,27,1997,26,9,1143,12.7,2,2,4,2,0,0,3,0,0.16,0.16,0.31,0.16,0.31,Matches,1bacc518
1274,Joan Jordán,es ESP,MF,Alavés,es La Liga,30,1994,25,15,1414,15.7,5,2,7,2,3,4,4,0,0.32,0.13,0.45,0.13,0.25,Matches,2a0c8ba4
1275,Jorginho,it ITA,MF,Arsenal,eng Premier League,32,1991,15,9,704,7.8,0,0,0,0,0,0,5,0,0.00,0.00,0.00,0.00,0.00,Matches,45db685d
1276,Jesse Joronen,fi FIN,GK,Venezia,it Serie A,31,1993,8,7,703,7.8,0,0,0,0,0,0,0,0,0.00,0.00,0.00,0.00,0.00,Matches,7f66ea09
1277,Jota,pt POR,MF,Rennes,fr Ligue 1,25,1999,9,3,334,3.7,1,0,1,1,0,0,0,0,0.27,0.00,0.27,0.27,0.27,Matches,8c5f1522
1278,Diogo Jota,pt POR,FW,Liverpool,eng Premier League,27,1996,26,14,1196,13.3,6,3,9,6,0,0,2,0,0.45,0.23,0.68,0.45,0.68,Matches,178ae8f8
1279,Antoine Joujou,fr FRA,MFFW,Le Havre,fr Ligue 1,21,2003,26,9,943,10.5,0,2,2,0,0,0,1,0,0.00,0.19,0.19,0.00,0.19,Matches,f9124307
1280,Luka Jović,rs SRB,FW,Milan,it Serie A,26,1997,15,6,557,6.2,2,0,2,2,0,0,1,0,0.32,0.00,0.32,0.32,0.32,Matches,4d8cd038
1281,Juanmi,es ESP,FW,Getafe,es La Liga,31,1993,13,8,696,7.7,0,0,0,0,0,0,2,0,0.00,0.00,0.00,0.00,0.00,Matches,84399660
1282,Juanmi,es ESP,MF,Real Betis,es La Liga,31,1993,11,2,244,2.7,0,0,0,0,0,0,2,0,0.00,0.00,0.00,0.00,0.00,Matches,84399660
1283,Juanpe,es ESP,DF,Girona,es La Liga,33,1991,12,8,727,8.1,0,0,0,0,0,0,2,0,0.00,0.00,0.00,0.00,0.00,Matches,1633fc8a
1284,Jubal,br BRA,DF,Auxerre,fr Ligue 1,30,1993,30,30,2640,29.3,6,0,6,3,3,4,7,0,0.20,0.00,0.20,0.10,0.10,Matches,56ae428b
1285,Abdulai Juma Bah,sl SLE,DF,Valladolid,es La Liga,18,2006,12,10,864,9.6,0,0,0,0,0,0,1,0,0.00,0.00,0.00,0.00,0.00,Matches,7b505397
1286,Abdulai Juma Bah,sl SLE,DF,Lens,fr Ligue 1,18,2006,10,8,686,7.6,0,0,0,0,0,0,2,0,0.00,0.00,0.00,0.00,0.00,Matches,7b505397
1287,Anthony Jung,de GER,DF,Werder Bremen,de Bundesliga,32,1991,28,20,1898,21.1,0,0,0,0,0,0,1,0,0.00,0.00,0.00,0.00,0.00,Matches,de838f86
1288,Luiz Lúcio Reis Júnior,br BRA,GK,Villarreal,es La Liga,23,2001,17,16,1458,16.2,0,0,0,0,0,0,2,0,0.00,0.00,0.00,0.00,0.00,Matches,d0530e29
1289,Hamed Junior Traorè,ci CIV,MF,Auxerre,fr Ligue 1,24,2000,26,26,2093,23.3,10,2,12,10,0,0,5,0,0.43,0.09,0.52,0.43,0.52,Matches,570bb4b9
1290,Vinicius Júnior,br BRA,FWMF,Real Madrid,es La Liga,24,2000,30,24,2253,25.0,11,8,19,9,2,3,8,1,0.44,0.32,0.76,0.36,0.68,Matches,7111d552
1291,Josip Juranović,hr CRO,MFDF,Union Berlin,de Bundesliga,28,1995,17,13,1159,12.9,0,1,1,0,0,0,4,0,0.00,0.08,0.08,0.00,0.08,Matches,0a084b35
1292,David Jurásek,cz CZE,DFMF,Hoffenheim,de Bundesliga,23,2000,14,6,619,6.9,0,1,1,0,0,0,0,0,0.00,0.15,0.15,0.00,0.15,Matches,d7a03bf3
1293,Stanko Jurić,hr CRO,MF,Valladolid,es La Liga,27,1996,26,19,1729,19.2,0,0,0,0,0,0,7,1,0.00,0.00,0.00,0.00,0.00,Matches,21a87181
1294,James Justin,eng ENG,DFMF,Leicester City,eng Premier League,26,1998,36,34,2912,32.4,2,2,4,2,0,0,6,0,0.06,0.06,0.12,0.06,0.12,Matches,fb614c44
1295,Filip Jørgensen,dk DEN,GK,Chelsea,eng Premier League,22,2002,6,6,540,6.0,0,0,0,0,0,0,0,0,0.00,0.00,0.00,0.00,0.00,Matches,0107757e
1296,Mohamed Kaba,gn GUI,MF,Lecce,it Serie A,22,2001,15,2,452,5.0,0,0,0,0,0,0,1,0,0.00,0.00,0.00,0.00,0.00,Matches,517cfb19
1297,Yusuf Kabadayı,de GER,FW,Augsburg,de Bundesliga,20,2004,5,0,71,0.8,1,0,1,1,0,0,0,0,1.27,0.00,1.27,1.27,1.27,Matches,a4a94bb2
1298,Almugera Kabar,de GER,DF,Dortmund,de Bundesliga,18,2006,5,1,137,1.5,0,0,0,0,0,0,2,1,0.00,0.00,0.00,0.00,0.00,Matches,02a10dc0
1299,Christian Kabasele,be BEL,DF,Udinese,it Serie A,33,1991,16,12,1161,12.9,2,0,2,2,0,0,0,0,0.16,0.00,0.16,0.16,0.16,Matches,914ab9a1
1300,Issa Kaboré,bf BFA,MF,Werder Bremen,de Bundesliga,23,2001,9,3,308,3.4,0,0,0,0,0,0,0,0,0.00,0.00,0.00,0.00,0.00,Matches,c066d1a5
1301,Yaya Kader Fofana,ml MLI,MFFW,Reims,fr Ligue 1,20,2004,12,8,634,7.0,1,1,2,1,0,0,4,0,0.14,0.14,0.28,0.14,0.28,Matches,cedc53d2
1302,Pavel Kadeřábek,cz CZE,MFDF,Hoffenheim,de Bundesliga,32,1992,24,18,1576,17.5,2,0,2,2,0,0,6,0,0.11,0.00,0.11,0.11,0.11,Matches,79c90e45
1303,Tino Kadewere,zw ZIM,MF,Nantes,fr Ligue 1,28,1996,12,6,512,5.7,1,2,3,1,0,0,1,0,0.18,0.35,0.53,0.18,0.53,Matches,7d08063d
1304,Ferdi Kadioglu,tr TUR,DFMF,Brighton,eng Premier League,24,1999,6,5,385,4.3,1,0,1,1,0,0,1,0,0.23,0.00,0.23,0.23,0.23,Matches,66c52a77
1305,Arnaud Kalimuendo,fr FRA,FW,Rennes,fr Ligue 1,22,2002,33,31,2578,28.6,17,3,20,12,5,8,2,0,0.59,0.10,0.70,0.42,0.52,Matches,bf4c41f9
1306,Pierre Kalulu,fr FRA,DF,Juventus,it Serie A,24,2000,29,25,2337,26.0,1,0,1,1,0,0,2,1,0.04,0.00,0.04,0.04,0.04,Matches,85f7d1be
1307,Justin-Noël Kalumba,fr FRA,FW,Angers,fr Ligue 1,19,2004,2,0,31,0.3,0,0,0,0,0,0,0,0,0.00,0.00,0.00,0.00,0.00,Matches,32e2163d
1308,Daichi Kamada,jp JPN,MF,Crystal Palace,eng Premier League,27,1996,34,15,1564,17.4,0,0,0,0,0,0,4,1,0.00,0.00,0.00,0.00,0.00,Matches,15b287da
1309,Warren Kamanzi,no NOR,MF,Toulouse,fr Ligue 1,23,2000,24,11,1022,11.4,1,1,2,1,0,0,3,0,0.09,0.09,0.18,0.09,0.18,Matches,a426a912
1310,Boubacar Kamara,fr FRA,MFDF,Aston Villa,eng Premier League,24,1999,26,20,1726,19.2,1,0,1,1,0,0,2,0,0.05,0.00,0.05,0.05,0.05,Matches,cc77354e
1311,Glen Kamara,fi FIN,MF,Rennes,fr Ligue 1,28,1995,13,8,662,7.4,0,1,1,0,0,0,0,0,0.00,0.14,0.14,0.00,0.14,Matches,4da9191b
1312,Hassane Kamara,ci CIV,MFDF,Udinese,it Serie A,30,1994,30,25,2001,22.2,1,4,5,1,0,0,8,1,0.04,0.18,0.22,0.04,0.22,Matches,19a12bed
1313,Noham Kamara,fr FRA,DF,Paris SG,fr Ligue 1,17,2007,2,0,76,0.8,0,0,0,0,0,0,0,0,0.00,0.00,0.00,0.00,0.00,Matches,1a7cfdea
1314,Willy Kambwala,,DF,Villarreal,es La Liga,19,2004,19,12,1117,12.4,0,0,0,0,0,0,1,1,0.00,0.00,0.00,0.00,0.00,Matches,6a7353d7
1315,Jakub Kamiński,pl POL,MFDF,Wolfsburg,de Bundesliga,22,2002,22,12,1130,12.6,0,2,2,0,0,0,2,0,0.00,0.16,0.16,0.00,0.16,Matches,202b3b68
1316,Kevin Kampl,si SVN,MF,RB Leipzig,de Bundesliga,33,1990,26,18,1593,17.7,1,0,1,1,0,0,5,0,0.06,0.00,0.06,0.06,0.06,Matches,b825a650
1317,Nordine Kandil,fr FRA,MF,Strasbourg,fr Ligue 1,22,2001,1,0,10,0.1,0,0,0,0,0,0,0,0,0.00,0.00,0.00,0.00,0.00,Matches,c5908bc4
1318,Harry Kane,eng ENG,FW,Bayern Munich,de Bundesliga,31,1993,31,28,2381,26.5,26,9,35,17,9,9,5,0,0.98,0.34,1.32,0.64,0.98,Matches,21a66f6a
1319,Lee Kang-in,kr KOR,FWMF,Paris SG,fr Ligue 1,23,2001,30,19,1663,18.5,6,6,12,6,0,0,1,0,0.32,0.32,0.65,0.32,0.65,Matches,8455ad90
1320,Yann Karamoh,fr FRA,MFFW,Torino,it Serie A,26,1998,29,10,1046,11.6,0,1,1,0,0,0,2,0,0.00,0.09,0.09,0.00,0.09,Matches,8b66d9cc
1321,Atakan Karazor,tr TUR,MF,Stuttgart,de Bundesliga,27,1996,32,31,2618,29.1,2,4,6,2,0,0,10,1,0.07,0.14,0.21,0.07,0.21,Matches,5762be5c
1322,Jesper Karlsson,se SWE,MFFW,Bologna,it Serie A,26,1998,7,3,298,3.3,1,0,1,1,0,0,1,0,0.30,0.00,0.30,0.30,0.30,Matches,7952d0c2
1323,Jesper Karlsson,se SWE,MFFW,Lecce,it Serie A,26,1998,13,6,495,5.5,1,0,1,0,1,1,2,0,0.18,0.00,0.18,0.00,0.00,Matches,7952d0c2
1324,Jesper Karlström,se SWE,MF,Udinese,it Serie A,29,1995,37,36,3186,35.4,0,3,3,0,0,0,9,0,0.00,0.08,0.08,0.00,0.08,Matches,e0a1f4eb
1325,Lior Kasa,il ISR,MF,Genoa,it Serie A,18,2005,8,2,230,2.6,0,0,0,0,0,0,2,0,0.00,0.00,0.00,0.00,0.00,Matches,7987ef17
1326,Grigoris Kastanos,cy CYP,MFFW,Hellas Verona,it Serie A,26,1998,27,8,872,9.7,1,1,2,1,0,0,4,0,0.10,0.10,0.21,0.10,0.21,Matches,2a82aa85
1327,Mikkel Kaufmann,dk DEN,FWMF,Heidenheim,de Bundesliga,23,2001,9,3,372,4.1,0,0,0,0,0,0,2,0,0.00,0.00,0.00,0.00,0.00,Matches,6e269dd3
1328,Joachim Kayi Sanda,fr FRA,DF,Southampton,eng Premier League,17,2006,2,0,14,0.2,0,0,0,0,0,0,0,0,0.00,0.00,0.00,0.00,0.00,Matches,e2b2a181
1329,Michael Kayode,it ITA,DF,Fiorentina,it Serie A,20,2004,5,1,127,1.4,0,0,0,0,0,0,0,0,0.00,0.00,0.00,0.00,0.00,Matches,e19660a8
1330,Michael Kayode,it ITA,DF,Brentford,eng Premier League,20,2004,12,6,528,5.9,0,1,1,0,0,0,2,0,0.00,0.17,0.17,0.00,0.17,Matches,e19660a8
1331,Moise Kean,it ITA,FW,Fiorentina,it Serie A,24,2000,32,31,2704,30.0,19,3,22,18,1,2,6,0,0.63,0.10,0.73,0.60,0.70,Matches,3d50bcdb
1332,Michael Keane,eng ENG,DF,Everton,eng Premier League,31,1993,14,11,1049,11.7,3,0,3,3,0,0,5,0,0.26,0.00,0.26,0.26,0.26,Matches,c5b7c315
1333,Yassine Kechta,ma MAR,MFFW,Le Havre,fr Ligue 1,22,2002,31,25,2096,23.3,2,0,2,2,0,0,4,0,0.09,0.00,0.09,0.09,0.09,Matches,abefc3af
1334,Thilo Kehrer,de GER,DF,Monaco,fr Ligue 1,27,1996,27,27,2383,26.5,4,0,4,4,0,0,1,0,0.15,0.00,0.15,0.15,0.15,Matches,51dbeea9
1335,Abdoulaye Keita,es ESP,MF,Getafe,es La Liga,21,2002,3,1,95,1.1,0,0,0,0,0,0,0,0,0.00,0.00,0.00,0.00,0.00,Matches,154b6735
1336,Mandela Keita,be BEL,MF,Parma,it Serie A,22,2002,30,24,1826,20.3,0,2,2,0,0,0,6,1,0.00,0.10,0.10,0.00,0.10,Matches,f5692b25
1337,Yannik Keitel,de GER,MF,Stuttgart,de Bundesliga,24,2000,11,2,270,3.0,0,0,0,0,0,0,1,0,0.00,0.00,0.00,0.00,0.00,Matches,d2c580ce
1338,Andu Kelati,de GER,MF,Holstein Kiel,de Bundesliga,21,2002,8,2,288,3.2,1,1,2,1,0,0,2,1,0.31,0.31,0.62,0.31,0.62,Matches,58391f96
1339,Caoimhín Kelleher,ie IRL,GK,Liverpool,eng Premier League,25,1998,10,10,900,10.0,0,0,0,0,0,0,0,0,0.00,0.00,0.00,0.00,0.00,Matches,62d7ef38
1340,Thomas Keller,de GER,MFDF,Heidenheim,de Bundesliga,24,1999,6,2,148,1.6,0,0,0,0,0,0,2,0,0.00,0.00,0.00,0.00,0.00,Matches,285c7011
1341,Lloyd Kelly,eng ENG,DF,Newcastle,eng Premier League,25,1998,10,4,303,3.4,0,1,1,0,0,0,2,0,0.00,0.30,0.30,0.00,0.30,Matches,f31def1e
1342,Lloyd Kelly,eng ENG,DF,Juventus,it Serie A,25,1998,12,11,1013,11.3,0,0,0,0,0,0,1,0,0.00,0.00,0.00,0.00,0.00,Matches,f31def1e
1343,Aljoscha Kemlein,de GER,MF,Union Berlin,de Bundesliga,19,2004,15,11,922,10.2,1,0,1,1,0,0,3,0,0.10,0.00,0.10,0.10,0.10,Matches,4658e309
1344,Marc-Oliver Kempf,de GER,DF,Como,it Serie A,29,1995,31,30,2615,29.1,0,0,0,0,0,0,6,1,0.00,0.00,0.00,0.00,0.00,Matches,815c314f
1345,Kenedy,br BRA,FWMF,Valladolid,es La Liga,28,1996,2,0,9,0.1,0,0,0,0,0,0,0,0,0.00,0.00,0.00,0.00,0.00,Matches,5eebbfdf
1346,Luca Kerber,de GER,MF,Heidenheim,de Bundesliga,22,2002,23,7,783,8.7,2,0,2,2,0,0,4,0,0.23,0.00,0.23,0.23,0.23,Matches,c107935c
1347,Milos Kerkez,hu HUN,DF,Bournemouth,eng Premier League,20,2003,38,38,3336,37.1,2,5,7,2,0,0,4,0,0.05,0.13,0.19,0.05,0.19,Matches,0ad53bdc
1348,Reda Khadra,de GER,FWMF,Reims,fr Ligue 1,23,2001,4,0,78,0.9,0,0,0,0,0,0,0,0,0.00,0.00,0.00,0.00,0.00,Matches,88acf83f
1349,Bilal El Khannouss,ma MAR,MF,Leicester City,eng Premier League,20,2004,32,27,2182,24.2,2,3,5,2,0,0,4,0,0.08,0.12,0.21,0.08,0.21,Matches,f7042636
1350,Wahbi Khazri,tn TUN,FWMF,Montpellier,fr Ligue 1,33,1991,30,10,1118,12.4,1,1,2,1,0,0,4,0,0.08,0.08,0.16,0.08,0.16,Matches,2677a1de
1351,Rani Khedira,tn TUN,MF,Union Berlin,de Bundesliga,30,1994,32,31,2723,30.3,1,1,2,1,0,0,7,0,0.03,0.03,0.07,0.03,0.07,Matches,59e4b92e
1352,Abdukodir Khusanov,uz UZB,DF,Manchester City,eng Premier League,20,2004,6,6,503,5.6,0,0,0,0,0,0,1,0,0.00,0.00,0.00,0.00,0.00,Matches,d17ce930
1353,Abdukodir Khusanov,uz UZB,DF,Lens,fr Ligue 1,20,2004,13,11,975,10.8,0,0,0,0,0,0,2,1,0.00,0.00,0.00,0.00,0.00,Matches,d17ce930
1354,Kialonda,ao ANG,DF,Lecce,it Serie A,26,1997,24,24,2144,23.8,0,1,1,0,0,0,3,0,0.00,0.04,0.04,0.00,0.04,Matches,34e4dc3b
1355,Kiké,es ESP,FW,Alavés,es La Liga,34,1989,35,29,2542,28.2,13,0,13,10,3,3,5,1,0.46,0.00,0.46,0.35,0.35,Matches,e897d8ba
1356,Max Kilman,eng ENG,DF,West Ham,eng Premier League,27,1997,38,38,3348,37.2,0,1,1,0,0,0,5,0,0.00,0.03,0.03,0.00,0.03,Matches,d0f72bf1
1357,Joshua Kimmich,de GER,MF,Bayern Munich,de Bundesliga,29,1995,33,32,2847,31.6,3,7,10,3,0,0,4,0,0.09,0.22,0.32,0.09,0.32,Matches,49296448
1358,Presnel Kimpembe,fr FRA,DF,Paris SG,fr Ligue 1,28,1995,2,0,23,0.3,0,0,0,0,0,0,0,0,0.00,0.00,0.00,0.00,0.00,Matches,aef6e670
1359,Joshua King,no NOR,FWMF,Toulouse,fr Ligue 1,32,1992,28,21,1673,18.6,6,3,9,6,0,0,2,0,0.32,0.16,0.48,0.32,0.48,Matches,43458538
1360,Joshua King,eng ENG,MF,Fulham,eng Premier League,17,2007,8,1,130,1.4,0,0,0,0,0,0,0,0,0.00,0.00,0.00,0.00,0.00,Matches,86109b3b
1361,Tom King,wls WAL,GK,Wolves,eng Premier League,29,1995,1,0,1,0.0,0,0,0,0,0,0,0,0,0.00,0.00,0.00,0.00,0.00,Matches,5791b997
1362,Antonín Kinský,cz CZE,GK,Tottenham,eng Premier League,21,2003,6,6,540,6.0,0,0,0,0,0,0,0,0,0.00,0.00,0.00,0.00,0.00,Matches,b38ac6a4
1363,Cédric Kipré,ci CIV,DF,Reims,fr Ligue 1,27,1996,28,26,2190,24.3,0,1,1,0,0,0,4,2,0.00,0.04,0.04,0.00,0.04,Matches,9f30e7ed
1364,Jakub Kiwior,pl POL,DF,Arsenal,eng Premier League,24,2000,17,10,1122,12.5,1,0,1,1,0,0,1,0,0.08,0.00,0.08,0.08,0.08,Matches,dc3e663e
1365,Tim Kleindienst,de GER,FW,Gladbach,de Bundesliga,28,1995,31,31,2737,30.4,16,7,23,15,1,2,5,1,0.53,0.23,0.76,0.49,0.72,Matches,258a6f4d
1366,Lukas Klostermann,de GER,DF,RB Leipzig,de Bundesliga,28,1996,28,20,1838,20.4,1,0,1,1,0,0,5,0,0.05,0.00,0.05,0.05,0.05,Matches,ca8033cb
1367,Justin Kluivert,nl NED,MF,Bournemouth,eng Premier League,25,1999,34,29,2340,26.0,12,6,18,6,6,6,8,0,0.46,0.23,0.69,0.23,0.46,Matches,4c3a6744
1368,Ansgar Knauff,de GER,MF,Frankfurt,de Bundesliga,22,2002,30,18,1597,17.7,4,5,9,4,0,0,3,0,0.23,0.28,0.51,0.23,0.51,Matches,19a967ab
1369,Magnus Knudsen,no NOR,MF,Holstein Kiel,de Bundesliga,23,2001,31,22,1850,20.6,0,1,1,0,0,0,7,0,0.00,0.05,0.05,0.00,0.05,Matches,a48fb0c7
1370,Gregor Kobel,ch SUI,GK,Dortmund,de Bundesliga,26,1997,32,32,2880,32.0,0,0,0,0,0,0,1,0,0.00,0.00,0.00,0.00,0.00,Matches,cd59b9df
1371,Robin Koch,de GER,DF,Frankfurt,de Bundesliga,28,1996,30,30,2586,28.7,3,0,3,3,0,0,3,0,0.10,0.00,0.10,0.10,0.10,Matches,ea6bc03a
1372,Hervé Koffi,bf BFA,GK,Lens,fr Ligue 1,27,1996,5,5,450,5.0,0,0,0,0,0,0,2,0,0.00,0.00,0.00,0.00,0.00,Matches,faf873a7
1373,Magnus Kofod Andersen,dk DEN,MF,Venezia,it Serie A,25,1999,14,7,695,7.7,1,1,2,1,0,0,1,0,0.13,0.13,0.26,0.13,0.26,Matches,a4731ebc
1374,Derrick Köhn,gh GHA,MFDF,Werder Bremen,de Bundesliga,25,1999,27,14,1343,14.9,2,2,4,2,0,0,2,0,0.13,0.13,0.27,0.13,0.27,Matches,b735b590
1375,Philipp Köhn,ch SUI,GK,Monaco,fr Ligue 1,26,1998,19,19,1710,19.0,0,0,0,0,0,0,1,0,0.00,0.00,0.00,0.00,0.00,Matches,ff74841d
1376,Dominik Kohr,de GER,DFMF,Mainz 05,de Bundesliga,30,1994,28,28,2295,25.5,2,0,2,2,0,0,11,1,0.08,0.00,0.08,0.08,0.08,Matches,0fbecd11
1377,Koka,eg EGY,FW,Le Havre,fr Ligue 1,31,1993,16,10,851,9.5,3,1,4,2,1,1,2,0,0.32,0.11,0.42,0.21,0.32,Matches,9fc2531b
1378,Koke,es ESP,MF,Atlético Madrid,es La Liga,32,1992,32,20,1926,21.4,1,1,2,1,0,0,4,0,0.05,0.05,0.09,0.05,0.09,Matches,55126f3b
1379,Sead Kolašinac,ba BIH,DF,Atalanta,it Serie A,31,1993,23,23,1903,21.1,0,2,2,0,0,0,7,0,0.00,0.09,0.09,0.00,0.09,Matches,3935e52e
1380,Randal Kolo Muani,fr FRA,FW,Juventus,it Serie A,25,1998,16,13,1160,12.9,8,1,9,7,1,1,0,0,0.62,0.08,0.70,0.54,0.62,Matches,c0b3669f
1381,Randal Kolo Muani,fr FRA,FW,Paris SG,fr Ligue 1,25,1998,10,2,358,4.0,2,1,3,1,1,1,0,0,0.50,0.25,0.75,0.25,0.50,Matches,c0b3669f
1382,Marco Komenda,hr CRO,DF,Holstein Kiel,de Bundesliga,27,1996,19,17,1307,14.5,0,0,0,0,0,0,3,0,0.00,0.00,0.00,0.00,0.00,Matches,e7efcdb8
1383,Mert Kömür,de GER,MF,Augsburg,de Bundesliga,19,2005,20,5,654,7.3,2,1,3,2,0,0,1,0,0.28,0.14,0.41,0.28,0.41,Matches,ec68a918
1384,Ibrahima Konaté,fr FRA,DF,Liverpool,eng Premier League,25,1999,31,30,2560,28.4,1,2,3,1,0,0,5,0,0.04,0.07,0.11,0.04,0.11,Matches,5ed9b537
1385,Ismael Konate,it ITA,FW,Empoli,it Serie A,18,2006,12,0,116,1.3,0,1,1,0,0,0,0,0,0.00,0.78,0.78,0.00,0.78,Matches,351ab035
1386,Geoffrey Kondogbia,cf CTA,DFMF,Marseille,fr Ligue 1,31,1993,25,22,2020,22.4,0,0,0,0,0,0,1,0,0.00,0.00,0.00,0.00,0.00,Matches,cce181df
1387,Abdoul Koné,fr FRA,DF,Reims,fr Ligue 1,19,2005,4,1,133,1.5,0,0,0,0,0,0,0,0,0.00,0.00,0.00,0.00,0.00,Matches,c1ebf5d2
1388,Amadou Koné,ci CIV,MF,Reims,fr Ligue 1,19,2005,24,17,1293,14.4,0,0,0,0,0,0,3,1,0.00,0.00,0.00,0.00,0.00,Matches,2eb1ec07
1389,Ismaël Koné,ca CAN,MF,Marseille,fr Ligue 1,22,2002,8,3,360,4.0,0,0,0,0,0,0,0,0,0.00,0.00,0.00,0.00,0.00,Matches,e0220b70
1390,Ismaël Koné,ca CAN,MF,Rennes,fr Ligue 1,22,2002,13,4,469,5.2,2,1,3,2,0,0,1,0,0.38,0.19,0.58,0.38,0.58,Matches,e0220b70
1391,Manu Koné,fr FRA,MF,Roma,it Serie A,23,2001,34,31,2572,28.6,2,1,3,2,0,0,6,0,0.07,0.03,0.10,0.07,0.10,Matches,86574238
1392,Ezri Konsa,eng ENG,DF,Aston Villa,eng Premier League,26,1997,34,33,2936,32.6,2,0,2,2,0,0,1,0,0.06,0.00,0.06,0.06,0.06,Matches,0313a347
1393,Teun Koopmeiners,nl NED,MF,Juventus,it Serie A,26,1998,28,23,1994,22.2,3,3,6,3,0,0,3,0,0.14,0.14,0.27,0.14,0.27,Matches,a26fb8aa
1394,Kacper Koscierski,de GER,DF,Bochum,de Bundesliga,17,2007,1,0,7,0.1,0,0,0,0,0,0,0,0,0.00,0.00,0.00,0.00,0.00,Matches,68dca6f9
1395,Odilon Kossounou,ci CIV,DF,Atalanta,it Serie A,23,2001,18,12,1125,12.5,0,0,0,0,0,0,1,0,0.00,0.00,0.00,0.00,0.00,Matches,1f3afdcb
1396,Christian Kouamé,ci CIV,MFFW,Fiorentina,it Serie A,26,1997,18,5,622,6.9,0,1,1,0,0,0,1,0,0.00,0.14,0.14,0.00,0.14,Matches,58e933d2
1397,Christian Kouamé,ci CIV,FWMF,Empoli,it Serie A,26,1997,8,5,507,5.6,1,0,1,1,0,0,0,0,0.18,0.00,0.18,0.18,0.18,Matches,58e933d2
1398,Henri Koudossou,tg TOG,MF,Augsburg,de Bundesliga,24,1999,21,4,748,8.3,0,0,0,0,0,0,1,0,0.00,0.00,0.00,0.00,0.00,Matches,2b9745cb
1399,Konstantinos Koulierakis,gr GRE,DF,Wolfsburg,de Bundesliga,20,2003,30,28,2468,27.4,0,2,2,0,0,0,4,0,0.00,0.07,0.07,0.00,0.07,Matches,cba21b0d
1400,Emmanuel Koum Mbondo,fr FRA,FW,Marseille,fr Ligue 1,18,2006,1,0,12,0.1,0,0,0,0,0,0,0,0,0.00,0.00,0.00,0.00,0.00,Matches,cb3c6ca9
1401,Jules Koundé,fr FRA,DF,Barcelona,es La Liga,25,1998,32,29,2605,28.9,2,3,5,2,0,0,4,0,0.07,0.10,0.17,0.07,0.17,Matches,4d1666ff
1402,Boubakar Kouyaté,ml MLI,DF,Montpellier,fr Ligue 1,27,1997,11,8,756,8.4,0,0,0,0,0,0,6,1,0.00,0.00,0.00,0.00,0.00,Matches,562a4799
1403,Mateo Kovačić,hr CRO,MFDF,Manchester City,eng Premier League,30,1994,31,25,2198,24.4,6,2,8,6,0,0,5,1,0.25,0.08,0.33,0.25,0.33,Matches,79c0821a
1404,Viktor Kovalenko,ua UKR,MF,Empoli,it Serie A,28,1996,6,0,77,0.9,0,0,0,0,0,0,0,0,0.00,0.00,0.00,0.00,0.00,Matches,9d60028d
1405,Matej Kovar,cz CZE,GK,Leverkusen,de Bundesliga,24,2000,5,5,450,5.0,0,0,0,0,0,0,0,0,0.00,0.00,0.00,0.00,0.00,Matches,bc67a0e1
1406,Mateusz Kowalski,pl POL,MF,Parma,it Serie A,19,2005,1,1,56,0.6,0,0,0,0,0,0,0,0,0.00,0.00,0.00,0.00,0.00,Matches,d2bb908c
1407,Goduine Koyalipou,cf CTA,FW,Lens,fr Ligue 1,24,2000,15,12,885,9.8,4,0,4,4,0,0,0,0,0.41,0.00,0.41,0.41,0.41,Matches,2659a508
1408,Caleb Kporha,eng ENG,DF,Crystal Palace,eng Premier League,18,2006,2,0,13,0.1,0,0,0,0,0,0,0,0,0.00,0.00,0.00,0.00,0.00,Matches,c80f8c9d
1409,Emil Krafth,se SWE,DF,Newcastle,eng Premier League,29,1994,12,2,342,3.8,0,0,0,0,0,0,2,0,0.00,0.00,0.00,0.00,0.00,Matches,77cf6852
1410,Alex Král,cz CZE,MF,Espanyol,es La Liga,26,1998,37,29,2714,30.2,0,1,1,0,0,0,1,0,0.00,0.03,0.03,0.00,0.03,Matches,e717705a
1411,Andrej Kramarić,hr CRO,MF,Hoffenheim,de Bundesliga,33,1991,32,32,2767,30.7,11,8,19,8,3,3,4,0,0.36,0.26,0.62,0.26,0.52,Matches,603cb947
1412,Vladyslav Krapyvtsov,ua UKR,GK,Girona,es La Liga,19,2005,2,2,180,2.0,0,0,0,0,0,0,0,0,0.00,0.00,0.00,0.00,0.00,Matches,66daeaf7
1413,Frans Krätzig,de GER,MFDF,Heidenheim,de Bundesliga,21,2003,16,15,1217,13.5,1,2,3,1,0,0,1,0,0.07,0.15,0.22,0.07,0.22,Matches,1fc08838
1414,Frans Krätzig,de GER,DF,Stuttgart,de Bundesliga,21,2003,1,1,56,0.6,0,0,0,0,0,0,0,0,0.00,0.00,0.00,0.00,0.00,Matches,1fc08838
1415,Tom Krauß,de GER,MF,Bochum,de Bundesliga,23,2001,14,13,1077,12.0,0,0,0,0,0,0,2,0,0.00,0.00,0.00,0.00,0.00,Matches,9f77012e
1416,Ladislav Krejčí,cz CZE,DF,Girona,es La Liga,25,1999,28,27,2440,27.1,2,0,2,2,0,0,9,0,0.07,0.00,0.07,0.07,0.07,Matches,5b5c2228
1417,Rasmus Kristensen,dk DEN,DFMF,Frankfurt,de Bundesliga,27,1997,30,28,2513,27.9,5,3,8,5,0,0,4,0,0.18,0.11,0.29,0.18,0.29,Matches,39769cff
1418,Thomas Kristensen,dk DEN,DF,Udinese,it Serie A,22,2002,24,19,1754,19.5,1,0,1,1,0,0,5,0,0.05,0.00,0.05,0.05,0.05,Matches,fadf9a05
1419,Nikola Krstović,me MNE,FW,Lecce,it Serie A,24,2000,37,37,3057,34.0,11,5,16,9,2,3,6,0,0.32,0.15,0.47,0.26,0.41,Matches,473803c9
1420,Lukas Kübler,de GER,DF,Freiburg,de Bundesliga,31,1992,28,22,1842,20.5,5,1,6,5,0,0,5,0,0.24,0.05,0.29,0.24,0.29,Matches,2a29eb9b
1421,Takefusa Kubo,jp JPN,MFFW,Real Sociedad,es La Liga,23,2001,36,27,2372,26.4,5,0,5,5,0,0,5,0,0.19,0.00,0.19,0.19,0.19,Matches,16aa3654
1422,Mohammed Kudus,gh GHA,MFFW,West Ham,eng Premier League,23,2000,32,31,2590,28.8,5,3,8,5,0,0,2,1,0.17,0.10,0.28,0.17,0.28,Matches,b62878a5
1423,Dejan Kulusevski,se SWE,MFFW,Tottenham,eng Premier League,24,2000,32,27,2389,26.5,7,4,11,7,0,0,3,0,0.26,0.15,0.41,0.26,0.41,Matches,df3cda47
1424,Sael Kumbedi,fr FRA,DF,Lyon,fr Ligue 1,19,2005,14,12,951,10.6,0,0,0,0,0,0,2,0,0.00,0.00,0.00,0.00,0.00,Matches,c385bf49
1425,Marash Kumbulla,al ALB,DF,Espanyol,es La Liga,24,2000,35,34,2972,33.0,3,0,3,3,0,0,9,0,0.09,0.00,0.09,0.09,0.09,Matches,a40819d9
1426,Jonah Kusi-Asare,se SWE,FW,Bayern Munich,de Bundesliga,17,2007,1,0,3,0.0,0,0,0,0,0,0,0,0,0.00,0.00,0.00,0.00,0.00,Matches,c7c26e61
1427,Daler Kuzyaev,ru RUS,MF,Le Havre,fr Ligue 1,31,1993,12,6,567,6.3,1,0,1,1,0,0,1,0,0.16,0.00,0.16,0.16,0.16,Matches,d4e93bab
1428,Khvicha Kvaratskhelia,ge GEO,FWMF,Napoli,it Serie A,23,2001,17,15,1178,13.1,5,3,8,4,1,1,1,0,0.38,0.23,0.61,0.31,0.53,Matches,dea88efd
1429,Khvicha Kvaratskhelia,ge GEO,FW,Paris SG,fr Ligue 1,23,2001,14,11,916,10.2,4,3,7,4,0,0,0,0,0.39,0.29,0.69,0.39,0.69,Matches,dea88efd
1430,Moritz-Broni Kwarteng,gh GHA,MF,Bochum,de Bundesliga,26,1998,7,0,172,1.9,0,0,0,0,0,0,1,0,0.00,0.00,0.00,0.00,0.00,Matches,1e2057aa
1431,Giorgos Kyriakopoulos,gr GRE,MF,Monza,it Serie A,28,1996,34,33,2845,31.6,2,4,6,2,0,0,5,0,0.06,0.13,0.19,0.06,0.19,Matches,0a483542
1432,Luca de la Torre,us USA,MF,Celta Vigo,es La Liga,26,1998,1,0,4,0.0,0,0,0,0,0,0,0,0,0.00,0.00,0.00,0.00,0.00,Matches,e9241b40
1433,Rémy Labeau Lascary,gp GLP,MFFW,Lens,fr Ligue 1,21,2003,14,6,637,7.1,2,1,3,2,0,0,5,0,0.28,0.14,0.42,0.28,0.42,Matches,c90f380c
1434,Gaëtan Laborde,fr FRA,FW,Nice,fr Ligue 1,30,1994,28,20,1829,20.3,11,4,15,7,4,4,1,0,0.54,0.20,0.74,0.34,0.54,Matches,7cdda3bf
1435,Nediljko Labrović,hr CRO,GK,Augsburg,de Bundesliga,24,1999,15,15,1350,15.0,0,0,0,0,0,0,0,0,0.00,0.00,0.00,0.00,0.00,Matches,208fc867
1436,Alexandre Lacazette,fr FRA,FW,Lyon,fr Ligue 1,33,1991,30,24,2051,22.8,15,2,17,10,5,6,5,0,0.66,0.09,0.75,0.44,0.53,Matches,9dbb75ca
1437,Younes Lachaab,fr FRA,MF,Lille,fr Ligue 1,19,2005,2,0,9,0.1,0,0,0,0,0,0,0,0,0.00,0.00,0.00,0.00,0.00,Matches,fdfe71e8
1438,Maxence Lacroix,fr FRA,DF,Crystal Palace,eng Premier League,24,2000,35,35,3116,34.6,1,1,2,1,0,0,5,0,0.03,0.03,0.06,0.03,0.06,Matches,277c49ed
1439,Alban Lafont,ci CIV,GK,Nantes,fr Ligue 1,25,1999,12,12,1080,12.0,0,0,0,0,0,0,1,0,0.00,0.00,0.00,0.00,0.00,Matches,4e7db402
1440,Yoel Lago,es ESP,DF,Celta Vigo,es La Liga,20,2004,8,7,583,6.5,0,1,1,0,0,0,2,0,0.00,0.15,0.15,0.00,0.15,Matches,edd4e7a5
1441,Konrad Laimer,at AUT,DF,Bayern Munich,de Bundesliga,27,1997,29,19,1699,18.9,2,2,4,2,0,0,8,0,0.11,0.11,0.21,0.11,0.21,Matches,c1b7847c
1442,Stefan Lainer,at AUT,DF,Gladbach,de Bundesliga,31,1992,21,6,757,8.4,1,0,1,1,0,0,2,0,0.12,0.00,0.12,0.12,0.12,Matches,4aea5077
1443,Kenny Lala,mq MTQ,DF,Brest,fr Ligue 1,32,1991,30,29,2686,29.8,3,2,5,0,3,3,5,0,0.10,0.07,0.17,0.00,0.07,Matches,770d7eb8
1444,Adam Lallana,eng ENG,MF,Southampton,eng Premier League,36,1988,14,5,361,4.0,0,2,2,0,0,0,4,0,0.00,0.50,0.50,0.00,0.50,Matches,99813635
1445,Mathis Lambourde,fr FRA,FW,Hellas Verona,it Serie A,18,2006,7,0,89,1.0,1,0,1,1,0,0,1,0,1.01,0.00,1.01,1.01,1.01,Matches,0da3d7ab
1446,Mohamed Lamine Bayo,gn GUI,FW,Lille,fr Ligue 1,26,1998,12,4,309,3.4,2,1,3,2,0,0,1,0,0.58,0.29,0.87,0.58,0.87,Matches,01870104
1447,Tariq Lamptey,gh GHA,DFMF,Brighton,eng Premier League,23,2000,15,10,860,9.6,2,2,4,2,0,0,0,0,0.21,0.21,0.42,0.21,0.42,Matches,f4e433d4
1448,Will Lankshear,eng ENG,FW,Tottenham,eng Premier League,19,2005,3,0,11,0.1,0,0,0,0,0,0,0,0,0.00,0.00,0.00,0.00,0.00,Matches,92df535b
1449,Gianluca Lapadula,pe PER,FW,Cagliari,it Serie A,34,1990,12,1,310,3.4,0,0,0,0,0,0,1,0,0.00,0.00,0.00,0.00,0.00,Matches,2ead2809
1450,Cyle Larin,ca CAN,FW,Mallorca,es La Liga,29,1995,32,21,1764,19.6,7,2,9,6,1,1,4,0,0.36,0.10,0.46,0.31,0.41,Matches,e7af9060
1451,Gautier Larsonneur,fr FRA,GK,Saint-Étienne,fr Ligue 1,27,1997,34,34,3060,34.0,0,0,0,0,0,0,5,0,0.00,0.00,0.00,0.00,0.00,Matches,b49729cb
1452,Hugo Larsson,se SWE,MF,Frankfurt,de Bundesliga,20,2004,33,28,2393,26.6,3,1,4,3,0,0,2,0,0.11,0.04,0.15,0.11,0.15,Matches,00c9a283
1453,Juanmi Latasa,es ESP,FW,Valladolid,es La Liga,23,2001,28,14,1398,15.5,3,0,3,3,0,0,6,1,0.19,0.00,0.19,0.19,0.19,Matches,2bea832e
1454,Toni Lato,es ESP,DF,Mallorca,es La Liga,26,1997,14,7,621,6.9,0,0,0,0,0,0,1,1,0.00,0.00,0.00,0.00,0.00,Matches,8e088e04
1455,Roméo Lavia,be BEL,MF,Chelsea,eng Premier League,20,2004,16,11,797,8.9,0,1,1,0,0,0,4,0,0.00,0.11,0.11,0.00,0.11,Matches,ecad9aa5
1456,Valentino Lazaro,at AUT,MF,Torino,it Serie A,28,1996,33,26,2307,25.6,0,6,6,0,0,0,6,0,0.00,0.23,0.23,0.00,0.23,Matches,016ff750
1457,Darko Lazović,rs SRB,MF,Hellas Verona,it Serie A,33,1990,27,17,1459,16.2,2,3,5,1,1,1,0,0,0.12,0.19,0.31,0.06,0.25,Matches,5128bde4
1458,Manuel Lazzari,it ITA,DF,Lazio,it Serie A,30,1993,25,16,1406,15.6,0,1,1,0,0,0,3,0,0.00,0.06,0.06,0.00,0.06,Matches,02caf6e0
1459,Julien Le Cardinal,fr FRA,DF,Brest,fr Ligue 1,26,1997,16,15,1378,15.3,0,1,1,0,0,0,3,0,0.00,0.07,0.07,0.00,0.07,Matches,547a72ad
1460,Jérémy Le Douaron,fr FRA,FW,Brest,fr Ligue 1,26,1998,2,1,102,1.1,0,0,0,0,0,0,0,0,0.00,0.00,0.00,0.00,0.00,Matches,88c4d190
1461,Enzo Le Fée,fr FRA,MF,Roma,it Serie A,24,2000,6,4,318,3.5,0,0,0,0,0,0,1,0,0.00,0.00,0.00,0.00,0.00,Matches,6f806d99
1462,Robin Le Normand,es ESP,DF,Atlético Madrid,es La Liga,27,1996,27,24,2151,23.9,1,0,1,1,0,0,8,0,0.04,0.00,0.04,0.04,0.04,Matches,9a64e67e
1463,Nicola Leali,it ITA,GK,Genoa,it Serie A,31,1993,29,29,2610,29.0,0,0,0,0,0,0,1,0,0.00,0.00,0.00,0.00,0.00,Matches,5f9970a0
1464,Rafael Leão,pt POR,MFFW,Milan,it Serie A,25,1999,34,25,2323,25.8,8,8,16,8,0,0,5,0,0.31,0.31,0.62,0.31,0.62,Matches,20730eae
1465,Benjamin Lecomte,fr FRA,GK,Montpellier,fr Ligue 1,33,1991,30,30,2700,30.0,0,0,0,0,0,0,0,0,0.00,0.00,0.00,0.00,0.00,Matches,2fa2a875
1466,Pierre Lees-Melou,fr FRA,MF,Brest,fr Ligue 1,31,1993,20,17,1526,17.0,2,2,4,2,0,0,7,0,0.12,0.12,0.24,0.12,0.24,Matches,f5044e54
1467,Jordan Lefort,mr MTN,DF,Angers,fr Ligue 1,30,1993,34,34,3060,34.0,0,1,1,0,0,0,3,0,0.00,0.03,0.03,0.00,0.03,Matches,c3e4ecbb
1468,Diogo Leite,pt POR,DF,Union Berlin,de Bundesliga,25,1999,30,29,2546,28.3,1,2,3,1,0,0,3,0,0.04,0.07,0.11,0.04,0.11,Matches,c4987edc
1469,Maxim Leitsch,de GER,DF,Mainz 05,de Bundesliga,26,1998,14,6,674,7.5,1,0,1,1,0,0,2,0,0.13,0.00,0.13,0.13,0.13,Matches,7e12a98d
1470,Florian Lejeune,fr FRA,DF,Rayo Vallecano,es La Liga,33,1991,37,37,3325,36.9,2,3,5,2,0,0,8,0,0.05,0.08,0.14,0.05,0.14,Matches,6eaed4eb
1471,Stefan Lekovic,rs SRB,DF,Monza,it Serie A,20,2004,7,3,367,4.1,0,0,0,0,0,0,0,0,0.00,0.00,0.00,0.00,0.00,Matches,d633fd46
1472,Iñigo Lekue,es ESP,DF,Athletic Club,es La Liga,31,1993,16,8,773,8.6,0,0,0,0,0,0,1,0,0.00,0.00,0.00,0.00,0.00,Matches,59b7d823
1473,Nunzio Lella,it ITA,MF,Venezia,it Serie A,24,2000,1,0,5,0.1,0,0,0,0,0,0,0,0,0.00,0.00,0.00,0.00,0.00,Matches,c149e8a6
1474,Thomas Lemar,fr FRA,MF,Atlético Madrid,es La Liga,28,1995,5,0,85,0.9,0,0,0,0,0,0,0,0,0.00,0.00,0.00,0.00,0.00,Matches,4dbd0916
1475,Félix Lemaréchal,fr FRA,MFFW,Strasbourg,fr Ligue 1,20,2003,27,20,1779,19.8,4,3,7,4,0,0,2,0,0.20,0.15,0.35,0.20,0.35,Matches,8ca9415f
1476,Mario Lemina,ga GAB,MFDF,Wolves,eng Premier League,30,1993,17,15,1364,15.2,1,3,4,1,0,0,4,0,0.07,0.20,0.26,0.07,0.26,Matches,2b471f99
1477,Clément Lenglet,fr FRA,DF,Atlético Madrid,es La Liga,29,1995,23,23,1972,21.9,2,1,3,2,0,0,9,0,0.09,0.05,0.14,0.09,0.14,Matches,4f28a6ff
1478,Bernd Leno,de GER,GK,Fulham,eng Premier League,32,1992,38,38,3420,38.0,0,1,1,0,0,0,5,0,0.00,0.03,0.03,0.00,0.03,Matches,2628fd2b
1479,Donovan Léon,gf GUF,GK,Auxerre,fr Ligue 1,31,1992,32,32,2880,32.0,0,2,2,0,0,0,4,0,0.00,0.06,0.06,0.00,0.06,Matches,51c83a90
1480,Giovanni Leoni,it ITA,DF,Parma,it Serie A,17,2006,17,14,1199,13.3,1,0,1,1,0,0,3,1,0.08,0.00,0.08,0.08,0.08,Matches,570888ce
1481,Esteban Lepaul,fr FRA,FW,Angers,fr Ligue 1,24,2000,28,18,1629,18.1,9,0,9,9,0,0,2,0,0.50,0.00,0.50,0.50,0.50,Matches,85ce1949
1482,Johann Lepenant,fr FRA,MF,Nantes,fr Ligue 1,21,2002,29,23,2048,22.8,2,1,3,2,0,0,3,0,0.09,0.04,0.13,0.09,0.13,Matches,1e52971c
1483,Jefferson Lerma,co COL,MFDF,Crystal Palace,eng Premier League,29,1994,33,26,2274,25.3,0,1,1,0,0,0,9,0,0.00,0.04,0.04,0.00,0.04,Matches,9b5ce51a
1484,Louis Leroux,fr FRA,MFDF,Nantes,fr Ligue 1,18,2006,16,8,816,9.1,2,1,3,2,0,0,1,0,0.22,0.11,0.33,0.22,0.33,Matches,88972aa9
1485,Robert Lewandowski,pl POL,FW,Barcelona,es La Liga,35,1988,34,32,2667,29.6,27,2,29,24,3,4,1,0,0.91,0.07,0.98,0.81,0.88,Matches,8d78e732
1486,Jamie Leweling,de GER,MF,Stuttgart,de Bundesliga,23,2001,27,22,1663,18.5,2,2,4,2,0,0,4,0,0.11,0.11,0.22,0.11,0.22,Matches,13fe7b69
1487,Rico Lewis,eng ENG,DFMF,Manchester City,eng Premier League,19,2004,28,21,1893,21.0,1,2,3,1,0,0,5,1,0.05,0.10,0.14,0.05,0.14,Matches,b57e066e
1488,Keane Lewis-Potter,eng ENG,DFMF,Brentford,eng Premier League,23,2001,38,36,3093,34.4,1,3,4,1,0,0,7,0,0.03,0.09,0.12,0.03,0.12,Matches,41f08ac8
1489,Myles Lewis-Skelly,eng ENG,DF,Arsenal,eng Premier League,17,2006,23,15,1369,15.2,1,0,1,1,0,0,3,2,0.07,0.00,0.07,0.07,0.07,Matches,5dff6c28
1490,Ben Lhassine Kone,ci CIV,MF,Como,it Serie A,24,2000,4,0,51,0.6,0,0,0,0,0,0,1,0,0.00,0.00,0.00,0.00,0.00,Matches,7452c7a8
1491,Mattia Liberali,it ITA,MF,Milan,it Serie A,17,2007,1,1,61,0.7,0,0,0,0,0,0,0,0,0.00,0.00,0.00,0.00,0.00,Matches,775f4a87
1492,Philipp Lienhart,at AUT,DF,Freiburg,de Bundesliga,28,1996,32,31,2770,30.8,1,0,1,1,0,0,5,0,0.03,0.00,0.03,0.03,0.03,Matches,302527b2
1493,Matthijs de Ligt,nl NED,DF,Manchester Utd,eng Premier League,24,1999,29,25,2123,23.6,2,0,2,2,0,0,3,0,0.08,0.00,0.08,0.08,0.08,Matches,d6e53a3a
1494,Pedro Lima,br BRA,MF,Wolves,eng Premier League,18,2006,3,1,70,0.8,0,0,0,0,0,0,0,0,0.00,0.00,0.00,0.00,0.00,Matches,b2f4cad5
1495,Victor Lindelöf,se SWE,DF,Manchester Utd,eng Premier League,30,1994,16,6,704,7.8,0,0,0,0,0,0,1,0,0.00,0.00,0.00,0.00,0.00,Matches,f5deef4c
1496,Jesper Lindstrøm,dk DEN,MF,Everton,eng Premier League,24,2000,25,15,1239,13.8,0,1,1,0,0,0,2,0,0.00,0.07,0.07,0.00,0.07,Matches,37dc1a48
1497,Karol Linetty,pl POL,MF,Torino,it Serie A,29,1995,28,18,1540,17.1,1,0,1,1,0,0,6,0,0.06,0.00,0.06,0.06,0.06,Matches,d023d70f
1498,Samuel Lino,br BRA,MF,Atlético Madrid,es La Liga,24,1999,31,21,1552,17.2,3,4,7,3,0,0,3,0,0.17,0.23,0.41,0.17,0.41,Matches,2a295d33
1499,Pol Lirola,es ESP,DF,Marseille,fr Ligue 1,26,1997,19,5,680,7.6,1,2,3,1,0,0,1,1,0.13,0.26,0.40,0.13,0.40,Matches,ff800ed8
1500,Dailon Livramento,cv CPV,MFFW,Hellas Verona,it Serie A,23,2001,29,8,940,10.4,1,1,2,1,0,0,2,1,0.10,0.10,0.19,0.10,0.19,Matches,c115db1e
1501,Tino Livramento,eng ENG,DF,Newcastle,eng Premier League,21,2002,37,32,2840,31.6,0,1,1,0,0,0,1,0,0.00,0.03,0.03,0.00,0.03,Matches,afed6722
1502,Marin Ljubicic,hr CRO,FW,Union Berlin,de Bundesliga,22,2002,13,1,281,3.1,1,1,2,1,0,0,1,0,0.32,0.32,0.64,0.32,0.64,Matches,774b7f08
1503,Javier Llabrés,es ESP,MF,Mallorca,es La Liga,21,2002,1,1,57,0.6,0,0,0,0,0,0,0,0,0.00,0.00,0.00,0.00,0.00,Matches,38b0cf42
1504,Diego Llorente,es ESP,DF,Real Betis,es La Liga,30,1993,30,29,2519,28.0,2,0,2,2,0,0,4,0,0.07,0.00,0.07,0.07,0.07,Matches,bba30585
1505,Marcos Llorente,es ESP,DFMF,Atlético Madrid,es La Liga,29,1995,33,28,2513,27.9,2,4,6,2,0,0,0,1,0.07,0.14,0.21,0.07,0.21,Matches,02c15616
1506,Gautier Lloris,fr FRA,DF,Le Havre,fr Ligue 1,29,1995,31,31,2768,30.8,2,1,3,2,0,0,5,0,0.07,0.03,0.10,0.07,0.10,Matches,ac89503b
1507,Giovani Lo Celso,ar ARG,MF,Real Betis,es La Liga,28,1996,25,15,1457,16.2,8,3,11,6,2,3,4,0,0.49,0.19,0.68,0.37,0.56,Matches,d7553721
1508,Stanislav Lobotka,sk SVK,MF,Napoli,it Serie A,29,1994,32,31,2636,29.3,0,1,1,0,0,0,3,0,0.00,0.03,0.03,0.00,0.03,Matches,e1cbb531
1509,Manuel Locatelli,it ITA,MF,Juventus,it Serie A,26,1998,36,34,2822,31.4,2,2,4,1,1,1,9,0,0.06,0.06,0.13,0.03,0.10,Matches,a8a874f1
1510,Bradley Locko,fr FRA,DF,Brest,fr Ligue 1,22,2002,2,1,97,1.1,0,0,0,0,0,0,1,0,0.00,0.00,0.00,0.00,0.00,Matches,40221fa7
1511,Ruben Loftus-Cheek,eng ENG,MF,Milan,it Serie A,28,1996,19,10,1037,11.5,0,0,0,0,0,0,3,0,0.00,0.00,0.00,0.00,0.00,Matches,e97fd090
1512,Elysée Logbo,fr FRA,FW,Le Havre,fr Ligue 1,20,2004,1,0,27,0.3,0,0,0,0,0,0,0,0,0.00,0.00,0.00,0.00,0.00,Matches,daa11a4f
1513,Enzo Loiodice,fr FRA,MF,Las Palmas,es La Liga,23,2000,17,7,684,7.6,0,0,0,0,0,0,3,0,0.00,0.00,0.00,0.00,0.00,Matches,6bca20fe
1514,Sean Longstaff,eng ENG,MF,Newcastle,eng Premier League,26,1997,25,8,798,8.9,0,0,0,0,0,0,2,0,0.00,0.00,0.00,0.00,0.00,Matches,a2b105e0
1515,Ademola Lookman,ng NGA,MFFW,Atalanta,it Serie A,26,1997,31,28,2247,25.0,15,5,20,14,1,1,4,0,0.60,0.20,0.80,0.56,0.76,Matches,7c104bb7
1516,Anthony Lopes,pt POR,GK,Nantes,fr Ligue 1,33,1990,18,18,1563,17.4,0,0,0,0,0,0,2,0,0.00,0.00,0.00,0.00,0.00,Matches,f00de885
1517,David López,es ESP,DF,Mallorca,es La Liga,21,2003,2,2,169,1.9,0,0,0,0,0,0,0,0,0.00,0.00,0.00,0.00,0.00,Matches,0924357d
1518,David López,es ESP,DF,Girona,es La Liga,34,1989,29,27,2429,27.0,1,1,2,1,0,0,4,0,0.04,0.04,0.07,0.04,0.07,Matches,f03f284b
1519,Diego López,es ESP,MF,Valencia,es La Liga,22,2002,38,35,2737,30.4,8,5,13,8,0,0,3,0,0.26,0.16,0.43,0.26,0.43,Matches,c487901c
1520,Fer López,es ESP,FWMF,Celta Vigo,es La Liga,20,2004,17,7,671,7.5,2,0,2,2,0,0,2,0,0.27,0.00,0.27,0.27,0.27,Matches,675cacff
1521,Fermin López,es ESP,MF,Barcelona,es La Liga,21,2003,28,12,1252,13.9,6,5,11,6,0,0,4,1,0.43,0.36,0.79,0.43,0.79,Matches,c1fe5f0b
1522,Javi López,es ESP,DF,Real Sociedad,es La Liga,22,2002,29,21,1936,21.5,0,0,0,0,0,0,4,0,0.00,0.00,0.00,0.00,0.00,Matches,e9ada8cf
1523,Pau López,es ESP,GK,Girona,es La Liga,29,1994,1,0,45,0.5,0,0,0,0,0,0,0,0,0.00,0.00,0.00,0.00,0.00,Matches,20b9f052
1524,Roberto López,es ESP,MF,Leganés,es La Liga,24,2000,13,3,396,4.4,0,1,1,0,0,0,0,0,0.00,0.23,0.23,0.00,0.23,Matches,2a8c9f98
1525,Unai López,es ESP,MF,Rayo Vallecano,es La Liga,28,1995,32,23,1707,19.0,3,1,4,3,0,0,9,1,0.16,0.05,0.21,0.16,0.21,Matches,88050721
1526,Iker Losada,es ESP,MFFW,Celta Vigo,es La Liga,22,2001,12,4,358,4.0,1,0,1,1,0,0,2,0,0.25,0.00,0.25,0.25,0.25,Matches,41521385
1527,Iker Losada,es ESP,MF,Real Betis,es La Liga,22,2001,10,3,336,3.7,0,0,0,0,0,0,0,0,0.00,0.00,0.00,0.00,0.00,Matches,41521385
1528,Anthony Losilla,fr FRA,MF,Bochum,de Bundesliga,38,1986,21,13,1137,12.6,0,0,0,0,0,0,1,0,0.00,0.00,0.00,0.00,0.00,Matches,07c7eb0c
1529,Jordan Lotomba,ch SUI,DFMF,Nice,fr Ligue 1,25,1998,2,0,35,0.4,0,0,0,0,0,0,0,0,0.00,0.00,0.00,0.00,0.00,Matches,fc4cf6a7
1530,Tom Louchet,fr FRA,DFMF,Nice,fr Ligue 1,21,2003,22,7,775,8.6,1,0,1,1,0,0,1,0,0.12,0.00,0.12,0.12,0.12,Matches,f999e9be
1531,Sandi Lovrić,si SVN,MF,Udinese,it Serie A,26,1998,36,31,2308,25.6,2,3,5,2,0,0,5,0,0.08,0.12,0.19,0.08,0.19,Matches,966eea58
1532,Pol Lozano,es ESP,MF,Espanyol,es La Liga,24,1999,30,27,1943,21.6,0,1,1,0,0,0,12,0,0.00,0.05,0.05,0.00,0.05,Matches,ea610f00
1533,Lorenzo Lucca,it ITA,FW,Udinese,it Serie A,23,2000,33,27,2353,26.1,12,1,13,11,1,1,10,0,0.46,0.04,0.50,0.42,0.46,Matches,83c06f3a
1534,Jhon Lucumí,co COL,DF,Bologna,it Serie A,26,1998,32,29,2614,29.0,0,1,1,0,0,0,8,1,0.00,0.03,0.03,0.00,0.03,Matches,80490d7f
1535,Yannik Lührs,de GER,DF,Dortmund,de Bundesliga,20,2003,3,1,127,1.4,0,0,0,0,0,0,0,0,0.00,0.00,0.00,0.00,0.00,Matches,10e5f256
1536,José Luis Gayà,es ESP,DF,Valencia,es La Liga,29,1995,23,22,1803,20.0,0,1,1,0,0,0,7,0,0.00,0.05,0.05,0.00,0.05,Matches,b05e2dbd
1537,José Luis Palomino,ar ARG,DF,Cagliari,it Serie A,34,1990,18,10,1081,12.0,1,0,1,1,0,0,3,0,0.08,0.00,0.08,0.08,0.08,Matches,921f6058
1538,Douglas Luiz,br BRA,MF,Juventus,it Serie A,26,1998,19,3,529,5.9,0,0,0,0,0,0,2,0,0.00,0.00,0.00,0.00,0.00,Matches,6f7d826d
1539,Romelu Lukaku,be BEL,FW,Napoli,it Serie A,31,1993,36,35,2843,31.6,14,10,24,11,3,4,4,0,0.44,0.32,0.76,0.35,0.66,Matches,5eae500a
1540,Castello Lukeba,fr FRA,DF,RB Leipzig,de Bundesliga,21,2002,23,18,1577,17.5,0,0,0,0,0,0,2,0,0.00,0.00,0.00,0.00,0.00,Matches,5b9512c5
1541,Dodi Lukebakio,be BEL,MFFW,Sevilla,es La Liga,26,1997,38,36,3092,34.4,11,2,13,10,1,1,3,1,0.32,0.06,0.38,0.29,0.35,Matches,0c61c77c
1542,Saša Lukić,rs SRB,MF,Fulham,eng Premier League,27,1996,30,28,2344,26.0,0,2,2,0,0,0,12,0,0.00,0.08,0.08,0.00,0.08,Matches,c6e8cf1f
1543,Milos Lukovic,rs SRB,FW,Strasbourg,fr Ligue 1,18,2005,2,0,12,0.1,0,0,0,0,0,0,0,0,0.00,0.00,0.00,0.00,0.00,Matches,b1c7a35e
1544,Joe Lumley,eng ENG,GK,Southampton,eng Premier League,29,1995,3,3,270,3.0,0,0,0,0,0,0,0,0,0.00,0.00,0.00,0.00,0.00,Matches,bdf3a08e
1545,Daniel Luna,co COL,MF,Mallorca,es La Liga,21,2003,2,0,20,0.2,0,0,0,0,0,0,0,0,0.00,0.00,0.00,0.00,0.00,Matches,410b16e3
1546,Andriy Lunin,ua UKR,GK,Real Madrid,es La Liga,25,1999,7,7,630,7.0,0,1,1,0,0,0,0,0,0.00,0.14,0.14,0.00,0.14,Matches,3061e1ec
1547,Massimo Luongo,au AUS,MF,Ipswich Town,eng Premier League,31,1992,11,2,201,2.2,0,0,0,0,0,0,0,0,0.00,0.00,0.00,0.00,0.00,Matches,967ac6e1
1548,Sebastiano Luperto,it ITA,DF,Cagliari,it Serie A,27,1996,36,36,3240,36.0,1,3,4,1,0,0,4,0,0.03,0.08,0.11,0.03,0.11,Matches,997fff07
1549,Zito Luvumbo,ao ANG,FWMF,Cagliari,it Serie A,22,2002,26,19,1606,17.8,2,2,4,2,0,0,2,0,0.11,0.11,0.22,0.11,0.22,Matches,b09e0873
1550,Babis Lykogiannis,gr GRE,DF,Bologna,it Serie A,30,1993,17,12,1048,11.6,0,4,4,0,0,0,3,0,0.00,0.34,0.34,0.00,0.34,Matches,5efc5389
1551,Senne Lynen,be BEL,MF,Werder Bremen,de Bundesliga,25,1999,32,32,2733,30.4,0,1,1,0,0,0,9,0,0.00,0.03,0.03,0.00,0.03,Matches,0ed60738
1552,Mathias Løvik,no NOR,DFMF,Parma,it Serie A,20,2003,6,0,92,1.0,0,0,0,0,0,0,0,0,0.00,0.00,0.00,0.00,0.00,Matches,f17aa65c
1553,Othmane Maamma,ma MAR,MF,Montpellier,fr Ligue 1,18,2005,12,2,361,4.0,1,1,2,1,0,0,1,0,0.25,0.25,0.50,0.25,0.50,Matches,5bdb4a7b
1554,Ian Maatsen,nl NED,DF,Aston Villa,eng Premier League,22,2002,29,10,1139,12.7,1,2,3,1,0,0,2,0,0.08,0.16,0.24,0.08,0.24,Matches,cab9634e
1555,Alexis Mac Allister,ar ARG,MF,Liverpool,eng Premier League,25,1998,35,30,2599,28.9,5,5,10,5,0,0,6,0,0.17,0.17,0.35,0.17,0.35,Matches,83d074ff
1556,Deiver Machado,co COL,DFMF,Lens,fr Ligue 1,30,1993,27,20,1805,20.1,1,4,5,1,0,0,7,2,0.05,0.20,0.25,0.05,0.25,Matches,b3f8bdef
1557,Lanroy Machine,fr FRA,MF,Angers,fr Ligue 1,18,2005,2,0,8,0.1,0,0,0,0,0,0,0,0,0.00,0.00,0.00,0.00,0.00,Matches,e7cf1d4c
1558,Shuto Machino,jp JPN,FWMF,Holstein Kiel,de Bundesliga,24,1999,32,23,1953,21.7,11,2,13,9,2,2,2,0,0.51,0.09,0.60,0.41,0.51,Matches,964dde35
1559,Darwin Machís,ve VEN,MFFW,Valladolid,es La Liga,31,1993,18,7,639,7.1,0,1,1,0,0,0,0,0,0.00,0.14,0.14,0.00,0.14,Matches,ed6ea4d9
1560,Yvann Macon,fr FRA,DF,Saint-Étienne,fr Ligue 1,25,1998,12,10,790,8.8,0,0,0,0,0,0,4,0,0.00,0.00,0.00,0.00,0.00,Matches,0bb6e193
1561,James Maddison,eng ENG,MF,Tottenham,eng Premier League,27,1996,31,21,1809,20.1,9,7,16,9,0,0,6,0,0.45,0.35,0.80,0.45,0.80,Matches,ee38d9c5
1562,Eros Maddy,nl NED,FWMF,Auxerre,fr Ligue 1,23,2001,2,0,15,0.2,0,0,0,0,0,0,1,0,0.00,0.00,0.00,0.00,0.00,Matches,0ed50019
1563,Noni Madueke,eng ENG,MF,Chelsea,eng Premier League,22,2002,32,27,2033,22.6,7,3,10,7,0,0,3,0,0.31,0.13,0.44,0.31,0.44,Matches,bf34eebd
1564,Pablo Maffeo,es ESP,DF,Mallorca,es La Liga,27,1997,30,28,2368,26.3,0,2,2,0,0,0,7,0,0.00,0.08,0.08,0.00,0.08,Matches,5db04597
1565,Gabriel Magalhães,br BRA,DF,Arsenal,eng Premier League,26,1997,28,28,2363,26.3,3,1,4,3,0,0,4,0,0.11,0.04,0.15,0.11,0.15,Matches,67ac5bb8
1566,Soungoutou Magassa,fr FRA,MF,Monaco,fr Ligue 1,20,2003,21,12,1025,11.4,0,1,1,0,0,0,5,1,0.00,0.09,0.09,0.00,0.09,Matches,dfc5d4fa
1567,Edmond-Paris Maghoma,eng ENG,MF,Brentford,eng Premier League,23,2001,8,0,119,1.3,0,0,0,0,0,0,0,0,0.00,0.00,0.00,0.00,0.00,Matches,8a3ddcd2
1568,Giangiacomo Magnani,it ITA,DF,Hellas Verona,it Serie A,28,1995,17,11,1065,11.8,1,0,1,1,0,0,2,0,0.08,0.00,0.08,0.08,0.08,Matches,cce9f582
1569,Hugo Magnetti,fr FRA,MF,Brest,fr Ligue 1,26,1998,32,27,2323,25.8,1,0,1,1,0,0,5,0,0.04,0.00,0.04,0.04,0.04,Matches,d4d35152
1570,Frank Magri,cm CMR,FW,Toulouse,fr Ligue 1,24,1999,31,17,1516,16.8,5,1,6,5,0,0,5,1,0.30,0.06,0.36,0.30,0.36,Matches,42fdb11d
1571,Harry Maguire,eng ENG,DF,Manchester Utd,eng Premier League,31,1993,27,19,1758,19.5,1,0,1,1,0,0,7,0,0.05,0.00,0.05,0.05,0.05,Matches,d8931174
1572,Jon Magunazelaia,es ESP,MF,Real Sociedad,es La Liga,23,2001,2,0,7,0.1,0,0,0,0,0,0,0,0,0.00,0.00,0.00,0.00,0.00,Matches,d4808594
1573,Arne Maier,de GER,MF,Augsburg,de Bundesliga,25,1999,28,7,938,10.4,0,0,0,0,0,0,0,1,0.00,0.00,0.00,0.00,0.00,Matches,ab700320
1574,Mike Maignan,fr FRA,GK,Milan,it Serie A,29,1995,37,37,3294,36.6,0,0,0,0,0,0,1,0,0.00,0.00,0.00,0.00,0.00,Matches,fcb38f57
1575,Patrick Mainka,de GER,DF,Heidenheim,de Bundesliga,29,1994,34,34,3060,34.0,1,1,2,1,0,0,3,0,0.03,0.03,0.06,0.03,0.06,Matches,dd9caa07
1576,Kobbie Mainoo,eng ENG,MF,Manchester Utd,eng Premier League,19,2005,25,19,1651,18.3,0,0,0,0,0,0,5,0,0.00,0.00,0.00,0.00,0.00,Matches,c6220452
1577,Ainsley Maitland-Niles,eng ENG,DFMF,Lyon,fr Ligue 1,26,1997,32,20,1985,22.1,1,4,5,1,0,0,1,0,0.05,0.18,0.23,0.05,0.23,Matches,e3a5814e
1578,Radosław Majecki,pl POL,GK,Monaco,fr Ligue 1,24,1999,15,15,1350,15.0,0,0,0,0,0,0,1,0,0.00,0.00,0.00,0.00,0.00,Matches,20de219a
1579,Lovro Majer,hr CRO,MF,Wolfsburg,de Bundesliga,26,1998,9,3,304,3.4,2,1,3,1,1,1,1,0,0.59,0.30,0.89,0.30,0.59,Matches,fc46aab1
1580,Hamidou Makalou,ml MLI,MF,Brest,fr Ligue 1,18,2006,4,0,32,0.4,0,0,0,0,0,0,0,0,0.00,0.00,0.00,0.00,0.00,Matches,8fe2fb2a
1581,Jordy Makengo,,DF,Freiburg,de Bundesliga,22,2001,19,7,745,8.3,0,0,0,0,0,0,1,0,0.00,0.00,0.00,0.00,0.00,Matches,14b09c41
1582,Antoine Makoumbou,cg CGO,MF,Cagliari,it Serie A,26,1998,33,27,2150,23.9,0,3,3,0,0,0,4,1,0.00,0.13,0.13,0.00,0.13,Matches,f37f3522
1583,Nikola Maksimović,rs SRB,DF,Montpellier,fr Ligue 1,32,1991,7,7,581,6.5,0,0,0,0,0,0,2,0,0.00,0.00,0.00,0.00,0.00,Matches,16b9d5cf
1584,Tyrell Malacia,nl NED,MF,Manchester Utd,eng Premier League,24,1999,3,2,100,1.1,0,0,0,0,0,0,1,0,0.00,0.00,0.00,0.00,0.00,Matches,6b6c793c
1585,Jarzinho Malanga,de GER,MF,Stuttgart,de Bundesliga,18,2006,1,0,2,0.0,0,0,0,0,0,0,0,0,0.00,0.00,0.00,0.00,0.00,Matches,d17b4d71
1586,Julián Malatini,ar ARG,DF,Werder Bremen,de Bundesliga,23,2001,10,5,454,5.0,1,1,2,1,0,0,1,0,0.20,0.20,0.40,0.20,0.40,Matches,8b84b707
1587,Daniel Maldini,it ITA,MFFW,Monza,it Serie A,22,2001,20,16,1306,14.5,3,0,3,3,0,0,5,0,0.21,0.00,0.21,0.21,0.21,Matches,801831fe
1588,Daniel Maldini,it ITA,MF,Atalanta,it Serie A,22,2001,10,2,258,2.9,3,0,3,3,0,0,0,0,1.05,0.00,1.05,1.05,1.05,Matches,801831fe
1589,Youssef Maleh,ma MAR,MF,Empoli,it Serie A,25,1998,22,17,1510,16.8,0,1,1,0,0,0,5,1,0.00,0.06,0.06,0.00,0.06,Matches,4c8845f7
1590,Donyell Malen,nl NED,MF,Aston Villa,eng Premier League,25,1999,14,2,305,3.4,3,0,3,3,0,0,0,0,0.89,0.00,0.89,0.89,0.89,Matches,116c35df
1591,Donyell Malen,nl NED,MF,Dortmund,de Bundesliga,25,1999,14,6,614,6.8,3,0,3,3,0,0,1,0,0.44,0.00,0.44,0.44,0.44,Matches,116c35df
1592,Ruslan Malinovskyi,ua UKR,MF,Genoa,it Serie A,31,1993,9,4,383,4.3,0,2,2,0,0,0,2,0,0.00,0.47,0.47,0.00,0.47,Matches,48d5bd33
1593,Lennard Maloney,us USA,MFDF,Heidenheim,de Bundesliga,24,1999,11,10,760,8.4,0,0,0,0,0,0,1,0,0.00,0.00,0.00,0.00,0.00,Matches,75402e99
1594,Lennard Maloney,us USA,DFMF,Mainz 05,de Bundesliga,24,1999,5,0,26,0.3,0,0,0,0,0,0,1,0,0.00,0.00,0.00,0.00,0.00,Matches,75402e99
1595,Aaron Malouda,fr FRA,FW,Lille,fr Ligue 1,18,2005,1,0,2,0.0,0,0,0,0,0,0,0,0,0.00,0.00,0.00,0.00,0.00,Matches,4fe2648c
1596,Giorgi Mamardashvili,ge GEO,GK,Valencia,es La Liga,23,2000,34,34,3060,34.0,0,0,0,0,0,0,2,0,0.00,0.00,0.00,0.00,0.00,Matches,d4b73232
1597,Dennis Man,ro ROU,MFFW,Parma,it Serie A,25,1998,33,23,1995,22.2,4,4,8,4,0,0,0,0,0.18,0.18,0.36,0.18,0.36,Matches,2079b3cc
1598,Gianluca Mancini,it ITA,DF,Roma,it Serie A,28,1996,37,36,3143,34.9,2,0,2,2,0,0,8,0,0.06,0.00,0.06,0.06,0.06,Matches,5aa53281
1599,Steve Mandanda,fr FRA,GK,Rennes,fr Ligue 1,39,1985,18,17,1486,16.5,0,0,0,0,0,0,0,0,0.00,0.00,0.00,0.00,0.00,Matches,1d2d5cc8
1600,Christos Mandas,gr GRE,GK,Lazio,it Serie A,22,2001,9,9,810,9.0,0,0,0,0,0,0,0,0,0.00,0.00,0.00,0.00,0.00,Matches,f794e9ab
1601,Reinildo Mandava,mz MOZ,DFMF,Atlético Madrid,es La Liga,30,1994,19,10,941,10.5,0,0,0,0,0,0,4,0,0.00,0.00,0.00,0.00,0.00,Matches,c20bdcd7
1602,Aïssa Mandi,dz ALG,DF,Lille,fr Ligue 1,32,1991,24,20,1733,19.3,0,0,0,0,0,0,3,0,0.00,0.00,0.00,0.00,0.00,Matches,fbd6378b
1603,Rolando Mandragora,it ITA,MF,Fiorentina,it Serie A,27,1997,29,22,1931,21.5,4,3,7,3,1,1,7,0,0.19,0.14,0.33,0.14,0.28,Matches,c7259b83
1604,Mateus Mane,pt POR,MF,Wolves,eng Premier League,16,2007,1,0,2,0.0,0,0,0,0,0,0,0,0,0.00,0.00,0.00,0.00,0.00,Matches,c15cb409
1605,Orel Mangala,be BEL,MF,Everton,eng Premier League,26,1998,19,14,1261,14.0,1,0,1,1,0,0,2,0,0.07,0.00,0.07,0.07,0.07,Matches,a572e291
1606,Orel Mangala,be BEL,MF,Lyon,fr Ligue 1,26,1998,1,1,67,0.7,0,0,0,0,0,0,0,0,0.00,0.00,0.00,0.00,0.00,Matches,a572e291
1607,Ryan Manning,ie IRL,DFMF,Southampton,eng Premier League,28,1996,24,18,1462,16.2,0,1,1,0,0,0,2,0,0.00,0.06,0.06,0.00,0.06,Matches,847b53eb
1608,Javier Manquillo,es ESP,DF,Celta Vigo,es La Liga,30,1994,10,7,515,5.7,0,0,0,0,0,0,1,0,0.00,0.00,0.00,0.00,0.00,Matches,758dd7f0
1609,Johan Manzambi,ch SUI,MF,Freiburg,de Bundesliga,18,2005,11,4,335,3.7,2,1,3,2,0,0,2,0,0.54,0.27,0.81,0.54,0.81,Matches,8fcf0e12
1610,Alberto Manzoni,it ITA,MF,Atalanta,it Serie A,19,2005,1,0,6,0.1,0,0,0,0,0,0,0,0,0.00,0.00,0.00,0.00,0.00,Matches,08cda374
1611,Sekou Mara,fr FRA,FWMF,Strasbourg,fr Ligue 1,22,2002,25,7,768,8.5,1,1,2,1,0,0,2,0,0.12,0.12,0.23,0.12,0.23,Matches,3544641e
1612,Alessandro Marcandalli,it ITA,DF,Genoa,it Serie A,21,2002,2,1,46,0.5,0,0,0,0,0,0,0,0,0.00,0.00,0.00,0.00,0.00,Matches,d3225ad1
1613,Alessandro Marcandalli,it ITA,DF,Venezia,it Serie A,21,2002,8,5,354,3.9,0,0,0,0,0,0,2,0,0.00,0.00,0.00,0.00,0.00,Matches,d3225ad1
1614,Marcão,br BRA,DF,Sevilla,es La Liga,28,1996,12,6,552,6.1,0,0,0,0,0,0,6,1,0.00,0.00,0.00,0.00,0.00,Matches,133faa84
1615,Solly March,eng ENG,MF,Brighton,eng Premier League,30,1994,8,1,168,1.9,0,0,0,0,0,0,2,0,0.00,0.00,0.00,0.00,0.00,Matches,bb5fbd2b
1616,Filip Marchwiński,pl POL,MF,Lecce,it Serie A,22,2002,1,0,15,0.2,0,0,0,0,0,0,0,0,0.00,0.00,0.00,0.00,0.00,Matches,55a88fd9
1617,Óscar de Marcos,es ESP,DF,Athletic Club,es La Liga,35,1989,26,17,1564,17.4,0,4,4,0,0,0,0,0,0.00,0.23,0.23,0.00,0.23,Matches,9f323c71
1618,Alberto Marí,es ESP,FW,Valencia,es La Liga,23,2001,1,0,7,0.1,0,0,0,0,0,0,0,0,0.00,0.00,0.00,0.00,0.00,Matches,44330c36
1619,Pablo Marí,es ESP,DF,Monza,it Serie A,30,1993,19,19,1628,18.1,0,0,0,0,0,0,4,1,0.00,0.00,0.00,0.00,0.00,Matches,aa54ec6f
1620,Pablo Marí,es ESP,DF,Fiorentina,it Serie A,30,1993,13,12,1098,12.2,0,0,0,0,0,0,2,0,0.00,0.00,0.00,0.00,0.00,Matches,aa54ec6f
1621,José María Giménez,uy URU,DF,Atlético Madrid,es La Liga,29,1995,27,20,1999,22.2,0,1,1,0,0,0,5,0,0.00,0.05,0.05,0.00,0.05,Matches,f0da930c
1622,Luca Marianucci,it ITA,DF,Empoli,it Serie A,20,2004,18,12,1069,11.9,0,0,0,0,0,0,0,1,0.00,0.00,0.00,0.00,0.00,Matches,64e6778a
1623,Mirko Marić,hr CRO,FW,Monza,it Serie A,29,1995,8,1,106,1.2,0,0,0,0,0,0,0,0,0.00,0.00,0.00,0.00,0.00,Matches,78338347
1624,Mirko Marić,hr CRO,FW,Venezia,it Serie A,29,1995,10,4,356,4.0,0,0,0,0,0,0,0,0,0.00,0.00,0.00,0.00,0.00,Matches,78338347
1625,Arkaitz Mariezkurrena,es ESP,FW,Real Sociedad,es La Liga,19,2005,9,1,241,2.7,2,0,2,2,0,0,1,0,0.75,0.00,0.75,0.75,0.75,Matches,7c2c671c
1626,Pablo Marín,es ESP,MF,Real Sociedad,es La Liga,21,2003,23,14,1239,13.8,1,2,3,1,0,0,3,0,0.07,0.15,0.22,0.07,0.22,Matches,a83c19cf
1627,Rafa Marín,es ESP,DF,Napoli,it Serie A,22,2002,4,1,142,1.6,0,0,0,0,0,0,1,0,0.00,0.00,0.00,0.00,0.00,Matches,3239a8ed
1628,Răzvan Marin,ro ROU,MF,Cagliari,it Serie A,28,1996,33,13,1406,15.6,3,2,5,1,2,2,4,0,0.19,0.13,0.32,0.06,0.19,Matches,7fac99d4
1629,Guillermo Maripán,cl CHI,DF,Torino,it Serie A,30,1994,28,27,2340,26.0,1,1,2,1,0,0,4,1,0.04,0.04,0.08,0.04,0.08,Matches,d9764034
1630,Mika Mármol,es ESP,DF,Las Palmas,es La Liga,23,2001,30,27,2399,26.7,0,1,1,0,0,0,5,0,0.00,0.04,0.04,0.00,0.04,Matches,e7630876
1631,Omar Marmoush,eg EGY,MFFW,Manchester City,eng Premier League,25,1999,16,14,1175,13.1,7,0,7,7,0,0,0,0,0.54,0.00,0.54,0.54,0.54,Matches,0e0102eb
1632,Omar Marmoush,eg EGY,FWMF,Frankfurt,de Bundesliga,25,1999,17,17,1448,16.1,15,9,24,13,2,2,2,0,0.93,0.56,1.49,0.81,1.37,Matches,0e0102eb
1633,Mario Maroto,es ESP,MF,Valladolid,es La Liga,20,2003,2,0,64,0.7,0,1,1,0,0,0,0,0,0.00,1.41,1.41,0.00,1.41,Matches,b518c5ab
1634,Marquinhos,br BRA,DF,Paris SG,fr Ligue 1,30,1994,22,19,1725,19.2,2,0,2,2,0,0,3,0,0.10,0.00,0.10,0.10,0.10,Matches,d5f2f82b
1635,Unai Marrero,es ESP,GK,Real Sociedad,es La Liga,22,2001,2,2,180,2.0,0,0,0,0,0,0,0,0,0.00,0.00,0.00,0.00,0.00,Matches,f0fe87dc
1636,Ange Martial Tia,ml MLI,MF,Reims,fr Ligue 1,17,2006,6,2,171,1.9,0,0,0,0,0,0,0,0,0.00,0.00,0.00,0.00,0.00,Matches,13579ed2
1637,Aarón Martín,es ESP,DFMF,Genoa,it Serie A,27,1997,36,35,3085,34.3,0,8,8,0,0,0,5,0,0.00,0.23,0.23,0.00,0.23,Matches,2f3e911a
1638,Carlos Martín,es ESP,MFFW,Alavés,es La Liga,22,2002,26,16,1333,14.8,2,2,4,2,0,0,3,0,0.14,0.14,0.27,0.14,0.27,Matches,64035864
1639,Diego Martín,es ESP,FW,Las Palmas,es La Liga,20,2003,2,0,40,0.4,0,0,0,0,0,0,0,0,0.00,0.00,0.00,0.00,0.00,Matches,db28ad66
1640,Gerard Martín,es ESP,DF,Barcelona,es La Liga,22,2002,28,11,1038,11.5,1,3,4,1,0,0,2,0,0.09,0.26,0.35,0.09,0.35,Matches,b792c59d
1641,Iván Martín,es ESP,MF,Girona,es La Liga,25,1999,32,24,2039,22.7,1,1,2,1,0,0,1,0,0.04,0.04,0.09,0.04,0.09,Matches,ae48c5cb
1642,Jon Martin,es ESP,DF,Real Sociedad,es La Liga,18,2006,13,6,904,10.0,0,1,1,0,0,0,2,0,0.00,0.10,0.10,0.00,0.10,Matches,df33ecb5
1643,Jonas Martin,fr FRA,MF,Brest,fr Ligue 1,34,1990,17,5,496,5.5,1,0,1,1,0,0,2,0,0.18,0.00,0.18,0.18,0.18,Matches,468fdbad
1644,Mario Martín,es ESP,MF,Valladolid,es La Liga,20,2004,30,20,1748,19.4,0,1,1,0,0,0,8,3,0.00,0.05,0.05,0.00,0.05,Matches,a9aff11a
1645,Gabriel Martinelli,br BRA,FWMF,Arsenal,eng Premier League,23,2001,33,25,2290,25.4,8,4,12,8,0,0,1,0,0.31,0.16,0.47,0.31,0.47,Matches,48a5a5d6
1646,Arnau Martinez,es ESP,DFMF,Girona,es La Liga,21,2003,32,30,2624,29.2,2,2,4,2,0,0,3,0,0.07,0.07,0.14,0.07,0.14,Matches,c3e66ffe
1647,Emiliano Martínez,ar ARG,GK,Aston Villa,eng Premier League,31,1992,37,37,3194,35.5,0,0,0,0,0,0,5,1,0.00,0.00,0.00,0.00,0.00,Matches,7956236f
1648,Iñigo Martínez,es ESP,DF,Barcelona,es La Liga,33,1991,28,28,2490,27.7,0,4,4,0,0,0,5,0,0.00,0.14,0.14,0.00,0.14,Matches,3fc45c73
1649,Javi Martínez,es ESP,MF,Osasuna,es La Liga,24,1999,1,0,6,0.1,0,0,0,0,0,0,0,0,0.00,0.00,0.00,0.00,0.00,Matches,3672b352
1650,Josep Martinez,es ESP,GK,Inter,it Serie A,26,1998,5,5,450,5.0,0,0,0,0,0,0,0,0,0.00,0.00,0.00,0.00,0.00,Matches,11d8aff0
1651,Lautaro Martínez,ar ARG,FW,Inter,it Serie A,26,1997,31,31,2564,28.5,12,3,15,12,0,0,1,0,0.42,0.11,0.53,0.42,0.53,Matches,f7036e1c
1652,Lisandro Martínez,ar ARG,DF,Manchester Utd,eng Premier League,26,1998,20,20,1751,19.5,2,1,3,2,0,0,7,0,0.10,0.05,0.15,0.10,0.15,Matches,bac46a10
1653,Lucas Martínez Quarta,ar ARG,DF,Fiorentina,it Serie A,28,1996,8,4,351,3.9,1,0,1,1,0,0,1,0,0.26,0.00,0.26,0.26,0.26,Matches,3ec3c1c9
1654,Ramón Martínez,es ESP,DF,Sevilla,es La Liga,21,2002,5,2,261,2.9,1,0,1,1,0,0,0,0,0.34,0.00,0.34,0.34,0.34,Matches,a04f40c8
1655,Toni Martínez,es ESP,FW,Alavés,es La Liga,27,1997,28,9,1012,11.2,4,0,4,4,0,0,1,0,0.36,0.00,0.36,0.36,0.36,Matches,f3945e07
1656,Kevin Martins,it ITA,MF,Monza,it Serie A,19,2005,9,1,183,2.0,0,1,1,0,0,0,1,0,0.00,0.49,0.49,0.00,0.49,Matches,c1451401
1657,Javi Martón,es ESP,FW,Athletic Club,es La Liga,25,1999,3,0,53,0.6,0,0,0,0,0,0,1,0,0.00,0.00,0.00,0.00,0.00,Matches,2381eead
1658,Adam Marušić,me MNE,DF,Lazio,it Serie A,31,1992,35,26,2337,26.0,4,0,4,4,0,0,1,0,0.15,0.00,0.15,0.15,0.15,Matches,d4535821
1659,Marvin,es ESP,DFMF,Las Palmas,es La Liga,24,2000,23,9,1038,11.5,0,0,0,0,0,0,4,0,0.00,0.00,0.00,0.00,0.00,Matches,efaefda0
1660,Omar Mascarell,gq EQG,MF,Mallorca,es La Liga,31,1993,32,21,1992,22.1,1,0,1,1,0,0,5,1,0.05,0.00,0.05,0.05,0.05,Matches,11fd2b75
1661,Adam Masina,ma MAR,DF,Torino,it Serie A,30,1994,28,20,1919,21.3,1,2,3,1,0,0,5,0,0.05,0.09,0.14,0.05,0.14,Matches,de0f152c
1662,Patrizio Masini,it ITA,MF,Genoa,it Serie A,23,2001,26,16,1538,17.1,1,0,1,1,0,0,3,0,0.06,0.00,0.06,0.06,0.06,Matches,151354b8
1663,Giorgos Masouras,gr GRE,FW,Bochum,de Bundesliga,30,1994,14,12,1055,11.7,2,1,3,2,0,0,1,0,0.17,0.09,0.26,0.17,0.26,Matches,9d689a5b
1664,Erhan Mašović,rs SRB,DFMF,Bochum,de Bundesliga,25,1998,16,10,910,10.1,1,1,2,1,0,0,2,0,0.10,0.10,0.20,0.10,0.20,Matches,a396fb61
1665,Han-Noah Massengo,fr FRA,MF,Auxerre,fr Ligue 1,23,2001,17,11,1046,11.6,0,0,0,0,0,0,5,0,0.00,0.00,0.00,0.00,0.00,Matches,eba1e557
1666,Clinton Mata,ao ANG,DF,Lyon,fr Ligue 1,31,1992,29,27,2370,26.3,0,4,4,0,0,0,6,0,0.00,0.15,0.15,0.00,0.15,Matches,55abe554
1667,Jaime Mata,es ESP,MFFW,Las Palmas,es La Liga,35,1988,30,4,656,7.3,0,0,0,0,0,0,9,0,0.00,0.00,0.00,0.00,0.00,Matches,02319ad7
1668,Igor Matanović,hr CRO,FW,Frankfurt,de Bundesliga,21,2003,16,2,312,3.5,1,0,1,1,0,0,0,0,0.29,0.00,0.29,0.29,0.29,Matches,948e1292
1669,Pape Matar Sarr,sn SEN,MF,Tottenham,eng Premier League,21,2002,36,22,1913,21.3,3,2,5,3,0,0,6,0,0.14,0.09,0.24,0.14,0.24,Matches,feb5d972
1670,Eliot Matazo,be BEL,MF,Monaco,fr Ligue 1,22,2002,3,1,68,0.8,0,0,0,0,0,0,0,0,0.00,0.00,0.00,0.00,0.00,Matches,15944afd
1671,Jean-Philippe Mateta,fr FRA,FW,Crystal Palace,eng Premier League,27,1997,37,33,2648,29.4,14,2,16,12,2,2,2,0,0.48,0.07,0.54,0.41,0.48,Matches,50e6dc35
1672,Nemanja Matić,rs SRB,MF,Lyon,fr Ligue 1,35,1988,29,25,2010,22.3,0,1,1,0,0,0,1,0,0.00,0.04,0.04,0.00,0.04,Matches,eb7822d7
1673,Rudy Matondo,fr FRA,MF,Auxerre,fr Ligue 1,16,2008,5,0,66,0.7,0,0,0,0,0,0,1,0,0.00,0.00,0.00,0.00,0.00,Matches,64b170af
1674,Chrislain Matsima,fr FRA,DF,Augsburg,de Bundesliga,22,2002,30,28,2551,28.3,1,1,2,1,0,0,4,0,0.04,0.04,0.07,0.04,0.07,Matches,cf1ef7ec
1675,Jean Mattéo Bahoya,fr FRA,MF,Frankfurt,de Bundesliga,19,2005,24,10,921,10.2,2,3,5,2,0,0,3,0,0.20,0.29,0.49,0.20,0.49,Matches,70d4c949
1676,Alan Matturro,uy URU,DF,Genoa,it Serie A,19,2004,13,9,900,10.0,0,0,0,0,0,0,2,0,0.00,0.00,0.00,0.00,0.00,Matches,547c0119
1677,Azor Matusiwa,nl NED,MF,Rennes,fr Ligue 1,26,1998,29,23,2078,23.1,1,3,4,1,0,0,3,0,0.04,0.13,0.17,0.04,0.17,Matches,a17a94d6
1678,Neal Maupay,fr FRA,FW,Marseille,fr Ligue 1,27,1996,22,13,1042,11.6,4,4,8,4,0,0,3,1,0.35,0.35,0.69,0.35,0.69,Matches,4bcf39f6
1679,Maurides,br BRA,FW,St Pauli,de Bundesliga,30,1994,1,0,2,0.0,0,0,0,0,0,0,0,0,0.00,0.00,0.00,0.00,0.00,Matches,b0e50531
1680,Stephy Mavididi,eng ENG,MF,Leicester City,eng Premier League,26,1998,30,16,1615,17.9,4,1,5,4,0,0,2,0,0.22,0.06,0.28,0.22,0.28,Matches,30144daa
1681,Konstantinos Mavropanos,gr GRE,DF,West Ham,eng Premier League,26,1997,33,21,2045,22.7,0,0,0,0,0,0,6,1,0.00,0.00,0.00,0.00,0.00,Matches,00963611
1682,Christian Mawissa,fr FRA,DF,Monaco,fr Ligue 1,19,2005,22,17,1501,16.7,0,0,0,0,0,0,3,0,0.00,0.00,0.00,0.00,0.00,Matches,2c70d915
1683,Borja Mayoral,es ESP,FW,Getafe,es La Liga,27,1997,24,7,1114,12.4,5,1,6,4,1,1,0,0,0.40,0.08,0.48,0.32,0.40,Matches,64e8ed6d
1684,Senny Mayulu,fr FRA,MF,Paris SG,fr Ligue 1,18,2006,20,8,808,9.0,2,2,4,2,0,0,1,0,0.22,0.22,0.45,0.22,0.45,Matches,bac89b96
1685,Noussair Mazraoui,ma MAR,DFMF,Manchester Utd,eng Premier League,26,1997,37,34,2838,31.5,0,1,1,0,0,0,3,0,0.00,0.03,0.03,0.00,0.03,Matches,b74277a0
1686,Andrea Mazza,it ITA,GK,Monza,it Serie A,20,2004,1,0,8,0.1,0,0,0,0,0,0,0,0,0.00,0.00,0.00,0.00,0.00,Matches,f93a544c
1687,Luca Mazzitelli,it ITA,MF,Como,it Serie A,28,1995,11,3,335,3.7,1,1,2,1,0,0,1,0,0.27,0.27,0.54,0.27,0.54,Matches,dc61b402
1688,Pasquale Mazzocchi,it ITA,MFDF,Napoli,it Serie A,29,1995,20,7,702,7.8,0,0,0,0,0,0,3,0,0.00,0.00,0.00,0.00,0.00,Matches,eb0ec070
1689,Samuel Mbangula,be BEL,MF,Juventus,it Serie A,20,2004,23,7,709,7.9,3,3,6,3,0,0,1,0,0.38,0.38,0.76,0.38,0.76,Matches,3e25e70c
1690,Ethan Mbappé,fr FRA,MF,Lille,fr Ligue 1,17,2006,10,1,222,2.5,0,0,0,0,0,0,3,0,0.00,0.00,0.00,0.00,0.00,Matches,d595de71
1691,Kylian Mbappé,fr FRA,FW,Real Madrid,es La Liga,25,1998,34,34,2907,32.3,31,3,34,24,7,9,3,1,0.96,0.09,1.05,0.74,0.84,Matches,42fd9c7f
1692,Ibrahim Mbaye,sn SEN,FW,Paris SG,fr Ligue 1,16,2008,9,4,340,3.8,1,1,2,1,0,0,0,0,0.26,0.26,0.53,0.26,0.53,Matches,201b4ee4
1693,Bryan Mbeumo,cm CMR,MFFW,Brentford,eng Premier League,24,1999,38,38,3414,37.9,20,7,27,15,5,6,3,0,0.53,0.18,0.71,0.40,0.58,Matches,6afaebf2
1694,Hianga'a Mbock,fr FRA,MF,Brest,fr Ligue 1,24,1999,1,0,21,0.2,0,0,0,0,0,0,0,0,0.00,0.00,0.00,0.00,0.00,Matches,0f86995c
1695,James Mcatee,eng ENG,MF,Manchester City,eng Premier League,21,2002,15,3,349,3.9,3,0,3,3,0,0,1,0,0.77,0.00,0.77,0.77,0.77,Matches,96593e89
1696,Kasey McAteer,ie IRL,MF,Leicester City,eng Premier League,22,2001,18,9,852,9.5,1,1,2,1,0,0,3,0,0.11,0.11,0.21,0.11,0.21,Matches,b2c66859
1697,Oliver McBurnie,sct SCO,FW,Las Palmas,es La Liga,28,1996,34,20,1837,20.4,3,6,9,3,0,0,3,0,0.15,0.29,0.44,0.15,0.44,Matches,78b8ac63
1698,Alex McCarthy,eng ENG,GK,Southampton,eng Premier League,34,1989,5,5,450,5.0,0,0,0,0,0,0,0,0,0.00,0.00,0.00,0.00,0.00,Matches,36c2ca73
1699,John McGinn,sct SCO,MF,Aston Villa,eng Premier League,29,1994,34,27,2223,24.7,1,4,5,1,0,0,7,0,0.04,0.16,0.20,0.04,0.20,Matches,90f91999
1700,Scott McKenna,sct SCO,DF,Las Palmas,es La Liga,27,1996,29,28,2466,27.4,0,0,0,0,0,0,5,1,0.00,0.00,0.00,0.00,0.00,Matches,4e5a4cbc
1701,Weston McKennie,us USA,MFDF,Juventus,it Serie A,25,1998,32,27,2310,25.7,2,4,6,2,0,0,3,0,0.08,0.16,0.23,0.08,0.23,Matches,01c3aff5
1702,Mark McKenzie,us USA,DF,Toulouse,fr Ligue 1,25,1999,30,29,2496,27.7,1,1,2,1,0,0,1,1,0.04,0.04,0.07,0.04,0.07,Matches,a5f5d094
1703,Dwight McNeil,eng ENG,MF,Everton,eng Premier League,24,1999,21,15,1371,15.2,4,6,10,4,0,0,1,0,0.26,0.39,0.66,0.26,0.66,Matches,fc15fb84
1704,Scott McTominay,sct SCO,MF,Manchester Utd,eng Premier League,27,1996,2,0,19,0.2,0,0,0,0,0,0,0,0,0.00,0.00,0.00,0.00,0.00,Matches,d93c2511
1705,Scott McTominay,sct SCO,MF,Napoli,it Serie A,27,1996,34,33,2938,32.6,12,4,16,12,0,0,3,0,0.37,0.12,0.49,0.37,0.49,Matches,d93c2511
1706,Jakov Medić,hr CRO,DF,Bochum,de Bundesliga,25,1998,23,17,1603,17.8,1,0,1,1,0,0,2,0,0.06,0.00,0.06,0.06,0.06,Matches,5f5ebdae
1707,Facundo Medina,ar ARG,DF,Lens,fr Ligue 1,25,1999,29,29,2543,28.3,0,1,1,0,0,0,15,1,0.00,0.04,0.04,0.00,0.04,Matches,6f5ec8bb
1708,Ben Mee,eng ENG,DF,Brentford,eng Premier League,34,1989,7,2,183,2.0,0,0,0,0,0,0,2,0,0.00,0.00,0.00,0.00,0.00,Matches,8df7a2fb
1709,Jayden Meghoma,eng ENG,DF,Brentford,eng Premier League,18,2006,1,0,5,0.1,0,0,0,0,0,0,0,0,0.00,0.00,0.00,0.00,0.00,Matches,07382f6c
1710,Henrik Meister,dk DEN,FW,Rennes,fr Ligue 1,20,2003,4,0,63,0.7,1,0,1,1,0,0,0,0,1.43,0.00,1.43,1.43,1.43,Matches,e1a873eb
1711,Bamo Meïté,ci CIV,DF,Montpellier,fr Ligue 1,22,2001,7,6,424,4.7,0,0,0,0,0,0,2,1,0.00,0.00,0.00,0.00,0.00,Matches,04ac78d2
1712,Bamo Meïté,ci CIV,DF,Marseille,fr Ligue 1,22,2001,3,0,26,0.3,0,0,0,0,0,0,0,0,0.00,0.00,0.00,0.00,0.00,Matches,04ac78d2
1713,Kader Meïté,fr FRA,FW,Rennes,fr Ligue 1,16,2007,12,5,544,6.0,2,0,2,2,0,0,0,0,0.33,0.00,0.33,0.33,0.33,Matches,424cbbb3
1714,Mateo Mejía,es ESP,FW,Sevilla,es La Liga,21,2003,1,0,11,0.1,0,0,0,0,0,0,0,0,0.00,0.00,0.00,0.00,0.00,Matches,a96e9b5c
1715,Farid El Melali,dz ALG,MFFW,Angers,fr Ligue 1,27,1997,32,22,1893,21.0,2,3,5,2,0,0,1,0,0.10,0.14,0.24,0.10,0.24,Matches,d21e361a
1716,Filippo Melegoni,it ITA,MF,Genoa,it Serie A,25,1999,3,1,89,1.0,0,1,1,0,0,0,0,0,0.00,1.01,1.01,0.00,1.01,Matches,6604165d
1717,Arthur Melo,br BRA,MF,Girona,es La Liga,27,1996,15,10,941,10.5,0,0,0,0,0,0,2,0,0.00,0.00,0.00,0.00,0.00,Matches,48b3dd60
1718,Nuno Mendes,pt POR,DF,Paris SG,fr Ligue 1,22,2002,24,19,1676,18.6,1,3,4,1,0,0,3,0,0.05,0.16,0.21,0.05,0.21,Matches,f20e4cc9
1719,Brais Méndez,es ESP,MFFW,Real Sociedad,es La Liga,27,1997,27,19,1531,17.0,3,2,5,3,0,0,4,0,0.18,0.12,0.29,0.18,0.29,Matches,c9e39d91
1720,Antoine Mendy,sn SEN,DFMF,Nice,fr Ligue 1,20,2004,18,8,825,9.2,0,0,0,0,0,0,2,0,0.00,0.00,0.00,0.00,0.00,Matches,3322e296
1721,Ferland Mendy,fr FRA,DF,Real Madrid,es La Liga,29,1995,14,12,1005,11.2,0,1,1,0,0,0,1,1,0.00,0.09,0.09,0.00,0.09,Matches,3cefcaef
1722,Nampalys Mendy,sn SEN,MF,Lens,fr Ligue 1,32,1992,10,7,588,6.5,0,1,1,0,0,0,2,0,0.00,0.15,0.15,0.00,0.15,Matches,1598599e
1723,Nobel Mendy,sn SEN,DF,Real Betis,es La Liga,19,2004,2,1,108,1.2,0,0,0,0,0,0,1,0,0.00,0.00,0.00,0.00,0.00,Matches,7e64e657
1724,Gideon Mensah,gh GHA,DFMF,Auxerre,fr Ligue 1,26,1998,29,26,2280,25.3,0,1,1,0,0,0,2,0,0.00,0.04,0.04,0.00,0.04,Matches,9bdd8118
1725,Alex Meret,it ITA,GK,Napoli,it Serie A,27,1997,34,34,3005,33.4,0,0,0,0,0,0,0,0,0.00,0.00,0.00,0.00,0.00,Matches,9413b19f
1726,Mikel Merino,es ESP,MFFW,Arsenal,eng Premier League,28,1996,28,17,1586,17.6,7,2,9,7,0,0,4,1,0.40,0.11,0.51,0.40,0.51,Matches,d080ed5e
1727,Quentin Merlin,fr FRA,MFDF,Marseille,fr Ligue 1,22,2002,27,21,1589,17.7,1,3,4,1,0,0,1,0,0.06,0.17,0.23,0.06,0.23,Matches,0bfca6a1
1728,Víctor Meseguer,es ESP,MF,Valladolid,es La Liga,25,1999,14,2,418,4.6,0,0,0,0,0,0,1,0,0.00,0.00,0.00,0.00,0.00,Matches,428a06a7
1729,Rafik Messali,fr FRA,MF,Toulouse,fr Ligue 1,21,2003,13,5,456,5.1,0,1,1,0,0,0,0,0,0.00,0.20,0.20,0.00,0.20,Matches,bbc86fc4
1730,Junior Messias,br BRA,MFFW,Genoa,it Serie A,33,1991,17,8,847,9.4,1,1,2,1,0,1,1,0,0.11,0.11,0.21,0.11,0.21,Matches,f49c4ae9
1731,Connor Metcalfe,au AUS,MFFW,St Pauli,de Bundesliga,24,1999,10,3,358,4.0,0,0,0,0,0,0,2,1,0.00,0.00,0.00,0.00,0.00,Matches,73ce4d7d
1732,Karol Mets,ee EST,DF,St Pauli,de Bundesliga,31,1993,10,10,900,10.0,0,0,0,0,0,0,1,0,0.00,0.00,0.00,0.00,0.00,Matches,ef2ad14e
1733,Thomas Meunier,be BEL,DF,Lille,fr Ligue 1,32,1991,30,21,1928,21.4,2,0,2,2,0,0,5,0,0.09,0.00,0.09,0.09,0.09,Matches,e162b013
1734,Alexander Meyer,de GER,GK,Dortmund,de Bundesliga,33,1991,2,2,180,2.0,0,0,0,0,0,0,0,0,0.00,0.00,0.00,0.00,0.00,Matches,b56dd813
1735,Shumaira Mheuka,eng ENG,FW,Chelsea,eng Premier League,16,2007,1,0,1,0.0,0,0,0,0,0,0,0,0,0.00,0.00,0.00,0.00,0.00,Matches,43d0b694
1736,Lucas Michal,fr FRA,FW,Monaco,fr Ligue 1,19,2005,8,0,117,1.3,0,0,0,0,0,0,0,0,0.00,0.00,0.00,0.00,0.00,Matches,0c7b1c91
1737,Florian Micheler,at AUT,MF,Hoffenheim,de Bundesliga,19,2005,1,0,32,0.4,0,0,0,0,0,0,1,0,0.00,0.00,0.00,0.00,0.00,Matches,0024cb81
1738,Miguel,es ESP,FW,Leganés,es La Liga,24,1999,34,17,1724,19.2,1,3,4,0,1,2,3,0,0.05,0.16,0.21,0.00,0.16,Matches,6763373d
1739,Valentin Mihaila,ro ROU,MFFW,Parma,it Serie A,24,2000,21,16,1288,14.3,0,3,3,0,0,0,2,0,0.00,0.21,0.21,0.00,0.21,Matches,81a4c239
1740,Georges Mikautadze,ge GEO,FWMF,Lyon,fr Ligue 1,23,2000,34,13,1449,16.1,11,6,17,8,3,4,2,0,0.68,0.37,1.06,0.50,0.87,Matches,4788cb6b
1741,Igor Miladinović,rs SRB,MF,Saint-Étienne,fr Ligue 1,21,2003,3,0,26,0.3,0,0,0,0,0,0,0,0,0.00,0.00,0.00,0.00,0.00,Matches,3ba938b6
1742,Nikola Milenković,rs SRB,DF,Nottingham,eng Premier League,26,1997,37,37,3330,37.0,5,2,7,5,0,0,4,0,0.14,0.05,0.19,0.14,0.19,Matches,bee704fc
1743,Lewis Miley,eng ENG,MF,Newcastle,eng Premier League,18,2006,14,1,313,3.5,1,0,1,1,0,0,0,0,0.29,0.00,0.29,0.29,0.29,Matches,2c6835e5
1744,Vanja Milinković-Savić,rs SRB,GK,Torino,it Serie A,27,1997,37,37,3330,37.0,0,0,0,0,0,0,3,0,0.00,0.00,0.00,0.00,0.00,Matches,9fa26bc2
1745,Éder Militão,br BRA,DF,Real Madrid,es La Liga,26,1998,12,11,938,10.4,1,1,2,1,0,0,2,0,0.10,0.10,0.19,0.10,0.19,Matches,2784f898
1746,Luis Milla,es ESP,MF,Getafe,es La Liga,29,1994,33,32,2875,31.9,1,4,5,0,1,1,6,0,0.03,0.13,0.16,0.00,0.13,Matches,19c36442
1747,Pere Milla,es ESP,MF,Espanyol,es La Liga,31,1992,20,1,456,5.1,3,0,3,3,0,0,3,0,0.59,0.00,0.59,0.59,0.59,Matches,335039a2
1748,Enzo Millot,fr FRA,MF,Stuttgart,de Bundesliga,22,2002,29,22,1843,20.5,6,5,11,6,0,1,9,0,0.29,0.24,0.54,0.29,0.54,Matches,f76022e7
1749,James Milner,eng ENG,MF,Brighton,eng Premier League,38,1986,4,3,170,1.9,0,0,0,0,0,0,1,0,0.00,0.00,0.00,0.00,0.00,Matches,2f90f6b8
1750,Kim Min-jae,kr KOR,DF,Bayern Munich,de Bundesliga,27,1996,27,27,2283,25.4,2,0,2,2,0,0,2,0,0.08,0.00,0.08,0.08,0.08,Matches,e0f8151c
1751,Yerry Mina,co COL,DF,Cagliari,it Serie A,29,1994,31,31,2569,28.5,1,0,1,1,0,0,6,1,0.04,0.00,0.04,0.04,0.04,Matches,6d5701f2
1752,Takumi Minamino,jp JPN,MF,Monaco,fr Ligue 1,29,1995,31,27,2231,24.8,6,3,9,6,0,0,4,0,0.24,0.12,0.36,0.24,0.36,Matches,f833a830
1753,Lucas Mincarelli,fr FRA,DF,Montpellier,fr Ligue 1,20,2004,10,8,715,7.9,1,0,1,1,0,0,0,0,0.13,0.00,0.13,0.13,0.13,Matches,02b3733e
1754,Tyrone Mings,eng ENG,DF,Aston Villa,eng Premier League,31,1993,14,12,1120,12.4,0,0,0,0,0,0,1,0,0.00,0.00,0.00,0.00,0.00,Matches,8397a50c
1755,Óscar Mingueza,es ESP,MFDF,Celta Vigo,es La Liga,25,1999,34,31,2729,30.3,4,6,10,4,0,0,6,1,0.13,0.20,0.33,0.13,0.33,Matches,056269d7
1756,Kim Minsu,kr KOR,FW,Girona,es La Liga,18,2006,3,0,22,0.2,0,0,0,0,0,0,0,0,0.00,0.00,0.00,0.00,0.00,Matches,11e36e68
1757,Yankuba Minteh,gm GAM,MF,Brighton,eng Premier League,20,2004,32,20,1838,20.4,6,4,10,6,0,0,6,0,0.29,0.20,0.49,0.29,0.49,Matches,c3cf087d
1758,Bojan Miovski,mk MKD,FW,Girona,es La Liga,25,1999,17,12,869,9.7,2,1,3,2,0,0,0,0,0.21,0.10,0.31,0.21,0.31,Matches,72e442c5
1759,Rafa Mir,es ESP,FWMF,Valencia,es La Liga,27,1997,20,5,753,8.4,1,2,3,1,0,0,4,0,0.12,0.24,0.36,0.12,0.36,Matches,bbf5c11b
1760,Juan Miranda,es ESP,DF,Bologna,it Serie A,24,2000,31,25,2277,25.3,0,6,6,0,0,0,4,1,0.00,0.24,0.24,0.00,0.24,Matches,ead61f73
1761,Fabio Miretti,it ITA,MF,Genoa,it Serie A,20,2003,25,22,1677,18.6,3,3,6,3,0,0,2,0,0.16,0.16,0.32,0.16,0.32,Matches,34693494
1762,Tyrick Mitchell,eng ENG,MF,Crystal Palace,eng Premier League,24,1999,37,37,3092,34.4,0,5,5,0,0,0,2,0,0.00,0.15,0.15,0.00,0.15,Matches,5cbd1eb0
1763,Kaoru Mitoma,jp JPN,MF,Brighton,eng Premier League,27,1997,36,28,2603,28.9,10,4,14,10,0,0,1,0,0.35,0.14,0.48,0.35,0.48,Matches,74618572
1764,Maximilian Mittelstädt,de GER,DFMF,Stuttgart,de Bundesliga,27,1997,31,28,2469,27.4,1,7,8,1,0,0,5,0,0.04,0.26,0.29,0.04,0.29,Matches,88d4144a
1765,Koji Miyoshi,jp JPN,MFFW,Bochum,de Bundesliga,27,1997,15,6,464,5.2,1,0,1,1,0,0,0,1,0.19,0.00,0.19,0.19,0.19,Matches,77bf714c
1766,Henrikh Mkhitaryan,am ARM,MF,Inter,it Serie A,35,1989,32,30,2396,26.6,1,4,5,1,0,0,4,0,0.04,0.15,0.19,0.04,0.19,Matches,dd0daf32
1767,Jakub Moder,pl POL,MF,Brighton,eng Premier League,25,1999,4,0,11,0.1,0,0,0,0,0,0,0,0,0.00,0.00,0.00,0.00,0.00,Matches,f230bc30
1768,Rui Modesto,ao ANG,MF,Udinese,it Serie A,24,1999,20,4,608,6.8,0,1,1,0,0,0,1,0,0.00,0.15,0.15,0.00,0.15,Matches,4f9c2d8c
1769,Luka Modrić,hr CRO,MF,Real Madrid,es La Liga,38,1985,35,17,1827,20.3,2,6,8,2,0,0,7,0,0.10,0.30,0.39,0.10,0.39,Matches,6025fab1
1770,Max Moerstedt,de GER,FWMF,Hoffenheim,de Bundesliga,18,2006,12,5,451,5.0,0,0,0,0,0,0,2,0,0.00,0.00,0.00,0.00,0.00,Matches,710045fb
1771,Terem Moffi,ng NGA,FW,Nice,fr Ligue 1,25,1999,5,0,58,0.6,1,0,1,1,0,0,0,0,1.55,0.00,1.55,1.55,1.55,Matches,065dc209
1772,Mostafa Mohamed,eg EGY,FW,Nantes,fr Ligue 1,26,1997,30,11,1252,13.9,5,0,5,5,0,0,3,0,0.36,0.00,0.36,0.36,0.36,Matches,595e6f3e
1773,Johan Mojica,co COL,DF,Mallorca,es La Liga,31,1992,36,30,2755,30.6,1,2,3,1,0,0,5,0,0.03,0.07,0.10,0.03,0.10,Matches,608f2092
1774,David Mokwa,fr FRA,FW,Hoffenheim,de Bundesliga,20,2004,2,0,22,0.2,0,0,0,0,0,0,0,0,0.00,0.00,0.00,0.00,0.00,Matches,f8bd4ad4
1775,Alberto Moleiro,es ESP,MF,Las Palmas,es La Liga,20,2003,35,32,2714,30.2,6,1,7,6,0,0,5,0,0.20,0.03,0.23,0.20,0.23,Matches,c2c8897d
1776,Nahuel Molina,ar ARG,DF,Atlético Madrid,es La Liga,26,1998,30,17,1590,17.7,0,3,3,0,0,0,1,0,0.00,0.17,0.17,0.00,0.17,Matches,23610943
1777,Florent Mollet,fr FRA,MF,Nantes,fr Ligue 1,32,1991,9,3,242,2.7,0,0,0,0,0,0,1,0,0.00,0.00,0.00,0.00,0.00,Matches,7e82a78f
1778,Jon Moncayola,es ESP,MF,Osasuna,es La Liga,26,1998,32,26,2099,23.3,0,0,0,0,0,0,8,0,0.00,0.00,0.00,0.00,0.00,Matches,9939e168
1779,Jeremy Monga,eng ENG,FW,Leicester City,eng Premier League,15,2009,7,0,112,1.2,0,0,0,0,0,0,0,0,0.00,0.00,0.00,0.00,0.00,Matches,4c168d3a
1780,Gonzalo Montiel,ar ARG,DF,Sevilla,es La Liga,27,1997,6,1,113,1.3,0,0,0,0,0,0,1,0,0.00,0.00,0.00,0.00,0.00,Matches,374d5158
1781,Lorenzo Montipò,it ITA,GK,Hellas Verona,it Serie A,28,1996,36,36,3240,36.0,0,0,0,0,0,0,0,0,0.00,0.00,0.00,0.00,0.00,Matches,c1d95617
1782,Mikey Moore,eng ENG,MFFW,Tottenham,eng Premier League,16,2007,10,3,366,4.1,0,1,1,0,0,0,0,0,0.00,0.25,0.25,0.00,0.25,Matches,00953a9d
1783,Ederson Moraes,br BRA,GK,Manchester City,eng Premier League,30,1993,26,26,2320,25.8,0,4,4,0,0,0,4,0,0.00,0.16,0.16,0.00,0.16,Matches,3bb7b8b4
1784,Álvaro Morata,es ESP,FWMF,Milan,it Serie A,31,1992,16,13,1099,12.2,5,0,5,5,0,0,5,0,0.41,0.00,0.41,0.41,0.41,Matches,129af0db
1785,Morato,br BRA,DF,Nottingham,eng Premier League,23,2001,26,6,907,10.1,0,0,0,0,0,0,5,0,0.00,0.00,0.00,0.00,0.00,Matches,0f41e2ee
1786,Diego Moreira,be BEL,MFDF,Strasbourg,fr Ligue 1,19,2004,32,29,2568,28.5,2,7,9,2,0,0,4,1,0.07,0.25,0.32,0.07,0.32,Matches,12de1b0d
1787,Alberto Moreno,es ESP,DF,Como,it Serie A,32,1992,24,21,1727,19.2,0,0,0,0,0,0,4,0,0.00,0.00,0.00,0.00,0.00,Matches,11b9265b
1788,Álex Moreno,es ESP,DF,Nottingham,eng Premier League,31,1993,15,11,955,10.6,0,1,1,0,0,0,2,0,0.00,0.09,0.09,0.00,0.09,Matches,16e9d0ea
1789,Gerard Moreno,es ESP,FW,Villarreal,es La Liga,32,1992,17,6,721,8.0,3,2,5,0,3,3,0,0,0.37,0.25,0.62,0.00,0.25,Matches,81f0781e
1790,Matias Moreno,ar ARG,DF,Fiorentina,it Serie A,20,2003,4,2,144,1.6,0,0,0,0,0,0,0,0,0.00,0.00,0.00,0.00,0.00,Matches,4637e608
1791,Xavier Moreno,es ESP,FW,Valladolid,es La Liga,19,2004,1,1,45,0.5,0,0,0,0,0,0,0,0,0.00,0.00,0.00,0.00,0.00,Matches,b7584ab8
1792,Tete Morente,es ESP,MFFW,Lecce,it Serie A,27,1996,31,23,2021,22.5,3,2,5,3,0,0,5,0,0.13,0.09,0.22,0.13,0.22,Matches,004d185e
1793,Mateu Morey,es ESP,DF,Mallorca,es La Liga,24,2000,16,8,741,8.2,0,0,0,0,0,0,1,0,0.00,0.00,0.00,0.00,0.00,Matches,5fd5e542
1794,Ilaix Moriba,gn GUI,MF,Celta Vigo,es La Liga,21,2003,33,22,2132,23.7,1,1,2,1,0,0,9,1,0.04,0.04,0.08,0.04,0.08,Matches,f4c69aa6
1795,Manu Morlanes,es ESP,MF,Mallorca,es La Liga,25,1999,23,15,1338,14.9,0,0,0,0,0,0,7,0,0.00,0.00,0.00,0.00,0.00,Matches,a0255c67
1796,Nikola Moro,hr CRO,MF,Bologna,it Serie A,26,1998,22,15,1208,13.4,0,2,2,0,0,0,1,0,0.00,0.15,0.15,0.00,0.15,Matches,ff579c7e
1797,Raúl Moro,es ESP,MFFW,Valladolid,es La Liga,21,2002,33,26,2341,26.0,4,5,9,4,0,0,2,0,0.15,0.19,0.35,0.15,0.35,Matches,919dd4b1
1798,Sam Morsy,eg EGY,MF,Ipswich Town,eng Premier League,32,1991,33,31,2751,30.6,1,1,2,1,0,0,10,0,0.03,0.03,0.07,0.03,0.07,Matches,a23c0949
1799,Gabriel Moscardo,br BRA,MF,Reims,fr Ligue 1,18,2005,6,0,84,0.9,0,0,0,0,0,0,1,0,0.00,0.00,0.00,0.00,0.00,Matches,709d3f52
1800,Cristhian Mosquera,es ESP,DF,Valencia,es La Liga,20,2004,37,37,3319,36.9,1,0,1,1,0,0,6,0,0.03,0.00,0.03,0.03,0.03,Matches,dc1ce4f5
1801,Daniel Mosquera,co COL,FW,Hellas Verona,it Serie A,24,1999,35,12,1375,15.3,5,1,6,5,0,0,4,0,0.33,0.07,0.39,0.33,0.39,Matches,091b9eb8
1802,Yerson Mosquera,co COL,DF,Wolves,eng Premier League,23,2001,5,5,441,4.9,0,0,0,0,0,0,2,0,0.00,0.00,0.00,0.00,0.00,Matches,1e159d70
1803,Dany Mota,pt POR,MFFW,Monza,it Serie A,26,1998,31,24,2104,23.4,5,2,7,5,0,0,3,0,0.21,0.09,0.30,0.21,0.30,Matches,efc9e31f
1804,Yael Mouanga,fr FRA,DF,Montpellier,fr Ligue 1,19,2005,14,10,946,10.5,0,0,0,0,0,0,3,0,0.00,0.00,0.00,0.00,0.00,Matches,153e48e0
1805,Aimen Moueffek,fr FRA,MF,Saint-Étienne,fr Ligue 1,23,2001,22,13,1039,11.5,0,1,1,0,0,0,2,0,0.00,0.09,0.09,0.00,0.09,Matches,2591b066
1806,Youssoufa Moukoko,de GER,FW,Nice,fr Ligue 1,19,2004,11,2,204,2.3,2,1,3,2,0,0,0,0,0.88,0.44,1.32,0.88,1.32,Matches,6ce43701
1807,Steve Mounié,bj BEN,MF,Augsburg,de Bundesliga,29,1994,16,1,347,3.9,1,0,1,1,0,0,2,0,0.26,0.00,0.26,0.26,0.26,Matches,19ba6c6d
1808,Mason Mount,eng ENG,MFFW,Manchester Utd,eng Premier League,25,1999,17,8,622,6.9,1,0,1,1,0,0,3,0,0.14,0.00,0.14,0.14,0.14,Matches,9674002f
1809,Santiago Mouriño,uy URU,DF,Alavés,es La Liga,22,2002,25,20,1849,20.5,0,1,1,0,0,0,7,0,0.00,0.05,0.05,0.00,0.05,Matches,91ee5785
1810,Louis Mouton,fr FRA,MF,Saint-Étienne,fr Ligue 1,22,2002,24,12,1045,11.6,0,1,1,0,0,0,2,0,0.00,0.09,0.09,0.00,0.09,Matches,c37823fe
1811,Divin Mubama,eng ENG,FW,Manchester City,eng Premier League,19,2004,1,0,28,0.3,0,0,0,0,0,0,0,0,0.00,0.00,0.00,0.00,0.00,Matches,92868cb5
1812,Mykhailo Mudryk,ua UKR,MF,Chelsea,eng Premier League,23,2001,7,1,151,1.7,0,0,0,0,0,0,0,0,0.00,0.00,0.00,0.00,0.00,Matches,049a888d
1813,Ngal'Ayel Mukau,cd COD,MF,Lille,fr Ligue 1,19,2004,22,14,1190,13.2,0,1,1,0,0,0,4,0,0.00,0.08,0.08,0.00,0.08,Matches,bb461b8a
1814,Nordi Mukiele,fr FRA,DFMF,Leverkusen,de Bundesliga,26,1997,15,10,899,10.0,1,0,1,1,0,0,4,0,0.10,0.00,0.10,0.10,0.10,Matches,ac73ec79
1815,Florian Müller,de GER,GK,Freiburg,de Bundesliga,26,1997,9,8,753,8.4,0,0,0,0,0,0,0,0,0.00,0.00,0.00,0.00,0.00,Matches,cbac6ec9
1816,Kevin Müller,de GER,GK,Heidenheim,de Bundesliga,33,1991,33,33,2939,32.7,0,0,0,0,0,0,0,0,0.00,0.00,0.00,0.00,0.00,Matches,f256f213
1817,Marius Müller,de GER,GK,Wolfsburg,de Bundesliga,31,1993,6,5,475,5.3,0,0,0,0,0,0,0,0,0.00,0.00,0.00,0.00,0.00,Matches,04ac779b
1818,Thomas Müller,de GER,MFFW,Bayern Munich,de Bundesliga,34,1989,30,12,1225,13.6,1,4,5,1,0,0,3,0,0.07,0.29,0.37,0.07,0.37,Matches,3c6089ab
1819,Abdul Mumin,gh GHA,DF,Rayo Vallecano,es La Liga,26,1998,24,24,2017,22.4,2,1,3,2,0,0,6,1,0.09,0.04,0.13,0.09,0.13,Matches,5487adcd
1820,Marshall Munetsi,zw ZIM,MF,Reims,fr Ligue 1,28,1996,19,19,1692,18.8,4,2,6,4,0,0,5,0,0.21,0.11,0.32,0.21,0.32,Matches,2acf0cd7
1821,Marshall Munetsi,zw ZIM,MFFW,Wolves,eng Premier League,28,1996,14,12,1078,12.0,2,1,3,2,0,0,0,0,0.17,0.08,0.25,0.17,0.25,Matches,2acf0cd7
1822,Rodrigo Muniz,br BRA,FW,Fulham,eng Premier League,23,2001,31,8,964,10.7,8,1,9,8,0,0,1,0,0.75,0.09,0.84,0.75,0.84,Matches,a755db8c
1823,Aihen Muñoz,es ESP,DF,Real Sociedad,es La Liga,26,1997,21,13,1098,12.2,0,0,0,0,0,0,5,0,0.00,0.00,0.00,0.00,0.00,Matches,228b0d9d
1824,Álex Muñoz,es ESP,DF,Las Palmas,es La Liga,30,1994,21,18,1415,15.7,3,0,3,3,0,0,3,0,0.19,0.00,0.19,0.19,0.19,Matches,853f211e
1825,Daniel Muñoz,co COL,MF,Crystal Palace,eng Premier League,28,1996,37,37,3228,35.9,4,5,9,4,0,0,10,0,0.11,0.14,0.25,0.11,0.25,Matches,778ef829
1826,Iker Muñoz,es ESP,MF,Osasuna,es La Liga,21,2002,23,4,610,6.8,0,1,1,0,0,0,2,0,0.00,0.15,0.15,0.00,0.15,Matches,175ece4c
1827,Javier Muñoz,es ESP,MFDF,Las Palmas,es La Liga,29,1995,35,28,2588,28.8,1,3,4,1,0,0,5,0,0.03,0.10,0.14,0.03,0.14,Matches,ec7c84c2
1828,Víctor Muñoz,es ESP,MF,Real Madrid,es La Liga,21,2003,2,0,36,0.4,0,0,0,0,0,0,0,0,0.00,0.00,0.00,0.00,0.00,Matches,f8b5680f
1829,Arijanet Muric,xk KVX,GK,Ipswich Town,eng Premier League,25,1998,18,18,1620,18.0,0,0,0,0,0,0,1,0,0.00,0.00,0.00,0.00,0.00,Matches,99aa1a84
1830,Murillo,br BRA,DF,Nottingham,eng Premier League,22,2002,36,36,3188,35.4,2,0,2,2,0,0,6,0,0.06,0.00,0.06,0.06,0.06,Matches,1704b0b8
1831,Vedat Muriqi,xk KVX,FW,Mallorca,es La Liga,30,1994,29,24,2058,22.9,7,2,9,5,2,3,1,2,0.31,0.09,0.39,0.22,0.31,Matches,0cadc46d
1832,Jacob Murphy,eng ENG,FWMF,Newcastle,eng Premier League,29,1995,35,31,2360,26.2,8,12,20,8,0,0,4,0,0.31,0.46,0.76,0.31,0.76,Matches,de112b84
1833,Bob Murphy Omoregbe,it ITA,FW,Milan,it Serie A,20,2003,1,0,3,0.0,0,0,0,0,0,0,0,0,0.00,0.00,0.00,0.00,0.00,Matches,b04364ed
1834,Yunus Musah,us USA,MFFW,Milan,it Serie A,21,2002,29,19,1571,17.5,0,2,2,0,0,0,5,0,0.00,0.11,0.11,0.00,0.11,Matches,b51b1b9c
1835,Jamal Musiala,de GER,MF,Bayern Munich,de Bundesliga,21,2003,25,21,1798,20.0,12,2,14,12,0,0,3,0,0.60,0.10,0.70,0.60,0.70,Matches,2c0558b8
1836,Florent Muslija,xk KVX,FWMF,Freiburg,de Bundesliga,26,1998,9,0,168,1.9,0,0,0,0,0,0,0,0,0.00,0.00,0.00,0.00,0.00,Matches,ae961785
1837,Juan Musso,ar ARG,GK,Atalanta,it Serie A,30,1994,1,1,90,1.0,0,0,0,0,0,0,0,0,0.00,0.00,0.00,0.00,0.00,Matches,a111cf41
1838,Juan Musso,ar ARG,GK,Atlético Madrid,es La Liga,30,1994,2,2,180,2.0,0,0,0,0,0,0,0,0,0.00,0.00,0.00,0.00,0.00,Matches,a111cf41
1839,Kingstone Mutandwa,zm ZAM,FW,Cagliari,it Serie A,21,2003,6,0,127,1.4,0,0,0,0,0,0,0,0,0.00,0.00,0.00,0.00,0.00,Matches,cbe32194
1840,Junior Mwanga,fr FRA,MF,Le Havre,fr Ligue 1,21,2003,11,11,952,10.6,1,2,3,1,0,0,1,1,0.09,0.19,0.28,0.09,0.28,Matches,ee158be5
1841,Junior Mwanga,fr FRA,MF,Strasbourg,fr Ligue 1,21,2003,8,2,296,3.3,0,0,0,0,0,0,0,0,0.00,0.00,0.00,0.00,0.00,Matches,ee158be5
1842,Phillipp Mwene,at AUT,MF,Mainz 05,de Bundesliga,30,1994,32,32,2607,29.0,1,4,5,1,0,0,7,0,0.03,0.14,0.17,0.03,0.17,Matches,2ff76adc
1843,Vitaliy Mykolenko,ua UKR,DF,Everton,eng Premier League,25,1999,35,35,3082,34.2,1,2,3,1,0,0,4,0,0.03,0.06,0.09,0.03,0.09,Matches,30d4a2e5
1844,Joakim Mæhle,dk DEN,DFMF,Wolfsburg,de Bundesliga,27,1997,28,25,2188,24.3,3,4,7,3,0,0,6,0,0.12,0.16,0.29,0.12,0.29,Matches,c459a650
1845,Obite N'Dicka,ci CIV,DF,Roma,it Serie A,24,1999,38,38,3420,38.0,0,1,1,0,0,0,2,0,0.00,0.03,0.03,0.00,0.03,Matches,441197b8
1846,Konan N'dri,ne NIG,MF,Lecce,it Serie A,23,2000,11,2,306,3.4,0,0,0,0,0,0,0,0,0.00,0.00,0.00,0.00,0.00,Matches,17329380
1847,Loïc N'Gatta,fr FRA,DF,Auxerre,fr Ligue 1,20,2003,2,0,13,0.1,0,0,0,0,0,0,1,0,0.00,0.00,0.00,0.00,0.00,Matches,b1fe3000
1848,Nathan N'Goumou,cm CMR,MF,Gladbach,de Bundesliga,24,2000,19,9,828,9.2,2,1,3,2,0,0,0,0,0.22,0.11,0.33,0.22,0.33,Matches,e110ea4b
1849,Djylian N'Guessan,fr FRA,FW,Saint-Étienne,fr Ligue 1,15,2008,8,3,181,2.0,0,0,0,0,0,0,0,0,0.00,0.00,0.00,0.00,0.00,Matches,63b27fab
1850,Stanley N'Soki,fr FRA,DF,Hoffenheim,de Bundesliga,25,1999,22,16,1308,14.5,0,0,0,0,0,0,3,1,0.00,0.00,0.00,0.00,0.00,Matches,61590953
1851,Mickael Nade,fr FRA,DF,Saint-Étienne,fr Ligue 1,25,1999,26,25,2306,25.6,1,2,3,1,0,0,1,0,0.04,0.08,0.12,0.04,0.12,Matches,a6b6fa6e
1852,Bilal Nadir,ma MAR,MF,Marseille,fr Ligue 1,20,2003,15,5,383,4.3,1,0,1,1,0,0,2,0,0.23,0.00,0.23,0.23,0.23,Matches,226673c2
1853,Mahamadou Nagida,cm CMR,MF,Rennes,fr Ligue 1,19,2005,12,4,430,4.8,2,0,2,2,0,0,1,0,0.42,0.00,0.42,0.42,0.42,Matches,8bfbf257
1854,Keito Nakamura,jp JPN,MFFW,Reims,fr Ligue 1,24,2000,32,31,2649,29.4,11,2,13,11,0,0,5,0,0.37,0.07,0.44,0.37,0.44,Matches,d97af612
1855,Sebastian Nanasi,se SWE,MFFW,Strasbourg,fr Ligue 1,22,2002,31,26,2107,23.4,6,4,10,6,0,0,1,0,0.26,0.17,0.43,0.26,0.43,Matches,ce747d2a
1856,Yael Nandjou,fr FRA,DF,Nice,fr Ligue 1,19,2005,3,2,154,1.7,0,0,0,0,0,0,0,0,0.00,0.00,0.00,0.00,0.00,Matches,35f311ec
1857,Nikolas Nartey,dk DEN,MF,Stuttgart,de Bundesliga,24,2000,1,0,22,0.2,0,0,0,0,0,0,0,0,0.00,0.00,0.00,0.00,0.00,Matches,30261ba1
1858,Matija Nastasić,rs SRB,DF,Leganés,es La Liga,31,1993,26,24,2110,23.4,1,0,1,1,0,0,3,0,0.04,0.00,0.04,0.04,0.04,Matches,f35430a4
1859,Natan,br BRA,DF,Real Betis,es La Liga,23,2001,31,23,2175,24.2,1,1,2,1,0,0,5,1,0.04,0.04,0.08,0.04,0.08,Matches,94bccc82
1860,Pau Navarro,es ESP,DF,Villarreal,es La Liga,19,2005,17,8,916,10.2,0,0,0,0,0,0,1,0,0.00,0.00,0.00,0.00,0.00,Matches,3171351c
1861,Roberto Navarro,es ESP,MF,Mallorca,es La Liga,22,2002,23,15,1278,14.2,1,0,1,1,0,0,3,0,0.07,0.00,0.07,0.07,0.07,Matches,c997b942
1862,Jesús Navas,es ESP,MFFW,Sevilla,es La Liga,38,1985,15,3,424,4.7,1,0,1,1,0,0,0,0,0.21,0.00,0.21,0.21,0.21,Matches,3f10bd22
1863,Michel Ndary Adopo,fr FRA,MF,Cagliari,it Serie A,24,2000,35,27,2409,26.8,1,1,2,1,0,0,5,1,0.04,0.04,0.07,0.04,0.07,Matches,599d91d0
1864,Youssouf Ndayishimiye,bi BDI,DF,Nice,fr Ligue 1,25,1998,23,22,1932,21.5,3,0,3,3,0,0,5,0,0.14,0.00,0.14,0.14,0.14,Matches,65c55288
1865,Abdoulaye Ndiaye,sn SEN,DF,Brest,fr Ligue 1,22,2002,22,19,1707,19.0,1,0,1,1,0,0,4,1,0.05,0.00,0.05,0.05,0.05,Matches,b8cd2ae4
1866,Iliman Ndiaye,sn SEN,MFFW,Everton,eng Premier League,24,2000,33,29,2430,27.0,9,0,9,7,2,2,3,0,0.33,0.00,0.33,0.26,0.26,Matches,5ed97752
1867,Junior Ndiaye,ae UAE,FW,Montpellier,fr Ligue 1,19,2005,15,4,441,4.9,0,0,0,0,0,0,0,0,0.00,0.00,0.00,0.00,0.00,Matches,03412e45
1868,Rassoul Ndiaye,sn SEN,MF,Le Havre,fr Ligue 1,22,2001,27,11,1061,11.8,1,0,1,1,0,0,2,0,0.08,0.00,0.08,0.08,0.08,Matches,36f65bdf
1869,Wilfred Ndidi,ng NGA,MF,Leicester City,eng Premier League,27,1996,28,28,2324,25.8,0,5,5,0,0,0,8,0,0.00,0.19,0.19,0.00,0.19,Matches,6b47c5db
1870,Wilfried Ndollo,cm CMR,DF,Montpellier,fr Ligue 1,19,2005,8,3,401,4.5,0,0,0,0,0,0,0,0,0.00,0.00,0.00,0.00,0.00,Matches,f2b7d401
1871,Tanguy Ndombele,fr FRA,MF,Nice,fr Ligue 1,27,1996,18,12,1131,12.6,1,2,3,1,0,0,2,0,0.08,0.16,0.24,0.08,0.24,Matches,5cdddffa
1872,Cher Ndour,it ITA,MF,Fiorentina,it Serie A,20,2004,9,4,406,4.5,0,0,0,0,0,0,1,0,0.00,0.00,0.00,0.00,0.00,Matches,3b88609d
1873,Dan Ndoye,ch SUI,MFFW,Bologna,it Serie A,23,2000,30,26,2143,23.8,8,4,12,6,2,2,4,0,0.34,0.17,0.50,0.25,0.42,Matches,8e697a8f
1874,Paul Nebel,de GER,MF,Mainz 05,de Bundesliga,21,2002,31,26,2345,26.1,10,4,14,10,0,0,5,1,0.38,0.15,0.54,0.38,0.54,Matches,1b6d8083
1875,Kosta Nedeljković,rs SRB,DF,Aston Villa,eng Premier League,18,2005,5,0,126,1.4,0,0,0,0,0,0,0,0,0.00,0.00,0.00,0.00,0.00,Matches,c70be9cf
1876,Kosta Nedeljković,rs SRB,DFMF,RB Leipzig,de Bundesliga,18,2005,10,6,479,5.3,0,0,0,0,0,0,1,0,0.00,0.00,0.00,0.00,0.00,Matches,c70be9cf
1877,Loïc Nego,hu HUN,DFMF,Le Havre,fr Ligue 1,33,1991,31,28,2459,27.3,0,0,0,0,0,0,4,0,0.00,0.00,0.00,0.00,0.00,Matches,c3b6fa1e
1878,Ivan Nekić,hr CRO,DF,Holstein Kiel,de Bundesliga,23,2000,1,1,71,0.8,0,0,0,0,0,0,0,0,0.00,0.00,0.00,0.00,0.00,Matches,d5656169
1879,Reiss Nelson,eng ENG,FWMF,Arsenal,eng Premier League,24,1999,1,0,3,0.0,0,0,0,0,0,0,0,0,0.00,0.00,0.00,0.00,0.00,Matches,c5bdb6e3
1880,Reiss Nelson,eng ENG,MF,Fulham,eng Premier League,24,1999,11,5,487,5.4,1,1,2,1,0,0,1,0,0.18,0.18,0.37,0.18,0.37,Matches,c5bdb6e3
1881,Victor Nelsson,dk DEN,DF,Roma,it Serie A,25,1998,4,1,187,2.1,0,0,0,0,0,0,0,0,0.00,0.00,0.00,0.00,0.00,Matches,e53b5534
1882,David Nemeth,at AUT,DF,St Pauli,de Bundesliga,23,2001,24,24,2137,23.7,0,1,1,0,0,0,3,0,0.00,0.04,0.04,0.00,0.04,Matches,da76715c
1883,David Neres,br BRA,FW,Napoli,it Serie A,27,1997,28,13,1283,14.3,2,4,6,2,0,0,1,0,0.14,0.28,0.42,0.14,0.42,Matches,4f1e6a0b
1884,Neto,br BRA,GK,Bournemouth,eng Premier League,35,1989,2,2,180,2.0,0,0,0,0,0,0,0,0,0.00,0.00,0.00,0.00,0.00,Matches,a9dc785c
1885,Pedro Neto,pt POR,MFFW,Chelsea,eng Premier League,24,2000,35,24,2269,25.2,4,6,10,4,0,0,8,0,0.16,0.24,0.40,0.16,0.40,Matches,7ba2eaa9
1886,Luca Netz,de GER,DF,Gladbach,de Bundesliga,21,2003,24,8,969,10.8,0,2,2,0,0,0,2,0,0.00,0.19,0.19,0.00,0.19,Matches,e79269bd
1887,Manuel Neuer,de GER,GK,Bayern Munich,de Bundesliga,38,1986,22,22,1980,22.0,0,0,0,0,0,0,0,0,0.00,0.00,0.00,0.00,0.00,Matches,8778c910
1888,Florian Neuhaus,de GER,MF,Gladbach,de Bundesliga,27,1997,18,2,382,4.2,0,1,1,0,0,0,1,0,0.00,0.24,0.24,0.00,0.24,Matches,36a59ba4
1889,João Neves,pt POR,MFDF,Paris SG,fr Ligue 1,19,2004,29,22,1844,20.5,3,8,11,3,0,0,1,0,0.15,0.39,0.54,0.15,0.54,Matches,c2a15a27
1890,Yvan Neyou,cm CMR,MF,Leganés,es La Liga,27,1997,30,27,2312,25.7,1,1,2,1,0,0,14,0,0.04,0.04,0.08,0.04,0.08,Matches,0ad37003
1891,Cyril Ngonge,be BEL,FW,Napoli,it Serie A,24,2000,18,1,216,2.4,0,0,0,0,0,0,2,0,0.00,0.00,0.00,0.00,0.00,Matches,2b8360f1
1892,Mikayil Ngor Faye,sn SEN,DF,Rennes,fr Ligue 1,20,2004,11,7,688,7.6,0,0,0,0,0,0,1,1,0.00,0.00,0.00,0.00,0.00,Matches,b37ae816
1893,Steve Ngoura,fr FRA,FW,Le Havre,fr Ligue 1,19,2005,8,2,289,3.2,1,0,1,1,0,0,0,0,0.31,0.00,0.31,0.31,0.31,Matches,731f1f5a
1894,Bernard Nguene,cm CMR,FW,Nice,fr Ligue 1,17,2006,1,0,13,0.1,0,0,0,0,0,0,0,0,0.00,0.00,0.00,0.00,0.00,Matches,95915bb5
1895,Moussa Niakhaté,sn SEN,DF,Lyon,fr Ligue 1,28,1996,31,30,2726,30.3,0,0,0,0,0,0,2,0,0.00,0.00,0.00,0.00,0.00,Matches,00242715
1896,Ibrahima Niane,sn SEN,FW,Angers,fr Ligue 1,25,1999,24,8,943,10.5,3,1,4,2,1,1,0,0,0.29,0.10,0.38,0.19,0.29,Matches,46faabfa
1897,Tanguy Nianzou,fr FRA,DF,Sevilla,es La Liga,22,2002,6,6,518,5.8,0,0,0,0,0,0,3,1,0.00,0.00,0.00,0.00,0.00,Matches,5853ac44
1898,Cheikh Niasse,sn SEN,MF,Hellas Verona,it Serie A,24,2000,11,8,755,8.4,0,0,0,0,0,0,4,0,0.00,0.00,0.00,0.00,0.00,Matches,ff20acfe
1899,Rasmus Nicolaisen,dk DEN,DF,Toulouse,fr Ligue 1,27,1997,7,7,623,6.9,0,1,1,0,0,0,0,0,0.00,0.14,0.14,0.00,0.14,Matches,3f319bb9
1900,Moritz Nicolas,de GER,GK,Gladbach,de Bundesliga,26,1997,19,19,1639,18.2,0,0,0,0,0,0,0,0,0.00,0.00,0.00,0.00,0.00,Matches,226ddf9d
1901,Hans Nicolussi Caviglia,it ITA,MF,Venezia,it Serie A,24,2000,35,33,2861,31.8,4,2,6,4,0,0,7,1,0.13,0.06,0.19,0.13,0.19,Matches,b136c945
1902,Julian Niehues,de GER,MF,Heidenheim,de Bundesliga,23,2001,8,0,154,1.7,0,0,0,0,0,0,1,0,0.00,0.00,0.00,0.00,0.00,Matches,5bc27912
1903,Oliver Nielsen,dk DEN,DF,Lazio,it Serie A,21,2003,2,0,35,0.4,0,0,0,0,0,0,1,0,0.00,0.00,0.00,0.00,0.00,Matches,e97adead
1904,Saúl Ñíguez,es ESP,MF,Sevilla,es La Liga,29,1994,24,17,1553,17.3,1,6,7,1,0,0,8,1,0.06,0.35,0.41,0.06,0.41,Matches,c14bc029
1905,Tamás Nikitscher,hu HUN,MFDF,Valladolid,es La Liga,24,1999,13,9,858,9.5,0,0,0,0,0,0,2,0,0.00,0.00,0.00,0.00,0.00,Matches,a1c7fe4e
1906,Adrian Niño,es ESP,FW,Atlético Madrid,es La Liga,20,2004,1,0,12,0.1,0,0,0,0,0,0,0,0,0.00,0.00,0.00,0.00,0.00,Matches,5b9067c9
1907,Alieu Njie,se SWE,FW,Torino,it Serie A,19,2005,16,0,394,4.4,1,0,1,1,0,0,1,0,0.23,0.00,0.23,0.23,0.23,Matches,15918c9c
1908,Justin Njinmah,de GER,FWMF,Werder Bremen,de Bundesliga,23,2000,26,10,952,10.6,3,2,5,3,0,0,1,0,0.28,0.19,0.47,0.28,0.47,Matches,a45241d5
1909,Eddie Nketiah,eng ENG,FWMF,Crystal Palace,eng Premier League,25,1999,29,9,1034,11.5,3,1,4,3,0,0,6,1,0.26,0.09,0.35,0.26,0.35,Matches,a53649b7
1910,Niels Nkounkou,fr FRA,MFDF,Frankfurt,de Bundesliga,23,2000,12,4,382,4.2,0,0,0,0,0,0,1,0,0.00,0.00,0.00,0.00,0.00,Matches,f5b281e7
1911,Christopher Nkunku,fr FRA,MFFW,Chelsea,eng Premier League,26,1997,27,9,921,10.2,3,2,5,3,0,0,2,0,0.29,0.20,0.49,0.29,0.49,Matches,7c56da38
1912,Felix Nmecha,de GER,MF,Dortmund,de Bundesliga,23,2000,26,19,1509,16.8,4,1,5,4,0,0,3,0,0.24,0.06,0.30,0.24,0.30,Matches,091c86e2
1913,Lukas Nmecha,de GER,FW,Wolfsburg,de Bundesliga,25,1998,19,3,467,5.2,3,0,3,3,0,0,1,0,0.58,0.00,0.58,0.58,0.58,Matches,0cc5f4a5
1914,Arnaud Nordin,fr FRA,MFFW,Montpellier,fr Ligue 1,26,1998,16,14,1166,13.0,4,1,5,3,1,2,2,0,0.31,0.08,0.39,0.23,0.31,Matches,7b9a9e25
1915,Arnaud Nordin,fr FRA,FWMF,Mainz 05,de Bundesliga,26,1998,6,0,80,0.9,0,0,0,0,0,0,0,0,0.00,0.00,0.00,0.00,0.00,Matches,7b9a9e25
1916,Brooke Norton-Cuffy,eng ENG,MFDF,Genoa,it Serie A,20,2004,14,8,719,8.0,0,0,0,0,0,0,0,0,0.00,0.00,0.00,0.00,0.00,Matches,54f5b2bd
1917,Tijjani Noslin,nl NED,MFFW,Lazio,it Serie A,25,1999,30,8,861,9.6,2,2,4,2,0,0,2,0,0.21,0.21,0.42,0.21,0.42,Matches,2f067cf2
1918,Hugo Novoa,es ESP,MFDF,Alavés,es La Liga,21,2003,5,2,237,2.6,0,0,0,0,0,0,0,0,0.00,0.00,0.00,0.00,0.00,Matches,5458f670
1919,Plamedi Nsingi,,FW,Nantes,fr Ligue 1,23,2000,1,0,16,0.2,0,0,0,0,0,0,0,0,0.00,0.00,0.00,0.00,0.00,Matches,ab90a99b
1920,Randy Nteka,ao ANG,FW,Rayo Vallecano,es La Liga,26,1997,24,16,1129,12.5,3,0,3,3,0,0,6,0,0.24,0.00,0.24,0.24,0.24,Matches,a6103274
1921,Ernest Nuamah,gh GHA,MFFW,Lyon,fr Ligue 1,20,2003,23,13,1052,11.7,3,1,4,3,0,0,2,0,0.26,0.09,0.34,0.26,0.34,Matches,234a703c
1922,Alexander Nübel,de GER,GK,Stuttgart,de Bundesliga,27,1996,34,34,3060,34.0,0,1,1,0,0,0,0,0,0.00,0.03,0.03,0.00,0.03,Matches,afb0c500
1923,Gustavo Nunes,br BRA,MF,Brentford,eng Premier League,18,2005,3,0,12,0.1,0,0,0,0,0,0,0,0,0.00,0.00,0.00,0.00,0.00,Matches,e504780f
1924,Matheus Nunes,pt POR,DFMF,Manchester City,eng Premier League,25,1998,26,19,1674,18.6,1,6,7,1,0,0,4,0,0.05,0.32,0.38,0.05,0.38,Matches,e6af02e0
1925,Darwin Núñez,uy URU,FW,Liverpool,eng Premier League,25,1999,30,8,1133,12.6,5,2,7,5,0,0,8,0,0.40,0.16,0.56,0.40,0.56,Matches,4d77b365
1926,Unai Núñez,es ESP,DF,Athletic Club,es La Liga,27,1997,10,7,645,7.2,0,0,0,0,0,0,4,0,0.00,0.00,0.00,0.00,0.00,Matches,be170419
1927,Antonio Nusa,no NOR,MFDF,RB Leipzig,de Bundesliga,19,2005,25,16,1558,17.3,3,3,6,3,0,0,0,0,0.17,0.17,0.35,0.17,0.35,Matches,4ab12002
1928,Ethan Nwaneri,eng ENG,FWMF,Arsenal,eng Premier League,17,2007,26,11,895,9.9,4,2,6,4,0,0,1,0,0.40,0.20,0.60,0.40,0.60,Matches,7f94982c
1929,Ørjan Nyland,no NOR,GK,Sevilla,es La Liga,33,1990,30,30,2673,29.7,0,0,0,0,0,0,2,0,0.00,0.00,0.00,0.00,0.00,Matches,bdedffac
1930,Allan Nyom,cm CMR,MFDF,Getafe,es La Liga,36,1988,20,10,887,9.9,1,2,3,1,0,0,4,0,0.10,0.20,0.30,0.10,0.30,Matches,97572117
1931,Rabby Nzingoula,fr FRA,MF,Montpellier,fr Ligue 1,18,2005,27,20,1689,18.8,1,0,1,1,0,0,11,0,0.05,0.00,0.05,0.05,0.05,Matches,627c7a3d
1932,M'Bala Nzola,ao ANG,FW,Lens,fr Ligue 1,27,1996,21,16,1460,16.2,6,1,7,6,0,0,3,1,0.37,0.06,0.43,0.37,0.43,Matches,a4948e67
1933,Marwann Nzuzi,fr FRA,DF,Saint-Étienne,fr Ligue 1,20,2004,2,2,125,1.4,0,0,0,0,0,0,2,0,0.00,0.00,0.00,0.00,0.00,Matches,165787d9
1934,Christian Nørgaard,dk DEN,MF,Brentford,eng Premier League,30,1994,34,34,2819,31.3,5,4,9,5,0,0,8,1,0.16,0.13,0.29,0.16,0.29,Matches,df0a4c90
1935,Jake O'Brien,ie IRL,DF,Everton,eng Premier League,23,2001,20,17,1571,17.5,2,0,2,2,0,0,5,0,0.11,0.00,0.11,0.11,0.11,Matches,25f2ef01
1936,Nico O'Reilly,eng ENG,DF,Manchester City,eng Premier League,19,2005,9,6,528,5.9,2,0,2,2,0,0,0,0,0.34,0.00,0.34,0.34,0.34,Matches,91ca4a16
1937,Matt O'Riley,dk DEN,MF,Brighton,eng Premier League,23,2000,21,11,938,10.4,2,2,4,1,1,1,1,0,0.19,0.19,0.38,0.10,0.29,Matches,fb495bb8
1938,Dara O'Shea,ie IRL,DF,Ipswich Town,eng Premier League,25,1999,35,35,3122,34.7,0,2,2,0,0,0,6,0,0.00,0.06,0.06,0.00,0.06,Matches,1d042188
1939,Adam Obert,sk SVK,DFMF,Cagliari,it Serie A,21,2002,21,13,1077,12.0,1,1,2,1,0,0,4,0,0.08,0.08,0.17,0.08,0.17,Matches,aa25ce92
1940,Chidozie Obi-Martin,dk DEN,FW,Manchester Utd,eng Premier League,16,2007,7,1,165,1.8,0,0,0,0,0,0,1,0,0.00,0.00,0.00,0.00,0.00,Matches,0c9bfc3b
1941,Jan Oblak,si SVN,GK,Atlético Madrid,es La Liga,31,1993,36,36,3240,36.0,0,0,0,0,0,0,0,0,0.00,0.00,0.00,0.00,0.00,Matches,ee8508c0
1942,Lucas Ocampos,ar ARG,MFFW,Sevilla,es La Liga,30,1994,2,2,175,1.9,0,1,1,0,0,0,0,0,0.00,0.51,0.51,0.00,0.51,Matches,a08b974a
1943,Jens Odgaard,dk DEN,MF,Bologna,it Serie A,25,1999,29,24,1952,21.7,6,1,7,6,0,0,1,0,0.28,0.05,0.32,0.28,0.32,Matches,75374ee7
1944,Wilson Odobert,fr FRA,FWMF,Tottenham,eng Premier League,19,2004,16,9,850,9.4,1,0,1,1,0,0,0,0,0.11,0.00,0.11,0.11,0.11,Matches,35516eac
1945,David Odogu,de GER,DF,Wolfsburg,de Bundesliga,18,2006,3,2,195,2.2,0,0,0,0,0,0,0,0,0.00,0.00,0.00,0.00,0.00,Matches,6a58d68c
1946,Álvaro Odriozola,es ESP,DF,Real Sociedad,es La Liga,28,1995,2,0,43,0.5,0,0,0,0,0,0,1,0,0.00,0.00,0.00,0.00,0.00,Matches,1d1691ad
1947,Tim Oermann,de GER,DF,Bochum,de Bundesliga,20,2003,29,26,2213,24.6,0,2,2,0,0,0,0,0,0.00,0.08,0.08,0.00,0.08,Matches,57ec75bf
1948,Chiedozie Ogbene,ie IRL,MF,Ipswich Town,eng Premier League,27,1997,5,3,238,2.6,0,0,0,0,0,0,0,0,0.00,0.00,0.00,0.00,0.00,Matches,788c0277
1949,Ifechukwu Ogbus,ch SUI,DF,Freiburg,de Bundesliga,18,2005,2,0,19,0.2,0,0,0,0,0,0,0,0,0.00,0.00,0.00,0.00,0.00,Matches,d41472b7
1950,Thiago Ojeda,ar ARG,MF,Villarreal,es La Liga,21,2003,1,0,8,0.1,0,0,0,0,0,0,1,0,0.00,0.00,0.00,0.00,0.00,Matches,06bb141c
1951,Hamzat Ojediran,ng NGA,MF,Lens,fr Ligue 1,20,2003,17,1,416,4.6,1,0,1,1,0,0,5,0,0.22,0.00,0.22,0.22,0.22,Matches,25124a21
1952,Noah Okafor,ch SUI,FWMF,Napoli,it Serie A,24,2000,4,0,40,0.4,0,0,0,0,0,0,0,0,0.00,0.00,0.00,0.00,0.00,Matches,ca607d59
1953,Noah Okafor,ch SUI,FWMF,Milan,it Serie A,24,2000,11,5,414,4.6,1,0,1,1,0,0,0,0,0.22,0.00,0.22,0.22,0.22,Matches,ca607d59
1954,Caleb Okoli,it ITA,DF,Leicester City,eng Premier League,23,2001,19,12,1125,12.5,1,0,1,1,0,0,4,0,0.08,0.00,0.08,0.08,0.08,Matches,8ec109e6
1955,Yllan Okou,fr FRA,DF,Hellas Verona,it Serie A,21,2002,1,0,2,0.0,0,0,0,0,0,0,0,0,0.00,0.00,0.00,0.00,0.00,Matches,fa753b79
1956,Maduka Okoye,ng NGA,GK,Udinese,it Serie A,24,1999,25,25,2250,25.0,0,0,0,0,0,0,1,0,0.00,0.00,0.00,0.00,0.00,Matches,ab5c36dd
1957,Joseph Okumu,ke KEN,DF,Reims,fr Ligue 1,27,1997,22,20,1695,18.8,1,0,1,1,0,0,5,1,0.05,0.00,0.05,0.05,0.05,Matches,039f1983
1958,Aingeru Olabarrieta,es ESP,MF,Athletic Club,es La Liga,18,2005,1,1,54,0.6,0,0,0,0,0,0,0,0,0.00,0.00,0.00,0.00,0.00,Matches,b7e92b0e
1959,Kazeem Olaigbe,be BEL,MFFW,Rennes,fr Ligue 1,21,2003,10,3,299,3.3,0,2,2,0,0,0,0,0,0.00,0.60,0.60,0.00,0.60,Matches,f3ec7e64
1960,Olasagasti,es ESP,MF,Real Sociedad,es La Liga,23,2000,22,7,857,9.5,1,1,2,1,0,0,2,0,0.11,0.11,0.21,0.11,0.21,Matches,3d99999d
1961,Ben Old,nz NZL,MFFW,Saint-Étienne,fr Ligue 1,21,2002,13,4,528,5.9,0,0,0,0,0,0,0,0,0.00,0.00,0.00,0.00,0.00,Matches,e14e818c
1962,Finn Ole Becker,de GER,MF,Hoffenheim,de Bundesliga,24,2000,13,7,670,7.4,0,1,1,0,0,0,1,0,0.00,0.13,0.13,0.00,0.13,Matches,dd2e62da
1963,Michael Olise,fr FRA,MF,Bayern Munich,de Bundesliga,22,2001,34,28,2334,25.9,12,15,27,12,0,0,3,0,0.46,0.58,1.04,0.46,1.04,Matches,c4486bac
1964,Brian Oliván,es ESP,DF,Espanyol,es La Liga,30,1994,17,12,1017,11.3,0,1,1,0,0,0,2,0,0.00,0.09,0.09,0.00,0.09,Matches,a3e4bf46
1965,Lucas Oliveira Rosa,br BRA,DF,Valladolid,es La Liga,24,2000,21,21,1890,21.0,0,1,1,0,0,0,6,0,0.00,0.05,0.05,0.00,0.05,Matches,5132b92c
1966,Mathías Olivera,uy URU,DF,Napoli,it Serie A,26,1997,32,26,2370,26.3,0,2,2,0,0,0,4,0,0.00,0.08,0.08,0.00,0.08,Matches,41c12f75
1967,Dani Olmo,es ESP,MF,Barcelona,es La Liga,26,1998,25,13,1212,13.5,10,3,13,8,2,2,1,0,0.74,0.22,0.97,0.59,0.82,Matches,ae44e8e2
1968,Robin Olsen,se SWE,GK,Aston Villa,eng Premier League,34,1990,4,1,226,2.5,0,0,0,0,0,0,0,0,0.00,0.00,0.00,0.00,0.00,Matches,e7ee38c3
1969,Warmed Omari,km COM,DF,Lyon,fr Ligue 1,24,2000,1,0,8,0.1,0,0,0,0,0,0,0,0,0.00,0.00,0.00,0.00,0.00,Matches,4534a352
1970,Becir Omeragic,ch SUI,DF,Montpellier,fr Ligue 1,22,2002,22,21,1799,20.0,0,0,0,0,0,0,1,0,0.00,0.00,0.00,0.00,0.00,Matches,c284d6fb
1971,Jonas Omlin,ch SUI,GK,Gladbach,de Bundesliga,30,1994,12,11,978,10.9,0,0,0,0,0,0,0,1,0.00,0.00,0.00,0.00,0.00,Matches,c631f952
1972,Andrew Omobamidele,ie IRL,DF,Strasbourg,fr Ligue 1,22,2002,10,6,539,6.0,0,0,0,0,0,0,5,1,0.00,0.00,0.00,0.00,0.00,Matches,c393a6c4
1973,Ado Onaiwu,jp JPN,MFFW,Auxerre,fr Ligue 1,28,1995,31,9,957,10.6,4,1,5,4,0,0,1,1,0.38,0.09,0.47,0.38,0.47,Matches,ff4df82e
1974,Amadou Onana,be BEL,MF,Aston Villa,eng Premier League,22,2001,26,20,1617,18.0,3,0,3,3,0,0,4,0,0.17,0.00,0.17,0.17,0.17,Matches,828657ff
1975,André Onana,cm CMR,GK,Manchester Utd,eng Premier League,28,1996,34,34,3060,34.0,0,0,0,0,0,0,0,0,0.00,0.00,0.00,0.00,0.00,Matches,e9c0c1b2
1976,Jean Onana,cm CMR,MF,Genoa,it Serie A,24,2000,9,2,304,3.4,0,0,0,0,0,0,1,0,0.00,0.00,0.00,0.00,0.00,Matches,b5bb8188
1977,Jacob Ondrejka,se SWE,MF,Parma,it Serie A,21,2002,12,3,422,4.7,5,0,5,5,0,0,0,0,1.07,0.00,1.07,1.07,1.07,Matches,752e09ed
1978,Karim Onisiwo,at AUT,MF,Mainz 05,de Bundesliga,32,1992,6,1,110,1.2,0,0,0,0,0,0,0,0,0.00,0.00,0.00,0.00,0.00,Matches,f26834c7
1979,Paul Onuachu,ng NGA,FW,Southampton,eng Premier League,30,1994,25,11,1050,11.7,4,1,5,4,0,0,4,0,0.34,0.09,0.43,0.34,0.43,Matches,c06d1086
1980,Frank Onyeka,ng NGA,MF,Augsburg,de Bundesliga,26,1998,31,30,2586,28.7,0,1,1,0,0,0,8,0,0.00,0.03,0.03,0.00,0.03,Matches,2944f86f
1981,Frank Onyeka,ng NGA,MF,Brentford,eng Premier League,26,1998,2,0,25,0.3,0,0,0,0,0,0,0,0,0.00,0.00,0.00,0.00,0.00,Matches,2944f86f
1982,Loïs Openda,be BEL,FW,RB Leipzig,de Bundesliga,24,2000,33,28,2453,27.3,9,5,14,9,0,1,5,1,0.33,0.18,0.51,0.33,0.51,Matches,8652a85c
1983,Christopher Opéri,ci CIV,MFDF,Le Havre,fr Ligue 1,27,1997,13,13,1169,13.0,0,2,2,0,0,0,2,1,0.00,0.15,0.15,0.00,0.15,Matches,914bb955
1984,Fredrik Oppegard,no NOR,MFDF,Auxerre,fr Ligue 1,21,2002,9,2,273,3.0,0,0,0,0,0,0,0,0,0.00,0.00,0.00,0.00,0.00,Matches,c0347e9b
1985,Victor Orakpo,ng NGA,FW,Nice,fr Ligue 1,18,2006,4,0,36,0.4,0,0,0,0,0,0,0,0,0.00,0.00,0.00,0.00,0.00,Matches,cbfb7cd7
1986,Ike Orazi,ie IRL,FW,Reims,fr Ligue 1,17,2007,1,0,3,0.0,0,0,0,0,0,0,0,0,0.00,0.00,0.00,0.00,0.00,Matches,60e53ba1
1987,Gift Orban,ng NGA,FW,Hoffenheim,de Bundesliga,22,2002,13,7,687,7.6,4,0,4,4,0,0,2,0,0.52,0.00,0.52,0.52,0.52,Matches,de17db90
1988,Gift Orban,ng NGA,FW,Lyon,fr Ligue 1,22,2002,3,2,186,2.1,2,0,2,2,0,0,1,0,0.97,0.00,0.97,0.97,0.97,Matches,de17db90
1989,Willi Orban,hu HUN,DF,RB Leipzig,de Bundesliga,31,1992,25,25,2222,24.7,5,0,5,5,0,0,4,2,0.20,0.00,0.20,0.20,0.20,Matches,20030c06
1990,Ivan Ordets,ua UKR,DF,Bochum,de Bundesliga,32,1992,22,21,1861,20.7,0,0,0,0,0,0,6,0,0.00,0.00,0.00,0.00,0.00,Matches,86c75897
1991,Lewis Orford,eng ENG,MF,West Ham,eng Premier League,18,2006,2,0,49,0.5,0,0,0,0,0,0,0,0,0.00,0.00,0.00,0.00,0.00,Matches,40aaa04c
1992,Gaetano Oristanio,it ITA,FWMF,Venezia,it Serie A,21,2002,37,29,2315,25.7,3,3,6,3,0,0,3,0,0.12,0.12,0.23,0.12,0.23,Matches,5cfc74fc
1993,Aimar Oroz,es ESP,MF,Osasuna,es La Liga,22,2001,37,35,2966,33.0,5,4,9,4,1,1,8,0,0.15,0.12,0.27,0.12,0.24,Matches,7c363088
1994,Riccardo Orsolini,it ITA,MFFW,Bologna,it Serie A,27,1997,30,23,1878,20.9,15,4,19,12,3,3,2,0,0.72,0.19,0.91,0.58,0.77,Matches,e14ec482
1995,Stefan Ortega,de GER,GK,Manchester City,eng Premier League,31,1992,13,12,1100,12.2,0,0,0,0,0,0,1,0,0.00,0.00,0.00,0.00,0.00,Matches,c1242d4e
1996,Ángel Ortíz,es ESP,DF,Real Betis,es La Liga,20,2004,5,4,353,3.9,0,1,1,0,0,0,0,0,0.00,0.25,0.25,0.00,0.25,Matches,a2f3bbb9
1997,Gabriel Osei Misehouy,nl NED,FW,Girona,es La Liga,19,2005,9,1,257,2.9,1,0,1,1,0,0,0,0,0.35,0.00,0.35,0.35,0.35,Matches,349a7574
1998,Gabriel Osho,ng NGA,DF,Auxerre,fr Ligue 1,25,1998,20,20,1654,18.4,1,0,1,1,0,0,1,1,0.05,0.00,0.05,0.05,0.05,Matches,cd889153
1999,Yordan Osorio,ve VEN,DF,Parma,it Serie A,30,1994,3,2,172,1.9,0,0,0,0,0,0,0,0,0.00,0.00,0.00,0.00,0.00,Matches,4d17df3e
2000,Patrick Osterhage,de GER,MF,Freiburg,de Bundesliga,24,2000,30,27,2267,25.2,1,0,1,1,0,0,6,1,0.04,0.00,0.04,0.04,0.04,Matches,9662c9ec
2001,William Osula,dk DEN,FW,Newcastle,eng Premier League,20,2003,14,0,134,1.5,1,0,1,1,0,0,0,0,0.67,0.00,0.67,0.67,0.67,Matches,7b355808
2002,Jibril Othman,tn TUN,FW,Saint-Étienne,fr Ligue 1,20,2004,1,0,5,0.1,0,0,0,0,0,0,0,0,0.00,0.00,0.00,0.00,0.00,Matches,967bb460
2003,Sebastian Otoa,dk DEN,DF,Genoa,it Serie A,20,2004,3,3,179,2.0,0,0,0,0,0,0,1,1,0.00,0.00,0.00,0.00,0.00,Matches,a214da59
2004,David Otorbi,es ESP,FW,Valencia,es La Liga,16,2007,1,0,14,0.2,0,0,0,0,0,0,0,0,0.00,0.00,0.00,0.00,0.00,Matches,c83e3553
2005,Abdoul Ouattara,fr FRA,MFFW,Strasbourg,fr Ligue 1,18,2005,17,3,471,5.2,1,1,2,1,0,0,1,0,0.19,0.19,0.38,0.19,0.38,Matches,d028b5e5
2006,Dango Ouattara,bf BFA,MFFW,Bournemouth,eng Premier League,22,2002,32,21,2005,22.3,7,4,11,7,0,0,3,0,0.31,0.18,0.49,0.31,0.49,Matches,2f9e4435
2007,Kassoum Ouattara,ci CIV,MFDF,Monaco,fr Ligue 1,19,2004,12,5,391,4.3,0,1,1,0,0,0,2,0,0.00,0.23,0.23,0.00,0.23,Matches,6620c21a
2008,Remi Oudin,fr FRA,MF,Lecce,it Serie A,27,1996,11,3,299,3.3,0,0,0,0,0,0,1,0,0.00,0.00,0.00,0.00,0.00,Matches,ea02beaf
2009,Assan Ouédraogo,de GER,MF,RB Leipzig,de Bundesliga,18,2006,3,0,50,0.6,0,0,0,0,0,0,0,0,0.00,0.00,0.00,0.00,0.00,Matches,75e6fc2f
2010,Zinédine Ould Khaled,fr FRA,MF,Angers,fr Ligue 1,24,2000,10,4,343,3.8,0,0,0,0,0,0,1,0,0.00,0.00,0.00,0.00,0.00,Matches,6b4436ba
2011,Cheick Oumar Conde,gn GUI,MF,Venezia,it Serie A,24,2000,9,1,151,1.7,0,0,0,0,0,0,2,0,0.00,0.00,0.00,0.00,0.00,Matches,2f88752d
2012,Jesús Owono,gq EQG,GK,Alavés,es La Liga,23,2001,6,5,487,5.4,0,0,0,0,0,0,0,0,0.00,0.00,0.00,0.00,0.00,Matches,d6e3d7fb
2013,Beres Owusu,fr FRA,DF,Saint-Étienne,fr Ligue 1,20,2003,1,1,90,1.0,0,0,0,0,0,0,0,0,0.00,0.00,0.00,0.00,0.00,Matches,32c61db3
2014,Elisha Owusu,gh GHA,MF,Auxerre,fr Ligue 1,26,1997,28,28,2344,26.0,1,3,4,1,0,0,7,0,0.04,0.12,0.15,0.04,0.15,Matches,e2781082
2015,Mikel Oyarzabal,es ESP,FW,Real Sociedad,es La Liga,27,1997,35,28,2250,25.0,9,3,12,5,4,4,4,1,0.36,0.12,0.48,0.20,0.32,Matches,8c3c640c
2016,Daniel Oyegoke,eng ENG,DFMF,Hellas Verona,it Serie A,21,2003,5,0,103,1.1,0,0,0,0,0,0,1,0,0.00,0.00,0.00,0.00,0.00,Matches,c9866d69
2017,Salih Özcan,tr TUR,MF,Wolfsburg,de Bundesliga,26,1998,11,3,353,3.9,0,0,0,0,0,0,0,0,0.00,0.00,0.00,0.00,0.00,Matches,15413fa5
2018,Salih Özcan,tr TUR,MF,Dortmund,de Bundesliga,26,1998,11,3,391,4.3,0,0,0,0,0,0,0,0,0.00,0.00,0.00,0.00,0.00,Matches,15413fa5
2019,Cenk Özkacar,tr TUR,DF,Valladolid,es La Liga,23,2000,11,8,757,8.4,0,0,0,0,0,0,1,0,0.00,0.00,0.00,0.00,0.00,Matches,9a93efc9
2020,Jon Pacheco,es ESP,DF,Real Sociedad,es La Liga,23,2001,14,9,854,9.5,0,0,0,0,0,0,3,0,0.00,0.00,0.00,0.00,0.00,Matches,44150beb
2021,Willian Pacho,ec ECU,DF,Paris SG,fr Ligue 1,22,2001,28,23,2132,23.7,0,1,1,0,0,0,2,0,0.00,0.04,0.04,0.00,0.04,Matches,ecbe2839
2022,Daniele Padelli,it ITA,GK,Udinese,it Serie A,38,1985,1,1,90,1.0,0,0,0,0,0,0,0,0,0.00,0.00,0.00,0.00,0.00,Matches,cf1c23d8
2023,Alex Padilla,es ESP,GK,Athletic Club,es La Liga,20,2003,5,3,321,3.6,0,0,0,0,0,0,0,0,0.00,0.00,0.00,0.00,0.00,Matches,a275838a
2024,Simone Pafundi,it ITA,FW,Udinese,it Serie A,18,2006,9,0,116,1.3,0,0,0,0,0,0,0,0,0.00,0.00,0.00,0.00,0.00,Matches,8daee720
2025,Exequiel Palacios,ar ARG,MF,Leverkusen,de Bundesliga,25,1998,24,11,1155,12.8,1,6,7,1,0,0,2,0,0.08,0.47,0.55,0.08,0.55,Matches,e82adcab
2026,Tomás Palacios,ar ARG,DF,Monza,it Serie A,21,2003,8,5,446,5.0,0,0,0,0,0,0,2,0,0.00,0.00,0.00,0.00,0.00,Matches,404101f9
2027,Tomás Palacios,ar ARG,DF,Inter,it Serie A,21,2003,2,0,11,0.1,0,0,0,0,0,0,0,0,0.00,0.00,0.00,0.00,0.00,Matches,404101f9
2028,Isaac Palazón Camacho,es ESP,MFFW,Rayo Vallecano,es La Liga,29,1994,35,25,2162,24.0,4,4,8,4,0,0,5,0,0.17,0.17,0.33,0.17,0.33,Matches,49dbab27
2029,Alberto Paleari,it ITA,GK,Torino,it Serie A,31,1992,1,1,90,1.0,0,0,0,0,0,0,0,0,0.00,0.00,0.00,0.00,0.00,Matches,94a3606c
2030,Marco Palestra,it ITA,MF,Atalanta,it Serie A,19,2005,9,2,222,2.5,0,0,0,0,0,0,0,0,0.00,0.00,0.00,0.00,0.00,Matches,1f1828dd
2031,João Palhinha,pt POR,MF,Bayern Munich,de Bundesliga,29,1995,17,6,673,7.5,0,0,0,0,0,0,2,1,0.00,0.00,0.00,0.00,0.00,Matches,a78ff07f
2032,Nicolas Pallois,fr FRA,DF,Nantes,fr Ligue 1,36,1987,26,23,2017,22.4,0,2,2,0,0,0,9,0,0.00,0.09,0.09,0.00,0.09,Matches,779847d6
2033,Matteo Palma,de GER,DF,Udinese,it Serie A,16,2008,1,0,5,0.1,0,0,0,0,0,0,0,0,0.00,0.00,0.00,0.00,0.00,Matches,cb2e6751
2034,Alex Palmer,eng ENG,GK,Ipswich Town,eng Premier League,27,1996,13,13,1170,13.0,0,0,0,0,0,0,2,0,0.00,0.00,0.00,0.00,0.00,Matches,6ea97fd5
2035,Cole Palmer,eng ENG,MF,Chelsea,eng Premier League,22,2002,37,36,3191,35.5,15,8,23,11,4,5,7,0,0.42,0.23,0.65,0.31,0.54,Matches,dc7f8a28
2036,Emerson Palmieri,it ITA,DFMF,West Ham,eng Premier League,29,1994,31,26,2113,23.5,2,1,3,2,0,0,5,0,0.09,0.04,0.13,0.09,0.13,Matches,e0bc6fdc
2037,Mats Pannewig,de GER,MF,Bochum,de Bundesliga,19,2004,14,2,267,3.0,0,0,0,0,0,0,1,0,0.00,0.00,0.00,0.00,0.00,Matches,2420dbac
2038,Lucas Paquetá,br BRA,MFFW,West Ham,eng Premier League,26,1997,33,27,2380,26.4,4,0,4,2,2,2,10,0,0.15,0.00,0.15,0.08,0.08,Matches,9b6f7fd5
2039,Aitor Paredes,es ESP,DF,Athletic Club,es La Liga,24,2000,23,21,1812,20.1,3,0,3,3,0,0,4,1,0.15,0.00,0.15,0.15,0.15,Matches,b906757a
2040,Kevin Paredes,us USA,MF,Wolfsburg,de Bundesliga,21,2003,2,2,123,1.4,0,1,1,0,0,0,1,0,0.00,0.73,0.73,0.00,0.73,Matches,5c50fdbc
2041,Leandro Paredes,ar ARG,MF,Roma,it Serie A,30,1994,22,15,1373,15.3,3,1,4,1,2,2,4,0,0.20,0.07,0.26,0.07,0.13,Matches,dff153a4
2042,Daniel Parejo,es ESP,MF,Villarreal,es La Liga,35,1989,36,26,2273,25.3,3,3,6,2,1,2,8,0,0.12,0.12,0.24,0.08,0.20,Matches,7460ca0d
2043,Iago Parente,es ESP,DF,Valladolid,es La Liga,18,2006,1,1,71,0.8,0,0,0,0,0,0,0,0,0.00,0.00,0.00,0.00,0.00,Matches,c9bdd4b2
2044,Fabiano Parisi,it ITA,MFDF,Fiorentina,it Serie A,23,2000,26,11,1124,12.5,2,0,2,2,0,0,3,0,0.16,0.00,0.16,0.16,0.16,Matches,0967845b
2045,Thomas Partey,gh GHA,MFDF,Arsenal,eng Premier League,31,1993,35,31,2797,31.1,4,2,6,4,0,0,4,0,0.13,0.06,0.19,0.13,0.19,Matches,529f49ab
2046,Mario Pašalić,hr CRO,MF,Atalanta,it Serie A,29,1995,34,23,1967,21.9,3,4,7,3,0,1,1,0,0.14,0.18,0.32,0.14,0.32,Matches,e599253a
2047,Álvaro Pascual,es ESP,FW,Sevilla,es La Liga,22,2002,8,4,408,4.5,1,0,1,1,0,0,1,0,0.22,0.00,0.22,0.22,0.22,Matches,68ad2350
2048,Felix Passlack,de GER,MFDF,Bochum,de Bundesliga,26,1998,31,30,2334,25.9,1,6,7,1,0,0,4,0,0.04,0.23,0.27,0.04,0.27,Matches,5c899683
2049,Patric,es ESP,DF,Lazio,it Serie A,31,1993,10,5,607,6.7,1,0,1,1,0,0,2,0,0.15,0.00,0.15,0.15,0.15,Matches,f7223718
2050,Rui Patrício,pt POR,GK,Atalanta,it Serie A,36,1988,3,3,270,3.0,0,0,0,0,0,0,0,0,0.00,0.00,0.00,0.00,0.00,Matches,79b0d6a0
2051,Nathan Patterson,sct SCO,DF,Everton,eng Premier League,22,2001,10,3,347,3.9,0,1,1,0,0,0,1,0,0.00,0.26,0.26,0.00,0.26,Matches,230f0471
2052,Benjamin Pavard,fr FRA,DF,Inter,it Serie A,28,1996,23,18,1584,17.6,0,1,1,0,0,0,4,0,0.00,0.06,0.06,0.00,0.06,Matches,45a03961
2053,Aleksandar Pavlovic,de GER,MF,Bayern Munich,de Bundesliga,20,2004,21,18,1451,16.1,1,0,1,1,0,0,2,0,0.06,0.00,0.06,0.06,0.06,Matches,2658c82f
2054,Strahinja Pavlović,rs SRB,DF,Milan,it Serie A,23,2001,24,21,1864,20.7,2,1,3,2,0,0,3,1,0.10,0.05,0.14,0.10,0.14,Matches,25146df0
2055,Leonardo Pavoletti,it ITA,FW,Cagliari,it Serie A,35,1988,26,1,445,4.9,2,0,2,2,0,0,5,0,0.40,0.00,0.40,0.40,0.40,Matches,d37b0350
2056,Martín Payero,ar ARG,MF,Udinese,it Serie A,25,1998,25,16,1381,15.3,1,1,2,1,0,0,5,0,0.07,0.07,0.13,0.07,0.13,Matches,bdbff2b5
2057,Nicolas Pays,fr FRA,MFFW,Montpellier,fr Ligue 1,20,2003,9,4,447,5.0,0,0,0,0,0,0,0,0,0.00,0.00,0.00,0.00,0.00,Matches,b9f2c759
2058,Nico Paz,ar ARG,MFFW,Como,it Serie A,19,2004,35,30,2687,29.9,6,8,14,6,0,1,6,0,0.20,0.27,0.47,0.20,0.47,Matches,01bb93d5
2059,Mads Pedersen,dk DEN,DF,Augsburg,de Bundesliga,27,1996,7,2,235,2.6,0,0,0,0,0,0,0,0,0.00,0.00,0.00,0.00,0.00,Matches,582a5247
2060,Marcus Pedersen,no NOR,MFDF,Torino,it Serie A,24,2000,29,15,1362,15.1,0,0,0,0,0,0,3,0,0.00,0.00,0.00,0.00,0.00,Matches,596cc50e
2061,Alfonso Pedraza,es ESP,DFMF,Villarreal,es La Liga,28,1996,12,4,460,5.1,0,2,2,0,0,0,0,0,0.00,0.39,0.39,0.00,0.39,Matches,63f04c6c
2062,Pedri,es ESP,MF,Barcelona,es La Liga,21,2002,37,35,2879,32.0,4,5,9,4,0,0,3,0,0.13,0.16,0.28,0.13,0.28,Matches,0d9b2d31
2063,Pedro,es ESP,MFFW,Lazio,it Serie A,37,1987,30,6,1102,12.2,10,1,11,8,2,2,2,0,0.82,0.08,0.90,0.65,0.74,Matches,3ca7254a
2064,Kévin Pedro,,DF,Saint-Étienne,fr Ligue 1,18,2006,1,0,10,0.1,0,0,0,0,0,0,0,0,0.00,0.00,0.00,0.00,0.00,Matches,ff1f24ca
2065,Adrià Pedrosa,es ESP,DF,Sevilla,es La Liga,26,1998,31,27,2298,25.5,1,1,2,1,0,0,7,0,0.04,0.04,0.08,0.04,0.08,Matches,112521d1
2066,Jordan Pefok,us USA,FW,Union Berlin,de Bundesliga,28,1996,18,10,908,10.1,0,1,1,0,0,0,2,0,0.00,0.10,0.10,0.00,0.10,Matches,b684a484
2067,Jordan Pefok,us USA,FW,Reims,fr Ligue 1,28,1996,7,6,380,4.2,1,0,1,1,0,0,0,0,0.24,0.00,0.24,0.24,0.24,Matches,b684a484
2068,Pejiño,es ESP,MF,Las Palmas,es La Liga,28,1996,1,0,16,0.2,0,0,0,0,0,0,0,0,0.00,0.00,0.00,0.00,0.00,Matches,8c4e56cb
2069,Pietro Pellegri,it ITA,FW,Empoli,it Serie A,23,2001,11,5,414,4.6,3,0,3,3,0,0,2,0,0.65,0.00,0.65,0.65,0.65,Matches,a44d3a3c
2070,Lorenzo Pellegrini,it ITA,MF,Roma,it Serie A,28,1996,25,20,1626,18.1,2,1,3,1,1,1,4,0,0.11,0.06,0.17,0.06,0.11,Matches,4a5a45c7
2071,Luca Pellegrini,it ITA,DF,Lazio,it Serie A,25,1999,22,10,1067,11.9,0,4,4,0,0,0,5,0,0.00,0.34,0.34,0.00,0.34,Matches,3b61c9ec
2072,Mateo Pellegrino,ar ARG,FW,Parma,it Serie A,23,2001,13,8,737,8.2,3,1,4,3,0,0,2,0,0.37,0.12,0.49,0.37,0.49,Matches,8c9e96c5
2073,Théo Pellenard,fr FRA,DF,Auxerre,fr Ligue 1,30,1994,2,0,45,0.5,0,0,0,0,0,0,0,0,0.00,0.00,0.00,0.00,0.00,Matches,97fb4608
2074,Andy Pelmard,mg MAD,DF,Las Palmas,es La Liga,24,2000,4,2,205,2.3,0,0,0,0,0,0,1,0,0.00,0.00,0.00,0.00,0.00,Matches,f18d7ab2
2075,Andy Pelmard,mg MAD,DF,Lecce,it Serie A,24,2000,3,1,129,1.4,0,0,0,0,0,0,1,0,0.00,0.00,0.00,0.00,0.00,Matches,f18d7ab2
2076,Timothee Pembele,fr FRA,DFMF,Le Havre,fr Ligue 1,21,2002,20,12,1113,12.4,1,0,1,1,0,0,3,0,0.08,0.00,0.08,0.08,0.08,Matches,f8ce97ca
2077,Faris Pemi Moumbagna,cm CMR,FW,Marseille,fr Ligue 1,24,2000,1,0,8,0.1,0,0,0,0,0,0,0,0,0.00,0.00,0.00,0.00,0.00,Matches,58aae0a9
2078,Iñaki Peña,es ESP,GK,Barcelona,es La Liga,25,1999,16,15,1396,15.5,0,0,0,0,0,0,1,0,0.00,0.00,0.00,0.00,0.00,Matches,cc1c5035
2079,Rubén Peña,es ESP,FWDF,Osasuna,es La Liga,33,1991,25,7,775,8.6,0,0,0,0,0,0,1,0,0.00,0.00,0.00,0.00,0.00,Matches,1f079188
2080,Nicolas Pépé,ci CIV,FWMF,Villarreal,es La Liga,29,1995,28,15,1500,16.7,3,6,9,3,0,0,3,0,0.18,0.36,0.54,0.18,0.54,Matches,57e3f0c7
2081,Peque,es ESP,MFFW,Sevilla,es La Liga,21,2002,26,14,1134,12.6,1,1,2,1,0,0,1,0,0.08,0.08,0.16,0.08,0.16,Matches,cb971b4f
2082,Sergiu Perciun,md MDA,MF,Torino,it Serie A,18,2006,5,0,152,1.7,0,0,0,0,0,0,0,0,0.00,0.00,0.00,0.00,0.00,Matches,21929f91
2083,Óscar Perea,co COL,MF,Strasbourg,fr Ligue 1,18,2005,2,0,14,0.2,0,0,0,0,0,0,0,0,0.00,0.00,0.00,0.00,0.00,Matches,57bc72ea
2084,Andreas Pereira,br BRA,MF,Fulham,eng Premier League,28,1996,33,25,2013,22.4,2,4,6,2,0,1,7,0,0.09,0.18,0.27,0.09,0.27,Matches,6639e500
2085,Mathias Pereira Lage,pt POR,MFFW,Brest,fr Ligue 1,27,1996,29,18,1571,17.5,2,7,9,2,0,0,4,0,0.11,0.40,0.52,0.11,0.52,Matches,8846a40f
2086,Pedro Pereira,pt POR,MFDF,Monza,it Serie A,26,1998,35,32,2665,29.6,1,3,4,1,0,0,10,0,0.03,0.10,0.14,0.03,0.14,Matches,c77be0cf
2087,Ricardo Pereira,pt POR,DF,Leicester City,eng Premier League,30,1993,10,4,388,4.3,0,0,0,0,0,0,1,0,0.00,0.00,0.00,0.00,0.00,Matches,75a72a99
2088,Gastón Pereiro,uy URU,FWMF,Genoa,it Serie A,29,1995,2,0,31,0.3,0,0,0,0,0,0,0,0,0.00,0.00,0.00,0.00,0.00,Matches,7ec7738e
2089,Daniel Peretz,il ISR,GK,Bayern Munich,de Bundesliga,24,2000,3,3,270,3.0,0,0,0,0,0,0,1,0,0.00,0.00,0.00,0.00,0.00,Matches,3f29b3ba
2090,Ayoze Pérez,es ESP,FW,Villarreal,es La Liga,31,1993,30,22,1970,21.9,19,2,21,19,0,0,4,0,0.87,0.09,0.96,0.87,0.96,Matches,819aa8e7
2091,Carles Pérez,es ESP,MF,Getafe,es La Liga,26,1998,27,15,1431,15.9,3,0,3,3,0,0,2,0,0.19,0.00,0.19,0.19,0.19,Matches,a8f21b9f
2092,Francisco Perez,es ESP,MF,Valencia,es La Liga,21,2002,26,4,570,6.3,0,0,0,0,0,0,1,0,0.00,0.00,0.00,0.00,0.00,Matches,3d79a68c
2093,Kike Pérez,es ESP,MF,Valladolid,es La Liga,27,1997,19,14,1191,13.2,2,0,2,2,0,0,6,0,0.15,0.00,0.15,0.15,0.15,Matches,237a3851
2094,Kike Pérez,es ESP,MF,Venezia,it Serie A,27,1997,16,13,1114,12.4,1,0,1,1,0,0,4,0,0.08,0.00,0.08,0.08,0.08,Matches,237a3851
2095,Luis Pérez,es ESP,DF,Valladolid,es La Liga,29,1995,30,28,2558,28.4,0,0,0,0,0,0,2,0,0.00,0.00,0.00,0.00,0.00,Matches,b7c04927
2096,Nehuén Pérez,ar ARG,DF,Udinese,it Serie A,24,2000,2,2,180,2.0,0,0,0,0,0,0,0,0,0.00,0.00,0.00,0.00,0.00,Matches,f7c491f1
2097,Simone Perilli,it ITA,GK,Hellas Verona,it Serie A,29,1995,2,2,180,2.0,0,0,0,0,0,0,0,0,0.00,0.00,0.00,0.00,0.00,Matches,b9e11c1d
2098,Mattia Perin,it ITA,GK,Juventus,it Serie A,31,1992,5,5,450,5.0,0,0,0,0,0,0,0,0,0.00,0.00,0.00,0.00,0.00,Matches,4c62d0c8
2099,Romain Perraud,fr FRA,DF,Real Betis,es La Liga,26,1997,28,22,2002,22.2,2,2,4,2,0,0,8,1,0.09,0.09,0.18,0.09,0.18,Matches,6dfd8f05
2100,Lucas Perri,br BRA,GK,Lyon,fr Ligue 1,26,1997,33,33,2970,33.0,0,0,0,0,0,0,1,0,0.00,0.00,0.00,0.00,0.00,Matches,5dbd461a
2101,Gaëtan Perrin,fr FRA,MF,Auxerre,fr Ligue 1,28,1996,34,31,2691,29.9,10,11,21,10,0,0,2,0,0.33,0.37,0.70,0.33,0.70,Matches,10dd88f9
2102,Máximo Perrone,ar ARG,MF,Como,it Serie A,21,2003,26,20,1857,20.6,0,3,3,0,0,0,6,0,0.00,0.15,0.15,0.00,0.15,Matches,53552942
2103,Noah Pesch,hr CRO,FW,Gladbach,de Bundesliga,19,2005,1,0,6,0.1,0,0,0,0,0,0,0,0,0.00,0.00,0.00,0.00,0.00,Matches,19704b7c
2104,Matteo Pessina,it ITA,MF,Monza,it Serie A,27,1997,11,10,854,9.5,0,0,0,0,0,0,2,0,0.00,0.00,0.00,0.00,0.00,Matches,780e3631
2105,Andrea Petagna,it ITA,FW,Monza,it Serie A,29,1995,13,2,335,3.7,0,0,0,0,0,0,1,0,0.00,0.00,0.00,0.00,0.00,Matches,03f946ed
2106,Prosper Peter,ng NGA,FW,Angers,fr Ligue 1,16,2007,2,0,27,0.3,0,0,0,0,0,0,0,0,0.00,0.00,0.00,0.00,0.00,Matches,1bfb331d
2107,Léo Pétrot,fr FRA,DF,Saint-Étienne,fr Ligue 1,27,1997,31,29,2634,29.3,0,3,3,0,0,0,4,0,0.00,0.10,0.10,0.00,0.10,Matches,00638016
2108,Đorđe Petrović,rs SRB,GK,Strasbourg,fr Ligue 1,24,1999,31,31,2790,31.0,0,0,0,0,0,0,2,0,0.00,0.00,0.00,0.00,0.00,Matches,0cf321c8
2109,Giuseppe Pezzella,it ITA,MF,Empoli,it Serie A,26,1997,35,34,2878,32.0,0,3,3,0,0,0,7,0,0.00,0.09,0.09,0.00,0.09,Matches,149c5f5d
2110,Valentín Pezzolesi,es ESP,DF,Las Palmas,es La Liga,17,2007,1,0,6,0.1,0,0,0,0,0,0,0,0,0.00,0.00,0.00,0.00,0.00,Matches,06d00fbd
2111,Luca Philipp,de GER,GK,Hoffenheim,de Bundesliga,23,2000,6,6,540,6.0,0,0,0,0,0,0,0,0,0.00,0.00,0.00,0.00,0.00,Matches,eb3e717e
2112,Maximilian Philipp,de GER,FWMF,Freiburg,de Bundesliga,30,1994,2,0,17,0.2,0,0,0,0,0,0,0,0,0.00,0.00,0.00,0.00,0.00,Matches,061e8e23
2113,Kalvin Phillips,eng ENG,MF,Ipswich Town,eng Premier League,28,1995,19,14,1237,13.7,0,0,0,0,0,0,6,1,0.00,0.00,0.00,0.00,0.00,Matches,4f565d77
2114,Jaden Philogene Bidace,eng ENG,MF,Aston Villa,eng Premier League,22,2002,11,2,332,3.7,0,0,0,0,0,0,4,1,0.00,0.00,0.00,0.00,0.00,Matches,19f4d211
2115,Jaden Philogene Bidace,eng ENG,MF,Ipswich Town,eng Premier League,22,2002,10,5,474,5.3,2,0,2,2,0,0,1,0,0.38,0.00,0.38,0.38,0.38,Matches,19f4d211
2116,Pica,es ESP,DF,Alavés,es La Liga,22,2002,9,5,499,5.5,0,0,0,0,0,0,1,0,0.00,0.00,0.00,0.00,0.00,Matches,9b30eda5
2117,Roberto Piccoli,it ITA,FW,Cagliari,it Serie A,23,2001,37,37,3127,34.7,10,1,11,9,1,1,6,0,0.29,0.03,0.32,0.26,0.29,Matches,1cadaf34
2118,Benedikt Pichler,at AUT,FW,Holstein Kiel,de Bundesliga,27,1997,18,7,785,8.7,1,2,3,1,0,0,1,0,0.11,0.23,0.34,0.11,0.34,Matches,c184c8c8
2119,Jordan Pickford,eng ENG,GK,Everton,eng Premier League,30,1994,38,38,3420,38.0,0,1,1,0,0,0,7,0,0.00,0.03,0.03,0.00,0.03,Matches,4806ec67
2120,Amos Pieper,de GER,DF,Werder Bremen,de Bundesliga,26,1998,23,16,1498,16.6,0,0,0,0,0,0,3,0,0.00,0.00,0.00,0.00,0.00,Matches,526ea7cc
2121,Marvin Pieringer,de GER,FW,Heidenheim,de Bundesliga,24,1999,31,26,2206,24.5,7,4,11,4,3,3,7,0,0.29,0.16,0.45,0.16,0.33,Matches,11407d95
2122,Nicholas Pierini,it ITA,FWMF,Venezia,it Serie A,25,1998,2,0,83,0.9,0,0,0,0,0,0,0,0,0.00,0.00,0.00,0.00,0.00,Matches,7cc89a5f
2123,Santiago Pierotti,ar ARG,MFFW,Lecce,it Serie A,23,2001,36,22,1937,21.5,4,2,6,4,0,0,6,1,0.19,0.09,0.28,0.19,0.28,Matches,ec315772
2124,Balthazar Pierret,fr FRA,MF,Lecce,it Serie A,24,2000,30,21,1723,19.1,0,0,0,0,0,0,2,0,0.00,0.00,0.00,0.00,0.00,Matches,c269463b
2125,Andrea Pinamonti,it ITA,FW,Genoa,it Serie A,25,1999,36,33,2850,31.7,10,1,11,10,0,1,4,0,0.32,0.03,0.35,0.32,0.35,Matches,08aa9cd1
2126,Ethan Pinnock,jm JAM,DF,Brentford,eng Premier League,31,1993,22,21,1913,21.3,2,0,2,2,0,0,2,0,0.09,0.00,0.09,0.09,0.09,Matches,e541326e
2127,Yéremy Pino,es ESP,MF,Villarreal,es La Liga,21,2002,34,25,1934,21.5,4,7,11,4,0,0,11,0,0.19,0.33,0.51,0.19,0.51,Matches,540ec57b
2128,Nicola Pintus,it ITA,DF,Cagliari,it Serie A,19,2005,1,0,4,0.0,0,0,0,0,0,0,0,0,0.00,0.00,0.00,0.00,0.00,Matches,8d1a4c36
2129,Niccolò Pisilli,it ITA,MF,Roma,it Serie A,19,2004,28,11,1227,13.6,2,1,3,2,0,0,7,0,0.15,0.07,0.22,0.15,0.22,Matches,c84dcc88
2130,Damián Pizarro,cl CHI,FW,Udinese,it Serie A,19,2005,2,0,16,0.2,0,0,0,0,0,0,0,0,0.00,0.00,0.00,0.00,0.00,Matches,464e03ef
2131,Semuel Pizzignacco,it ITA,GK,Monza,it Serie A,22,2001,9,8,736,8.2,0,0,0,0,0,0,0,0,0.00,0.00,0.00,0.00,0.00,Matches,4f537cf7
2132,Alassane Pléa,fr FRA,MF,Gladbach,de Bundesliga,31,1993,30,24,1902,21.1,11,4,15,10,1,1,3,0,0.52,0.19,0.71,0.47,0.66,Matches,bc6bd723
2133,Tommaso Pobega,it ITA,MF,Bologna,it Serie A,25,1999,21,13,1178,13.1,2,2,4,2,0,0,6,2,0.15,0.15,0.31,0.15,0.31,Matches,55a1cac2
2134,Daniel Podence,pt POR,FWMF,Wolves,eng Premier League,28,1995,2,0,48,0.5,0,0,0,0,0,0,0,0,0.00,0.00,0.00,0.00,0.00,Matches,7fcc71d8
2135,Joel Pohjanpalo,fi FIN,FW,Venezia,it Serie A,29,1994,20,19,1603,17.8,6,0,6,3,3,4,1,0,0.34,0.00,0.34,0.17,0.17,Matches,ea003d07
2136,Matteo Politano,it ITA,FWMF,Napoli,it Serie A,30,1993,37,34,2804,31.2,3,4,7,3,0,0,3,0,0.10,0.13,0.22,0.10,0.22,Matches,5e861944
2137,Alfie Pond,eng ENG,DF,Wolves,eng Premier League,20,2004,1,0,1,0.0,0,0,0,0,0,0,0,0,0.00,0.00,0.00,0.00,0.00,Matches,039c3d96
2138,Marin Pongračić,hr CRO,DF,Fiorentina,it Serie A,26,1997,20,14,1367,15.2,0,0,0,0,0,0,3,1,0.00,0.00,0.00,0.00,0.00,Matches,2a6cd437
2139,Nick Pope,eng ENG,GK,Newcastle,eng Premier League,32,1992,28,28,2520,28.0,0,0,0,0,0,0,2,0,0.00,0.00,0.00,0.00,0.00,Matches,4b40d9ca
2140,Finn Porath,de GER,MF,Holstein Kiel,de Bundesliga,27,1997,31,20,1970,21.9,2,3,5,2,0,0,3,0,0.09,0.14,0.23,0.09,0.23,Matches,b020d807
2141,Pedro Porro,es ESP,DF,Tottenham,eng Premier League,24,1999,33,28,2610,29.0,2,6,8,2,0,0,5,0,0.07,0.21,0.28,0.07,0.28,Matches,27d0a506
2142,Portu,es ESP,FWMF,Girona,es La Liga,32,1992,27,6,779,8.7,1,2,3,1,0,0,4,0,0.12,0.23,0.35,0.12,0.35,Matches,1bda5842
2143,Stefan Posch,at AUT,DF,Bologna,it Serie A,27,1997,14,7,714,7.9,0,0,0,0,0,0,1,0,0.00,0.00,0.00,0.00,0.00,Matches,7f609bfc
2144,Stefan Posch,at AUT,DF,Atalanta,it Serie A,27,1997,5,4,387,4.3,0,0,0,0,0,0,0,0,0.00,0.00,0.00,0.00,0.00,Matches,7f609bfc
2145,Tom Pouilly,fr FRA,DF,Lens,fr Ligue 1,21,2003,10,2,273,3.0,0,0,0,0,0,0,1,0,0.00,0.00,0.00,0.00,0.00,Matches,dafce747
2146,Yussuf Poulsen,dk DEN,MFFW,RB Leipzig,de Bundesliga,30,1994,22,2,378,4.2,2,0,2,2,0,0,1,0,0.48,0.00,0.48,0.48,0.48,Matches,d2416c2e
2147,Beñat Prados,es ESP,MF,Athletic Club,es La Liga,23,2001,30,21,1715,19.1,1,0,1,1,0,0,7,0,0.05,0.00,0.05,0.05,0.05,Matches,1f60244a
2148,Alexander Prass,at AUT,MFDF,Hoffenheim,de Bundesliga,23,2001,23,19,1566,17.4,0,1,1,0,0,0,1,0,0.00,0.06,0.06,0.00,0.06,Matches,6637e6a7
2149,Matteo Prati,it ITA,MF,Cagliari,it Serie A,20,2003,12,8,570,6.3,0,0,0,0,0,0,1,0,0.00,0.00,0.00,0.00,0.00,Matches,d8363914
2150,Abdón Prats,es ESP,FWMF,Mallorca,es La Liga,31,1992,24,3,456,5.1,2,0,2,1,1,1,4,0,0.39,0.00,0.39,0.20,0.20,Matches,d1b060e2
2151,David Preu,de GER,MF,Union Berlin,de Bundesliga,19,2004,5,1,121,1.3,0,0,0,0,0,0,1,0,0.00,0.00,0.00,0.00,0.00,Matches,6dcc8d89
2152,Grischa Prömel,de GER,MF,Hoffenheim,de Bundesliga,29,1995,2,2,174,1.9,0,0,0,0,0,0,0,0,0.00,0.00,0.00,0.00,0.00,Matches,924f9191
2153,Ivan Provedel,it ITA,GK,Lazio,it Serie A,30,1994,29,29,2610,29.0,0,0,0,0,0,0,0,0,0.00,0.00,0.00,0.00,0.00,Matches,277da414
2154,Ivan Prtajin,hr CRO,FW,Union Berlin,de Bundesliga,28,1996,5,2,161,1.8,0,0,0,0,0,0,0,0,0.00,0.00,0.00,0.00,0.00,Matches,f297a3f1
2155,Javi Puado,es ESP,MFFW,Espanyol,es La Liga,26,1998,35,35,2974,33.0,12,4,16,7,5,5,8,0,0.36,0.12,0.48,0.21,0.33,Matches,2683eda7
2156,Tymoteusz Puchacz,pl POL,MF,Holstein Kiel,de Bundesliga,25,1999,10,5,396,4.4,0,1,1,0,0,0,0,0,0.00,0.23,0.23,0.00,0.23,Matches,c68b1b13
2157,Diego Pugno,it ITA,DF,Juventus,it Serie A,18,2006,1,0,7,0.1,0,0,0,0,0,0,0,0,0.00,0.00,0.00,0.00,0.00,Matches,e4b616dc
2158,Christian Pulisic,us USA,MFFW,Milan,it Serie A,25,1998,34,29,2478,27.5,11,9,20,8,3,4,1,0,0.40,0.33,0.73,0.29,0.62,Matches,1bf33a9a
2159,Jarell Quansah,eng ENG,DF,Liverpool,eng Premier League,21,2003,13,4,495,5.5,0,0,0,0,0,0,2,0,0.00,0.00,0.00,0.00,0.00,Matches,4125cb98
2160,Leopold Querfeld,at AUT,DF,Union Berlin,de Bundesliga,20,2003,27,17,1747,19.4,2,2,4,2,0,0,8,0,0.10,0.10,0.21,0.10,0.21,Matches,9fd158d6
2161,Dani Raba,es ESP,MFFW,Leganés,es La Liga,28,1995,29,24,1879,20.9,8,6,14,4,4,5,6,0,0.38,0.29,0.67,0.19,0.48,Matches,ea6a7ab4
2162,Adrien Rabiot,fr FRA,MF,Marseille,fr Ligue 1,29,1995,29,27,2485,27.6,9,4,13,9,0,0,4,0,0.33,0.14,0.47,0.33,0.47,Matches,8794e251
2163,Ionuț Radu,ro ROU,GK,Venezia,it Serie A,27,1997,15,15,1350,15.0,0,0,0,0,0,0,1,0,0.00,0.00,0.00,0.00,0.00,Matches,67f649be
2164,Hamza Rafia,tn TUN,MF,Lecce,it Serie A,25,1999,18,14,1058,11.8,0,0,0,0,0,0,4,0,0.00,0.00,0.00,0.00,0.00,Matches,6b587d3d
2165,Arnau Rafús,es ESP,GK,Valladolid,es La Liga,21,2003,1,1,90,1.0,0,0,0,0,0,0,0,0,0.00,0.00,0.00,0.00,0.00,Matches,05d950c4
2166,Antonio Raillo,es ESP,DF,Mallorca,es La Liga,32,1991,36,36,3207,35.6,2,0,2,2,0,0,7,1,0.06,0.00,0.06,0.06,0.06,Matches,b857bd29
2167,Antonio Raimondo,it ITA,FW,Venezia,it Serie A,20,2004,9,0,94,1.0,0,0,0,0,0,0,0,0,0.00,0.00,0.00,0.00,0.00,Matches,ce1a6c7e
2168,Ylber Ramadani,al ALB,MF,Lecce,it Serie A,28,1996,29,21,1807,20.1,1,1,2,1,0,0,4,0,0.05,0.05,0.10,0.05,0.10,Matches,ef3c876b
2169,Benito Ramírez,es ESP,MFDF,Las Palmas,es La Liga,29,1995,19,2,478,5.3,0,0,0,0,0,0,2,1,0.00,0.00,0.00,0.00,0.00,Matches,db714daf
2170,Sandro Ramírez,es ESP,MFFW,Las Palmas,es La Liga,29,1995,31,25,2034,22.6,9,3,12,8,1,1,6,0,0.40,0.13,0.53,0.35,0.49,Matches,833fb62e
2171,Jacobo Ramón,es ESP,DF,Real Madrid,es La Liga,19,2005,3,2,204,2.3,1,0,1,1,0,0,1,0,0.44,0.00,0.44,0.44,0.44,Matches,4772b1d1
2172,Gonçalo Ramos,pt POR,FW,Paris SG,fr Ligue 1,23,2001,22,12,1066,11.8,10,3,13,8,2,3,1,0,0.84,0.25,1.10,0.68,0.93,Matches,f63cda26
2173,Aaron Ramsdale,eng ENG,GK,Southampton,eng Premier League,26,1998,30,30,2700,30.0,0,0,0,0,0,0,2,0,0.00,0.00,0.00,0.00,0.00,Matches,466fb2c5
2174,Jacob Ramsey,eng ENG,MF,Aston Villa,eng Premier League,23,2001,29,19,1623,18.0,1,3,4,1,0,0,4,1,0.06,0.17,0.22,0.06,0.22,Matches,1544f145
2175,Luca Ranieri,it ITA,DF,Fiorentina,it Serie A,25,1999,36,35,3071,34.1,1,3,4,1,0,0,7,0,0.03,0.09,0.12,0.03,0.12,Matches,8c63fae5
2176,Grant Ranos,am ARM,FW,Gladbach,de Bundesliga,21,2003,2,0,20,0.2,0,0,0,0,0,0,1,0,0.00,0.00,0.00,0.00,0.00,Matches,0ee6ea6a
2177,Lilian Raolisoa,fr FRA,DFMF,Angers,fr Ligue 1,24,2000,29,14,1318,14.6,0,3,3,0,0,0,1,2,0.00,0.20,0.20,0.00,0.20,Matches,79a793b7
2178,Raphinha,br BRA,MFFW,Barcelona,es La Liga,27,1996,36,32,2839,31.5,18,9,27,16,2,2,4,0,0.57,0.29,0.86,0.51,0.79,Matches,3423f250
2179,Marcus Rashford,eng ENG,MF,Manchester Utd,eng Premier League,26,1997,15,12,978,10.9,4,1,5,4,0,0,2,0,0.37,0.09,0.46,0.37,0.46,Matches,a1d5bd30
2180,Marcus Rashford,eng ENG,FWMF,Aston Villa,eng Premier League,26,1997,10,4,444,4.9,2,2,4,1,1,1,0,0,0.41,0.41,0.81,0.20,0.61,Matches,a1d5bd30
2181,Giacomo Raspadori,it ITA,FWMF,Napoli,it Serie A,24,2000,26,11,1103,12.3,6,1,7,6,0,0,1,0,0.49,0.08,0.57,0.49,0.57,Matches,6e058f06
2182,Andrei Ratiu,ro ROU,DFMF,Rayo Vallecano,es La Liga,26,1998,35,34,3065,34.1,2,3,5,2,0,0,5,0,0.06,0.09,0.15,0.06,0.15,Matches,b1b99435
2183,Raúl,es ESP,FW,Osasuna,es La Liga,23,2000,32,5,750,8.3,4,0,4,4,0,0,1,0,0.48,0.00,0.48,0.48,0.48,Matches,18f0a9f0
2184,David Raum,de GER,MFDF,RB Leipzig,de Bundesliga,26,1998,22,21,1783,19.8,1,5,6,1,0,0,5,0,0.05,0.25,0.30,0.05,0.30,Matches,7d450ed3
2185,Federico Ravaglia,it ITA,GK,Bologna,it Serie A,24,1999,12,11,1056,11.7,0,0,0,0,0,0,0,0,0.00,0.00,0.00,0.00,0.00,Matches,6662d731
2186,Rayan Raveloson,mg MAD,MFDF,Auxerre,fr Ligue 1,27,1997,13,7,724,8.0,1,0,1,1,0,0,3,0,0.12,0.00,0.12,0.12,0.12,Matches,fb3236a7
2187,David Raya,es ESP,GK,Arsenal,eng Premier League,28,1995,38,38,3420,38.0,0,0,0,0,0,0,3,0,0.00,0.00,0.00,0.00,0.00,Matches,98ea5115
2188,Abde Rebbach,dz ALG,MFFW,Alavés,es La Liga,25,1998,8,4,385,4.3,0,0,0,0,0,0,1,0,0.00,0.00,0.00,0.00,0.00,Matches,9a796115
2189,Ante Rebić,hr CRO,FWMF,Lecce,it Serie A,30,1993,27,7,788,8.8,1,0,1,1,0,0,3,2,0.11,0.00,0.11,0.11,0.11,Matches,536cebe5
2190,Harrison Reed,eng ENG,MF,Fulham,eng Premier League,29,1995,12,0,108,1.2,0,0,0,0,0,0,2,0,0.00,0.00,0.00,0.00,0.00,Matches,803ae100
2191,Remy Rees-Dottin,eng ENG,FW,Bournemouth,eng Premier League,18,2006,1,0,1,0.0,0,0,0,0,0,0,0,0,0.00,0.00,0.00,0.00,0.00,Matches,1db75ccb
2192,Sergio Reguilón,es ESP,DF,Tottenham,eng Premier League,27,1996,4,1,196,2.2,0,0,0,0,0,0,2,0,0.00,0.00,0.00,0.00,0.00,Matches,3353737a
2193,Tijjani Reijnders,nl NED,MF,Milan,it Serie A,26,1998,37,36,3128,34.8,10,4,14,10,0,0,2,1,0.29,0.12,0.40,0.29,0.40,Matches,afb61630
2194,Pepe Reina,es ESP,GK,Como,it Serie A,41,1982,12,12,1034,11.5,0,0,0,0,0,0,0,1,0.00,0.00,0.00,0.00,0.00,Matches,e358587b
2195,Vitor Reis,br BRA,DF,Manchester City,eng Premier League,18,2006,1,0,1,0.0,0,0,0,0,0,0,0,0,0.00,0.00,0.00,0.00,0.00,Matches,c4ce0ab5
2196,Rocco Reitz,de GER,MF,Gladbach,de Bundesliga,22,2002,27,21,1830,20.3,2,1,3,2,0,0,1,0,0.10,0.05,0.15,0.10,0.15,Matches,cc971106
2197,Nicolai Remberg,de GER,MF,Holstein Kiel,de Bundesliga,24,2000,32,26,2417,26.9,0,1,1,0,0,0,11,0,0.00,0.04,0.04,0.00,0.04,Matches,625fd441
2198,Álex Remiro,es ESP,GK,Real Sociedad,es La Liga,29,1995,36,36,3240,36.0,0,0,0,0,0,0,0,0,0.00,0.00,0.00,0.00,0.00,Matches,374ee424
2199,Devyne Rensch,nl NED,MFDF,Roma,it Serie A,21,2003,14,5,469,5.2,0,1,1,0,0,0,0,0,0.00,0.19,0.19,0.00,0.19,Matches,c5cbbcff
2200,Daniel Requena,es ESP,MF,Villarreal,es La Liga,20,2004,1,0,10,0.1,0,0,0,0,0,0,0,0,0.00,0.00,0.00,0.00,0.00,Matches,34d29ab9
2201,Guillaume Restes,fr FRA,GK,Toulouse,fr Ligue 1,19,2005,29,29,2543,28.3,0,1,1,0,0,0,2,0,0.00,0.04,0.04,0.00,0.04,Matches,6b91b999
2202,Mateo Retegui,it ITA,FW,Atalanta,it Serie A,25,1999,36,32,2383,26.5,25,8,33,21,4,5,3,0,0.94,0.30,1.25,0.79,1.10,Matches,e7695e6c
2203,Elvis Rexhbeçaj,xk KVX,MF,Augsburg,de Bundesliga,26,1997,27,22,1785,19.8,1,1,2,1,0,0,8,0,0.05,0.05,0.10,0.05,0.10,Matches,1ae836b1
2204,Gio Reyna,us USA,MF,Dortmund,de Bundesliga,21,2002,16,3,350,3.9,2,0,2,2,0,0,3,0,0.51,0.00,0.51,0.51,0.51,Matches,7fa4e703
2205,Chadi Riad,ma MAR,DF,Crystal Palace,eng Premier League,21,2003,1,1,90,1.0,0,0,0,0,0,0,0,0,0.00,0.00,0.00,0.00,0.00,Matches,b3b9b8b8
2206,Alexsandro Ribeiro,br BRA,DF,Lille,fr Ligue 1,24,1999,30,30,2700,30.0,1,1,2,1,0,0,10,0,0.03,0.03,0.07,0.03,0.07,Matches,102c9665
2207,Samuele Ricci,it ITA,MF,Torino,it Serie A,22,2001,34,34,2825,31.4,1,1,2,1,0,0,8,1,0.03,0.03,0.06,0.03,0.06,Matches,9823be92
2208,Declan Rice,eng ENG,MF,Arsenal,eng Premier League,25,1999,35,33,2825,31.4,4,7,11,4,0,0,7,1,0.13,0.22,0.35,0.13,0.35,Matches,1c7012b8
2209,Chris Richards,us USA,DF,Crystal Palace,eng Premier League,24,2000,24,22,1922,21.4,1,0,1,1,0,0,4,1,0.05,0.00,0.05,0.05,0.05,Matches,0a3d6d2b
2210,Amir Richardson,ma MAR,MF,Fiorentina,it Serie A,22,2002,27,10,1099,12.2,1,1,2,1,0,0,6,0,0.08,0.08,0.16,0.08,0.16,Matches,2b7cdb79
2211,Richarlison,br BRA,FW,Tottenham,eng Premier League,27,1997,15,4,504,5.6,4,1,5,4,0,0,2,0,0.71,0.18,0.89,0.71,0.89,Matches,fa031b34
2212,Diego Rico,es ESP,DF,Getafe,es La Liga,31,1993,33,32,2819,31.3,0,3,3,0,0,0,9,1,0.00,0.10,0.10,0.00,0.10,Matches,d9ba39fc
2213,Fabian Rieder,ch SUI,MF,Stuttgart,de Bundesliga,22,2002,21,8,867,9.6,1,3,4,1,0,0,1,0,0.10,0.31,0.42,0.10,0.42,Matches,c2bd8585
2214,Lasse Rieß,de GER,GK,Mainz 05,de Bundesliga,23,2001,2,2,180,2.0,0,0,0,0,0,0,0,0,0.00,0.00,0.00,0.00,0.00,Matches,25877714
2215,Luis Rioja,es ESP,FWMF,Alavés,es La Liga,30,1993,1,0,23,0.3,0,0,0,0,0,0,0,0,0.00,0.00,0.00,0.00,0.00,Matches,eb3dd471
2216,Luis Rioja,es ESP,MF,Valencia,es La Liga,30,1993,36,33,2831,31.5,5,3,8,3,2,2,6,0,0.16,0.10,0.25,0.10,0.19,Matches,eb3dd471
2217,Rodrigo Riquelme,es ESP,MFDF,Atlético Madrid,es La Liga,24,2000,16,4,516,5.7,0,1,1,0,0,0,0,0,0.00,0.17,0.17,0.00,0.17,Matches,65154df0
2218,Alberto Risco,es ESP,MF,Getafe,es La Liga,18,2005,5,0,69,0.8,0,0,0,0,0,0,0,0,0.00,0.00,0.00,0.00,0.00,Matches,36286814
2219,Mihailo Ristić,rs SRB,MFDF,Celta Vigo,es La Liga,28,1995,10,6,429,4.8,0,1,1,0,0,0,1,0,0.00,0.21,0.21,0.00,0.21,Matches,ea0aa7e0
2220,Lars Ritzka,de GER,MFDF,St Pauli,de Bundesliga,26,1998,21,11,922,10.2,1,0,1,1,0,0,1,0,0.10,0.00,0.10,0.10,0.10,Matches,35d23b15
2221,Gorka Rivera Alonso,es ESP,DF,Getafe,es La Liga,19,2004,1,0,20,0.2,0,0,0,0,0,0,0,0,0.00,0.00,0.00,0.00,0.00,Matches,f1124008
2222,Sergi Roberto,es ESP,MF,Como,it Serie A,32,1992,13,8,696,7.7,0,1,1,0,0,0,4,0,0.00,0.13,0.13,0.00,0.13,Matches,335fa267
2223,Andy Robertson,sct SCO,DF,Liverpool,eng Premier League,30,1994,33,29,2482,27.6,0,1,1,0,0,0,3,1,0.00,0.04,0.04,0.00,0.04,Matches,2e4f5f03
2224,Antonee Robinson,us USA,DFMF,Fulham,eng Premier League,26,1997,36,35,3167,35.2,0,10,10,0,0,0,8,0,0.00,0.28,0.28,0.00,0.28,Matches,289601e6
2225,Jay Robinson,eng ENG,MF,Southampton,eng Premier League,17,2007,4,1,137,1.5,0,0,0,0,0,0,0,0,0.00,0.00,0.00,0.00,0.00,Matches,2a616c85
2226,Marc Roca,es ESP,MF,Real Betis,es La Liga,27,1996,14,11,906,10.1,2,2,4,2,0,0,4,0,0.20,0.20,0.40,0.20,0.40,Matches,da27e268
2227,Rodri,es ESP,MF,Manchester City,eng Premier League,28,1996,3,1,73,0.8,0,0,0,0,0,0,0,0,0.00,0.00,0.00,0.00,0.00,Matches,6434f10d
2228,Rodri,es ESP,MF,Real Betis,es La Liga,24,2000,3,1,118,1.3,0,0,0,0,0,0,0,0,0.00,0.00,0.00,0.00,0.00,Matches,85bed4ee
2229,Adrian Rodriguez,es ESP,GK,Alavés,es La Liga,23,2000,2,1,122,1.4,0,0,0,0,0,0,1,0,0.00,0.00,0.00,0.00,0.00,Matches,bf17fb4a
2230,Alejandro Rodriguez,pt POR,FW,Lyon,fr Ligue 1,16,2008,1,0,20,0.2,0,0,0,0,0,0,0,0,0.00,0.00,0.00,0.00,0.00,Matches,fbe1cf6b
2231,Álvaro Rodríguez,uy URU,FW,Getafe,es La Liga,20,2004,22,7,852,9.5,2,0,2,2,0,0,6,0,0.21,0.00,0.21,0.21,0.21,Matches,49a6ecbb
2232,Óscar Rodríguez Arnaiz,es ESP,MF,Leganés,es La Liga,26,1998,29,12,1330,14.8,1,4,5,1,0,0,6,1,0.07,0.27,0.34,0.07,0.34,Matches,19709006
2233,Arturo Rodríguez,es ESP,FW,Las Palmas,es La Liga,17,2006,1,0,21,0.2,0,0,0,0,0,0,0,0,0.00,0.00,0.00,0.00,0.00,Matches,8516f382
2234,Damián Rodríguez,es ESP,MF,Celta Vigo,es La Liga,21,2003,17,10,927,10.3,0,0,0,0,0,0,3,0,0.00,0.00,0.00,0.00,0.00,Matches,22371dee
2235,Dani Rodríguez,es ESP,MFFW,Mallorca,es La Liga,36,1988,37,26,2162,24.0,4,7,11,4,0,0,5,0,0.17,0.29,0.46,0.17,0.46,Matches,70f8e0bd
2236,Daniel Rodriguez,es ESP,MF,Barcelona,es La Liga,18,2005,1,1,37,0.4,0,0,0,0,0,0,0,0,0.00,0.00,0.00,0.00,0.00,Matches,f9cbad15
2237,Guido Rodríguez,ar ARG,MF,West Ham,eng Premier League,30,1994,23,16,1149,12.8,0,1,1,0,0,0,6,0,0.00,0.08,0.08,0.00,0.08,Matches,34e393f2
2238,James Rodríguez,co COL,MF,Rayo Vallecano,es La Liga,33,1991,6,1,140,1.6,0,0,0,0,0,0,1,0,0.00,0.00,0.00,0.00,0.00,Matches,715bf047
2239,Javi Rodríguez,es ESP,DF,Celta Vigo,es La Liga,21,2003,36,26,2514,27.9,3,2,5,3,0,0,7,0,0.11,0.07,0.18,0.11,0.18,Matches,08ec5e71
2240,Jesus Rodríguez,es ESP,MF,Real Betis,es La Liga,18,2005,21,15,1111,12.3,2,0,2,2,0,0,0,0,0.16,0.00,0.16,0.16,0.16,Matches,f9f74e43
2241,Kirian Rodríguez,es ESP,MF,Las Palmas,es La Liga,28,1996,21,21,1758,19.5,0,3,3,0,0,0,2,0,0.00,0.15,0.15,0.00,0.15,Matches,9b130479
2242,Ricardo Rodríguez,ch SUI,DF,Real Betis,es La Liga,31,1992,18,15,1274,14.2,0,1,1,0,0,0,0,0,0.00,0.07,0.07,0.00,0.07,Matches,7f78ad23
2243,Rodrygo,br BRA,MFFW,Real Madrid,es La Liga,23,2001,30,22,1928,21.4,6,5,11,6,0,0,0,0,0.28,0.23,0.51,0.28,0.51,Matches,8f5e92a6
2244,Mads Roerslev,dk DEN,DF,Wolfsburg,de Bundesliga,25,1999,7,2,298,3.3,0,0,0,0,0,0,0,0,0.00,0.00,0.00,0.00,0.00,Matches,57c94db2
2245,Mads Roerslev,dk DEN,DF,Brentford,eng Premier League,25,1999,19,11,1101,12.2,0,2,2,0,0,0,2,0,0.00,0.16,0.16,0.00,0.16,Matches,57c94db2
2246,Morgan Rogers,eng ENG,MF,Aston Villa,eng Premier League,22,2002,37,37,3114,34.6,8,10,18,8,0,0,10,0,0.23,0.29,0.52,0.23,0.52,Matches,2e5915f1
2247,Merlin Röhl,de GER,MF,Freiburg,de Bundesliga,22,2002,19,11,965,10.7,0,1,1,0,0,0,2,0,0.00,0.09,0.09,0.00,0.09,Matches,1f2c7b55
2248,Alessio Romagnoli,it ITA,DF,Lazio,it Serie A,29,1995,32,31,2672,29.7,2,0,2,2,0,0,4,2,0.07,0.00,0.07,0.07,0.07,Matches,3ead85f9
2249,Leo Román,es ESP,GK,Mallorca,es La Liga,24,2000,7,7,630,7.0,0,0,0,0,0,0,0,0,0.00,0.00,0.00,0.00,0.00,Matches,924ff27e
2250,Carlos Romero,es ESP,DFMF,Espanyol,es La Liga,22,2001,34,28,2554,28.4,2,1,3,2,0,0,7,0,0.07,0.04,0.11,0.07,0.11,Matches,23cbf863
2251,Cristian Romero,ar ARG,DF,Tottenham,eng Premier League,26,1998,18,18,1416,15.7,1,0,1,1,0,0,3,0,0.06,0.00,0.06,0.06,0.06,Matches,a3d94a58
2252,Isaac Romero,es ESP,FW,Sevilla,es La Liga,24,2000,31,26,2156,24.0,4,2,6,4,0,1,10,1,0.17,0.08,0.25,0.17,0.25,Matches,be719093
2253,Luka Romero,ar ARG,MFFW,Alavés,es La Liga,19,2004,6,2,199,2.2,0,0,0,0,0,1,0,0,0.00,0.00,0.00,0.00,0.00,Matches,ca6edaa0
2254,Oriol Romeu,es ESP,MF,Girona,es La Liga,32,1991,25,17,1356,15.1,0,0,0,0,0,0,5,0,0.00,0.00,0.00,0.00,0.00,Matches,4b511457
2255,Valentin Rongier,fr FRA,MFDF,Marseille,fr Ligue 1,29,1994,25,17,1562,17.4,3,1,4,3,0,0,5,0,0.17,0.06,0.23,0.17,0.23,Matches,ed45c4a5
2256,Marten de Roon,nl NED,MFDF,Atalanta,it Serie A,33,1991,36,34,3058,34.0,4,4,8,4,0,0,5,0,0.12,0.12,0.24,0.12,0.24,Matches,2a1beb34
2257,Vitor Roque,br BRA,FW,Real Betis,es La Liga,19,2005,22,14,1235,13.7,4,0,4,4,0,0,4,0,0.29,0.00,0.29,0.29,0.29,Matches,cb00f1e6
2258,Pablo Rosario,do DOM,MFDF,Nice,fr Ligue 1,27,1997,29,21,1775,19.7,3,1,4,2,1,1,6,1,0.15,0.05,0.20,0.10,0.15,Matches,1a6b7ea4
2259,Lasse Rosenboom,de GER,MF,Holstein Kiel,de Bundesliga,22,2002,26,21,1734,19.3,2,2,4,2,0,0,3,0,0.10,0.10,0.21,0.10,0.21,Matches,1df23153
2260,Max Rosenfelder,de GER,DF,Freiburg,de Bundesliga,21,2003,25,13,1249,13.9,1,0,1,1,0,0,2,0,0.07,0.00,0.07,0.07,0.07,Matches,b6ceba6b
2261,Valentin Rosier,fr FRA,DF,Leganés,es La Liga,27,1996,32,28,2595,28.8,1,2,3,1,0,0,8,0,0.03,0.07,0.10,0.03,0.10,Matches,9b6d9b53
2262,Tom Rothe,de GER,MFDF,Union Berlin,de Bundesliga,19,2004,26,19,1670,18.6,3,3,6,3,0,0,4,1,0.16,0.16,0.32,0.16,0.32,Matches,90c1f9a4
2263,Anthony Rouault,fr FRA,DF,Stuttgart,de Bundesliga,23,2001,18,14,1212,13.5,1,0,1,1,0,0,1,0,0.07,0.00,0.07,0.07,0.07,Matches,9b545925
2264,Anthony Rouault,fr FRA,DF,Rennes,fr Ligue 1,23,2001,11,11,972,10.8,0,0,0,0,0,0,3,0,0.00,0.00,0.00,0.00,0.00,Matches,9b545925
2265,Jonas Rouhi,se SWE,DF,Juventus,it Serie A,20,2004,5,1,210,2.3,0,0,0,0,0,0,0,0,0.00,0.00,0.00,0.00,0.00,Matches,31908a0a
2266,Jérôme Roussillon,gp GLP,DF,Union Berlin,de Bundesliga,31,1993,7,1,136,1.5,0,0,0,0,0,0,0,0,0.00,0.00,0.00,0.00,0.00,Matches,13203c45
2267,Nicolò Rovella,it ITA,MF,Lazio,it Serie A,22,2001,33,31,2718,30.2,0,3,3,0,0,0,13,0,0.00,0.10,0.10,0.00,0.10,Matches,e58cbfd5
2268,Jonathan Rowe,eng ENG,MFFW,Marseille,fr Ligue 1,21,2003,28,6,807,9.0,3,3,6,3,0,0,2,0,0.33,0.33,0.67,0.33,0.67,Matches,8c12f884
2269,Amir Rrahmani,xk KVX,DF,Napoli,it Serie A,30,1994,38,38,3406,37.8,1,3,4,1,0,0,2,0,0.03,0.08,0.11,0.03,0.11,Matches,4b3e1a38
2270,Tommaso Rubino,it ITA,FW,Fiorentina,it Serie A,17,2006,1,0,8,0.1,0,0,0,0,0,0,0,0,0.00,0.00,0.00,0.00,0.00,Matches,cf5bf6c7
2271,Antonio Rüdiger,de GER,DF,Real Madrid,es La Liga,31,1993,29,26,2291,25.5,0,0,0,0,0,0,3,0,0.00,0.00,0.00,0.00,0.00,Matches,18b896d6
2272,Matteo Ruggeri,it ITA,MFDF,Atalanta,it Serie A,22,2002,30,19,1751,19.5,0,3,3,0,0,0,2,0,0.00,0.15,0.15,0.00,0.15,Matches,ae9898c5
2273,Aitor Ruibal,es ESP,DFFW,Real Betis,es La Liga,28,1996,29,13,1313,14.6,1,3,4,1,0,0,5,0,0.07,0.21,0.27,0.07,0.27,Matches,a55d8df5
2274,Abel Ruiz,es ESP,FW,Girona,es La Liga,24,2000,23,17,1346,15.0,4,0,4,3,1,2,3,0,0.27,0.00,0.27,0.20,0.20,Matches,6cbf8d0d
2275,Ferrán Ruiz,es ESP,DF,Girona,es La Liga,21,2003,1,0,18,0.2,0,0,0,0,0,0,0,0,0.00,0.00,0.00,0.00,0.00,Matches,4e4b8e97
2276,Fabián Ruiz Peña,es ESP,MF,Paris SG,fr Ligue 1,28,1996,30,21,1923,21.4,4,5,9,4,0,0,1,0,0.19,0.23,0.42,0.19,0.42,Matches,c0c7ff58
2277,Gerónimo Rulli,ar ARG,GK,Marseille,fr Ligue 1,32,1992,34,34,3060,34.0,0,0,0,0,0,0,1,0,0.00,0.00,0.00,0.00,0.00,Matches,625c144a
2278,Georginio Rutter,fr FRA,MFFW,Brighton,eng Premier League,22,2002,28,19,1656,18.4,5,3,8,5,0,0,2,0,0.27,0.16,0.43,0.27,0.43,Matches,c64c01fc
2279,Mathew Ryan,au AUS,GK,Lens,fr Ligue 1,32,1992,14,14,1260,14.0,0,0,0,0,0,0,0,0,0.00,0.00,0.00,0.00,0.00,Matches,4535e4bb
2280,Julian Ryerson,no NOR,DFMF,Dortmund,de Bundesliga,26,1997,29,27,2259,25.1,2,3,5,2,0,0,6,1,0.08,0.12,0.20,0.08,0.20,Matches,009a4f60
2281,Frederik Rønnow,dk DEN,GK,Union Berlin,de Bundesliga,31,1992,28,28,2520,28.0,0,0,0,0,0,0,2,0,0.00,0.00,0.00,0.00,0.00,Matches,a70b8345
2282,José Sá,pt POR,GK,Wolves,eng Premier League,31,1993,29,29,2609,29.0,0,0,0,0,0,0,2,0,0.00,0.00,0.00,0.00,0.00,Matches,903b6e8b
2283,Elias Saad,tn TUN,FWMF,St Pauli,de Bundesliga,24,1999,18,10,900,10.0,3,2,5,3,0,0,1,0,0.30,0.20,0.50,0.30,0.50,Matches,78a2284f
2284,Youssouf Sabaly,sn SEN,DF,Real Betis,es La Liga,31,1993,22,20,1581,17.6,0,1,1,0,0,0,1,0,0.00,0.06,0.06,0.00,0.06,Matches,fbbb9269
2285,Emmanuel Sabbi,us USA,MFFW,Le Havre,fr Ligue 1,26,1997,15,7,653,7.3,0,0,0,0,0,0,1,0,0.00,0.00,0.00,0.00,0.00,Matches,2e1b7c83
2286,Stefano Sabelli,it ITA,DFMF,Genoa,it Serie A,31,1993,34,23,2058,22.9,0,2,2,0,0,0,3,0,0.00,0.09,0.09,0.00,0.09,Matches,0ccac09c
2287,Marcel Sabitzer,at AUT,MF,Dortmund,de Bundesliga,30,1994,26,18,1616,18.0,1,0,1,1,0,0,3,0,0.06,0.00,0.06,0.06,0.06,Matches,e280527c
2288,Falaye Sacko,ml MLI,DF,Montpellier,fr Ligue 1,29,1995,16,14,1233,13.7,0,1,1,0,0,0,1,0,0.00,0.07,0.07,0.00,0.07,Matches,6388e356
2289,Umar Sadiq,ng NGA,FW,Valencia,es La Liga,27,1997,16,9,825,9.2,5,0,5,5,0,0,4,0,0.55,0.00,0.55,0.55,0.55,Matches,686cbe7d
2290,Umar Sadiq,ng NGA,FW,Real Sociedad,es La Liga,27,1997,7,2,227,2.5,0,0,0,0,0,0,1,0,0.00,0.00,0.00,0.00,0.00,Matches,686cbe7d
2291,Alexis Saelemaekers,be BEL,MFFW,Roma,it Serie A,25,1999,22,17,1389,15.4,7,3,10,7,0,0,4,0,0.45,0.19,0.65,0.45,0.65,Matches,ee251371
2292,Alexis Saelemaekers,be BEL,DF,Milan,it Serie A,25,1999,1,1,90,1.0,0,0,0,0,0,0,0,0,0.00,0.00,0.00,0.00,0.00,Matches,ee251371
2293,Jorge Sáenz,es ESP,DF,Leganés,es La Liga,27,1996,23,19,1690,18.8,1,0,1,1,0,0,4,1,0.05,0.00,0.05,0.05,0.05,Matches,bfca375c
2294,Matvei Safonov,ru RUS,GK,Paris SG,fr Ligue 1,25,1999,10,9,879,9.8,0,0,0,0,0,0,0,0,0.00,0.00,0.00,0.00,0.00,Matches,d97b252e
2295,Modibo Sagnan,ml MLI,DF,Montpellier,fr Ligue 1,25,1999,27,24,2141,23.8,2,0,2,2,0,0,10,0,0.08,0.00,0.08,0.08,0.08,Matches,76d679c7
2296,Richie Sagrado,be BEL,MFDF,Venezia,it Serie A,20,2004,3,3,140,1.6,0,0,0,0,0,0,1,0,0.00,0.00,0.00,0.00,0.00,Matches,3e3190f1
2297,Osame Sahraoui,ma MAR,MF,Lille,fr Ligue 1,23,2001,30,10,1293,14.4,3,3,6,3,0,0,1,0,0.21,0.21,0.42,0.21,0.42,Matches,6f9fa232
2298,Wesley Saïd,fr FRA,FW,Lens,fr Ligue 1,29,1995,24,11,905,10.1,3,0,3,3,0,0,4,0,0.30,0.00,0.30,0.30,0.30,Matches,90fcf472
2299,Théo Sainte-Luce,fr FRA,DF,Montpellier,fr Ligue 1,25,1998,16,11,1018,11.3,1,0,1,1,0,0,3,0,0.09,0.00,0.09,0.09,0.09,Matches,93c942fb
2300,Bukayo Saka,eng ENG,FWMF,Arsenal,eng Premier League,22,2001,25,20,1729,19.2,6,10,16,5,1,1,3,0,0.31,0.52,0.83,0.26,0.78,Matches,bc7dc64d
2301,Faik Sakar,de GER,MF,RB Leipzig,de Bundesliga,16,2008,1,0,1,0.0,0,0,0,0,0,0,0,0,0.00,0.00,0.00,0.00,0.00,Matches,85c3052c
2302,Marco Sala,it ITA,DF,Como,it Serie A,25,1999,8,3,261,2.9,0,0,0,0,0,0,3,0,0.00,0.00,0.00,0.00,0.00,Matches,0c57be8b
2303,Marco Sala,it ITA,DFMF,Lecce,it Serie A,25,1999,2,0,72,0.8,0,0,0,0,0,0,0,0,0.00,0.00,0.00,0.00,0.00,Matches,0c57be8b
2304,Ibrahim Salah,ma MAR,MFFW,Brest,fr Ligue 1,22,2001,12,4,358,4.0,1,1,2,1,0,0,0,0,0.25,0.25,0.50,0.25,0.50,Matches,cad3fd4d
2305,Mohamed Salah,eg EGY,MF,Liverpool,eng Premier League,32,1992,38,38,3371,37.5,29,18,47,20,9,9,1,0,0.77,0.48,1.25,0.53,1.01,Matches,e342ad68
2306,Anass Salah-Eddine,ma MAR,MF,Roma,it Serie A,22,2002,3,2,152,1.7,0,1,1,0,0,0,0,0,0.00,0.59,0.59,0.00,0.59,Matches,0d274394
2307,Amine Salama,fr FRA,FW,Reims,fr Ligue 1,24,2000,17,2,373,4.1,0,0,0,0,0,0,0,0,0.00,0.00,0.00,0.00,0.00,Matches,bc7cc472
2308,Jan Salas,es ESP,MF,Mallorca,es La Liga,18,2005,4,0,43,0.5,0,0,0,0,0,0,0,0,0.00,0.00,0.00,0.00,0.00,Matches,59bb99d1
2309,Kike Salas,es ESP,DF,Sevilla,es La Liga,22,2002,31,25,2238,24.9,3,2,5,3,0,0,6,0,0.12,0.08,0.20,0.12,0.20,Matches,0a69de7b
2310,Manolis Saliakas,gr GRE,MF,St Pauli,de Bundesliga,27,1996,30,26,2314,25.7,2,1,3,2,0,0,4,0,0.08,0.04,0.12,0.08,0.12,Matches,18fe6d90
2311,William Saliba,fr FRA,DF,Arsenal,eng Premier League,23,2001,35,35,3039,33.8,2,0,2,2,0,0,2,1,0.06,0.00,0.06,0.06,0.06,Matches,972aeb2a
2312,Mohammed Salisu,gh GHA,DF,Monaco,fr Ligue 1,25,1999,15,11,1023,11.4,1,0,1,1,0,0,2,0,0.09,0.00,0.09,0.09,0.09,Matches,0b33f6ad
2313,Roland Sallai,hu HUN,DFFW,Freiburg,de Bundesliga,27,1997,2,0,46,0.5,0,0,0,0,0,0,0,0,0.00,0.00,0.00,0.00,0.00,Matches,bf075f6b
2314,Yoann Salmier,gf GUF,DF,Le Havre,fr Ligue 1,31,1992,13,9,797,8.9,0,0,0,0,0,0,3,0,0.00,0.00,0.00,0.00,0.00,Matches,c3725db2
2315,Lazar Samardzic,rs SRB,MF,Atalanta,it Serie A,22,2002,31,7,1169,13.0,2,1,3,2,0,0,3,0,0.15,0.08,0.23,0.15,0.23,Matches,217c93a1
2316,Diadie Samassékou,ml MLI,MF,Hoffenheim,de Bundesliga,28,1996,8,6,290,3.2,0,0,0,0,0,0,0,0,0.00,0.00,0.00,0.00,0.00,Matches,08593525
2317,Mama Samba Baldé,gw GNB,FWMF,Lyon,fr Ligue 1,28,1995,2,0,33,0.4,0,0,0,0,0,0,0,0,0.00,0.00,0.00,0.00,0.00,Matches,fb14aa28
2318,Mama Samba Baldé,gw GNB,FWMF,Brest,fr Ligue 1,28,1995,27,12,1149,12.8,2,3,5,2,0,0,4,0,0.16,0.23,0.39,0.16,0.39,Matches,fb14aa28
2319,Brice Samba,fr FRA,GK,Rennes,fr Ligue 1,30,1994,17,17,1529,17.0,0,0,0,0,0,0,3,0,0.00,0.00,0.00,0.00,0.00,Matches,60d90c55
2320,Brice Samba,fr FRA,GK,Lens,fr Ligue 1,30,1994,15,15,1350,15.0,0,0,0,0,0,0,1,0,0.00,0.00,0.00,0.00,0.00,Matches,60d90c55
2321,Albert Sambi Lokonga,be BEL,MF,Sevilla,es La Liga,24,1999,22,16,1471,16.3,0,2,2,0,0,0,4,0,0.00,0.12,0.12,0.00,0.12,Matches,1b4f1169
2322,Junior Sambia,cf CTA,MF,Empoli,it Serie A,27,1996,17,2,387,4.3,0,0,0,0,0,0,0,0,0.00,0.00,0.00,0.00,0.00,Matches,24eb7ed6
2323,Chuky san jose,es ESP,MFFW,Valladolid,es La Liga,20,2004,18,9,728,8.1,2,0,2,2,0,0,1,0,0.25,0.00,0.25,0.25,0.25,Matches,0525a80f
2324,Antonio Sanabria,py PAR,FW,Torino,it Serie A,28,1996,26,16,1318,14.6,2,1,3,2,0,1,2,0,0.14,0.07,0.20,0.14,0.20,Matches,0a447501
2325,Oihan Sancet,es ESP,MF,Athletic Club,es La Liga,24,2000,29,19,1620,18.0,15,1,16,12,3,3,2,0,0.83,0.06,0.89,0.67,0.72,Matches,bdb624a3
2326,Alexis Sánchez,cl CHI,FW,Udinese,it Serie A,35,1988,13,6,437,4.9,0,0,0,0,0,0,0,0,0.00,0.00,0.00,0.00,0.00,Matches,2c0f8e9e
2327,Antonio Sánchez,es ESP,MFDF,Mallorca,es La Liga,27,1997,33,12,1395,15.5,0,0,0,0,0,0,3,0,0.00,0.00,0.00,0.00,0.00,Matches,a254bbe0
2328,Iván Sánchez,es ESP,MF,Valladolid,es La Liga,31,1992,32,11,1404,15.6,2,1,3,2,0,0,4,0,0.13,0.06,0.19,0.13,0.19,Matches,70107d4d
2329,Javi Sánchez,es ESP,DF,Valladolid,es La Liga,27,1997,25,25,2026,22.5,2,0,2,2,0,0,6,0,0.09,0.00,0.09,0.09,0.09,Matches,60359288
2330,Juanlu Sánchez,es ESP,MFDF,Sevilla,es La Liga,20,2003,32,18,1722,19.1,4,4,8,4,0,0,6,1,0.21,0.21,0.42,0.21,0.42,Matches,cc6de655
2331,Manu Sánchez,es ESP,DF,Alavés,es La Liga,23,2000,33,30,2634,29.3,1,0,1,1,0,0,6,1,0.03,0.00,0.03,0.03,0.03,Matches,ffacd3d5
2332,Robert Sánchez,es ESP,GK,Chelsea,eng Premier League,26,1997,32,32,2880,32.0,0,0,0,0,0,0,5,0,0.00,0.00,0.00,0.00,0.00,Matches,6a713852
2333,Jadon Sancho,eng ENG,MF,Chelsea,eng Premier League,24,2000,31,19,1764,19.6,3,4,7,3,0,0,2,0,0.15,0.20,0.36,0.15,0.36,Matches,dbf053da
2334,Philipp Sander,de GER,MF,Gladbach,de Bundesliga,26,1998,27,16,1400,15.6,1,0,1,1,0,0,2,0,0.06,0.00,0.06,0.06,0.06,Matches,5c90bad8
2335,James Sands,us USA,MF,St Pauli,de Bundesliga,24,2000,7,5,453,5.0,0,0,0,0,0,0,1,0,0.00,0.00,0.00,0.00,0.00,Matches,dccd127f
2336,Leroy Sané,de GER,MF,Bayern Munich,de Bundesliga,28,1996,30,17,1637,18.2,11,5,16,11,0,0,2,0,0.60,0.27,0.88,0.60,0.88,Matches,2b114be3
2337,Arouna Sangante,sn SEN,DF,Le Havre,fr Ligue 1,22,2002,16,16,1244,13.8,3,0,3,3,0,0,4,1,0.22,0.00,0.22,0.22,0.22,Matches,17bb562c
2338,Ibrahim Sangaré,ci CIV,MF,Nottingham,eng Premier League,26,1997,13,7,590,6.6,0,1,1,0,0,0,3,0,0.00,0.15,0.15,0.00,0.15,Matches,bced0375
2339,Nhoa Sangui,fr FRA,DFMF,Reims,fr Ligue 1,18,2006,26,10,1158,12.9,0,2,2,0,0,0,3,0,0.00,0.16,0.16,0.00,0.16,Matches,3f465a66
2340,Maroan Sannadi,ma MAR,FW,Athletic Club,es La Liga,23,2001,16,7,754,8.4,1,1,2,1,0,0,0,0,0.12,0.12,0.24,0.12,0.24,Matches,bea2537a
2341,Kaishū Sano,jp JPN,MF,Mainz 05,de Bundesliga,23,2000,34,34,3043,33.8,0,0,0,0,0,0,3,0,0.00,0.00,0.00,0.00,0.00,Matches,7a7a6361
2342,Morgan Sanson,fr FRA,MF,Nice,fr Ligue 1,29,1994,6,3,235,2.6,3,0,3,3,0,0,0,0,1.15,0.00,1.15,1.15,1.15,Matches,6e7f1353
2343,Nicola Sansone,it ITA,FWMF,Lecce,it Serie A,32,1991,5,0,65,0.7,0,0,0,0,0,0,1,0,0.00,0.00,0.00,0.00,0.00,Matches,7eb97a8e
2344,Baptiste Santamaria,fr FRA,MF,Nice,fr Ligue 1,29,1995,13,11,927,10.3,0,0,0,0,0,0,1,0,0.00,0.00,0.00,0.00,0.00,Matches,5e22e2a4
2345,Baptiste Santamaria,fr FRA,MF,Rennes,fr Ligue 1,29,1995,10,5,482,5.4,0,1,1,0,0,0,1,0,0.00,0.19,0.19,0.00,0.19,Matches,5e22e2a4
2346,Yellu Santiago,es ESP,MF,Getafe,es La Liga,20,2004,19,4,372,4.1,0,0,0,0,0,0,5,0,0.00,0.00,0.00,0.00,0.00,Matches,bc49fd34
2347,Andrey Santos,br BRA,MF,Strasbourg,fr Ligue 1,20,2004,32,32,2855,31.7,10,3,13,10,0,0,8,0,0.32,0.09,0.41,0.32,0.41,Matches,dd745366
2348,Danilo Santos,br BRA,MF,Nottingham,eng Premier League,23,2001,8,5,275,3.1,0,0,0,0,0,0,0,0,0.00,0.00,0.00,0.00,0.00,Matches,a816dbfb
2349,Kauã Santos,br BRA,GK,Frankfurt,de Bundesliga,21,2003,9,8,765,8.5,0,0,0,0,0,0,0,0,0.00,0.00,0.00,0.00,0.00,Matches,c7c50cb5
2350,Tiago Santos,pt POR,DFMF,Lille,fr Ligue 1,22,2002,7,4,404,4.5,0,0,0,0,0,0,1,0,0.00,0.00,0.00,0.00,0.00,Matches,3eeebc87
2351,Pablo Sarabia,es ESP,MF,Wolves,eng Premier League,32,1992,23,7,814,9.0,3,2,5,3,0,0,3,0,0.33,0.22,0.55,0.33,0.55,Matches,9744ff80
2352,Jeremy Sarmiento,ec ECU,MF,Brighton,eng Premier League,22,2002,1,0,9,0.1,0,0,0,0,0,0,0,0,0.00,0.00,0.00,0.00,0.00,Matches,ac0d576d
2353,Amin Sarr,se SWE,FW,Hellas Verona,it Serie A,23,2001,32,25,1907,21.2,4,1,5,4,0,0,1,0,0.19,0.05,0.24,0.19,0.24,Matches,d5326924
2354,Ismaila Sarr,sn SEN,MF,Crystal Palace,eng Premier League,26,1998,38,30,2711,30.1,8,6,14,8,0,0,4,0,0.27,0.20,0.46,0.27,0.46,Matches,bfdb33aa
2355,Malang Sarr,sn SEN,DF,Lens,fr Ligue 1,25,1999,21,15,1385,15.4,0,0,0,0,0,0,0,0,0.00,0.00,0.00,0.00,0.00,Matches,4315f30d
2356,Mamadou Sarr,sn SEN,DF,Strasbourg,fr Ligue 1,18,2005,27,27,2365,26.3,0,1,1,0,0,0,4,0,0.00,0.04,0.04,0.00,0.04,Matches,61f80c89
2357,Martin Satriano,uy URU,FW,Lens,fr Ligue 1,23,2001,7,0,88,1.0,0,0,0,0,0,0,0,0,0.00,0.00,0.00,0.00,0.00,Matches,86383d0e
2358,Razvan Sava,ro ROU,GK,Udinese,it Serie A,22,2002,12,12,1080,12.0,0,0,0,0,0,0,1,0,0.00,0.00,0.00,0.00,0.00,Matches,41efbd34
2359,Téji Savanier,fr FRA,MF,Montpellier,fr Ligue 1,32,1991,31,27,2363,26.3,2,5,7,0,2,2,4,1,0.08,0.19,0.27,0.00,0.19,Matches,6bde367b
2360,Sávio,br BRA,MFFW,Manchester City,eng Premier League,20,2004,29,21,1766,19.6,1,8,9,1,0,0,3,0,0.05,0.41,0.46,0.05,0.46,Matches,fe6e7156
2361,Nicolò Savona,it ITA,DF,Juventus,it Serie A,21,2003,28,19,1724,19.2,2,1,3,2,0,0,5,0,0.10,0.05,0.16,0.10,0.16,Matches,e041497d
2362,Saba Sazonov,ge GEO,DF,Torino,it Serie A,22,2002,1,0,3,0.0,0,0,0,0,0,0,0,0,0.00,0.00,0.00,0.00,0.00,Matches,645dffbf
2363,Joe Scally,us USA,DF,Gladbach,de Bundesliga,21,2002,32,30,2578,28.6,0,0,0,0,0,0,6,0,0.00,0.00,0.00,0.00,0.00,Matches,236f02cd
2364,Giorgio Scalvini,it ITA,DF,Atalanta,it Serie A,20,2003,6,4,272,3.0,0,0,0,0,0,0,2,0,0.00,0.00,0.00,0.00,0.00,Matches,1e9aa637
2365,Gianluca Scamacca,it ITA,FW,Atalanta,it Serie A,25,1999,1,0,6,0.1,0,0,0,0,0,0,0,0,0.00,0.00,0.00,0.00,0.00,Matches,8790f988
2366,Oliver Scarles,eng ENG,MFDF,West Ham,eng Premier League,18,2005,15,7,665,7.4,0,0,0,0,0,0,1,0,0.00,0.00,0.00,0.00,0.00,Matches,242e5e6d
2367,Dane Scarlett,eng ENG,FW,Tottenham,eng Premier League,20,2004,3,0,34,0.4,0,1,1,0,0,0,0,0,0.00,2.65,2.65,0.00,2.65,Matches,21945a9e
2368,Kevin Schade,de GER,MFFW,Brentford,eng Premier League,22,2001,38,26,2293,25.5,11,2,13,11,0,0,3,0,0.43,0.08,0.51,0.43,0.51,Matches,52afb588
2369,András Schäfer,hu HUN,MF,Union Berlin,de Bundesliga,25,1999,26,17,1534,17.0,1,1,2,1,0,0,3,0,0.06,0.06,0.12,0.06,0.12,Matches,049751d7
2370,Fabian Schär,ch SUI,DF,Newcastle,eng Premier League,32,1991,34,33,2934,32.6,4,0,4,4,0,0,9,1,0.12,0.00,0.12,0.12,0.12,Matches,c8aa95da
2371,Patrik Schick,cz CZE,FW,Leverkusen,de Bundesliga,28,1996,31,19,1684,18.7,21,0,21,20,1,1,4,0,1.12,0.00,1.12,1.07,1.07,Matches,5d4f7d61
2372,Stefan Schimmer,de GER,FW,Heidenheim,de Bundesliga,30,1994,13,0,247,2.7,0,0,0,0,0,0,1,0,0.00,0.00,0.00,0.00,0.00,Matches,395bbb60
2373,Joël Schingtienne,be BEL,DF,Venezia,it Serie A,21,2002,16,12,1122,12.5,0,0,0,0,0,0,2,0,0.00,0.00,0.00,0.00,0.00,Matches,35a4790e
2374,Xaver Schlager,at AUT,MF,RB Leipzig,de Bundesliga,26,1997,4,2,181,2.0,0,0,0,0,0,0,1,0,0.00,0.00,0.00,0.00,0.00,Matches,8f056768
2375,Keven Schlotterbeck,de GER,DF,Augsburg,de Bundesliga,27,1997,18,15,1297,14.4,3,1,4,3,0,0,4,1,0.21,0.07,0.28,0.21,0.28,Matches,f6bdc830
2376,Nico Schlotterbeck,de GER,DF,Dortmund,de Bundesliga,24,1999,23,23,1982,22.0,0,4,4,0,0,0,7,2,0.00,0.18,0.18,0.00,0.18,Matches,34e12499
2377,Jeffrey Schlupp,gh GHA,DFFW,Crystal Palace,eng Premier League,31,1992,12,0,103,1.1,0,0,0,0,0,0,0,0,0.00,0.00,0.00,0.00,0.00,Matches,3312f911
2378,Romano Schmid,at AUT,MF,Werder Bremen,de Bundesliga,24,2000,32,32,2834,31.5,5,4,9,4,1,1,4,0,0.16,0.13,0.29,0.13,0.25,Matches,220ace7e
2379,Niklas Schmidt,de GER,MF,Toulouse,fr Ligue 1,26,1998,9,2,205,2.3,0,1,1,0,0,0,0,0,0.00,0.44,0.44,0.00,0.44,Matches,b9ae8560
2380,Jan Schöppner,de GER,MF,Heidenheim,de Bundesliga,25,1999,33,32,2681,29.8,4,3,7,4,0,0,8,0,0.13,0.10,0.23,0.13,0.23,Matches,932bfcac
2381,Marvin Schulz,de GER,DFMF,Holstein Kiel,de Bundesliga,29,1995,12,3,306,3.4,0,0,0,0,0,0,3,0,0.00,0.00,0.00,0.00,0.00,Matches,651167c8
2382,Alexander Schwolow,de GER,GK,Union Berlin,de Bundesliga,32,1992,6,6,540,6.0,0,0,0,0,0,0,0,0,0.00,0.00,0.00,0.00,0.00,Matches,0d55d942
2383,Léo Scienza,br BRA,MFFW,Heidenheim,de Bundesliga,25,1998,25,13,1153,12.8,3,3,6,3,0,0,1,0,0.23,0.23,0.47,0.23,0.47,Matches,79064bc9
2384,Alex Scott,eng ENG,MF,Bournemouth,eng Premier League,20,2003,20,8,755,8.4,0,0,0,0,0,0,3,0,0.00,0.00,0.00,0.00,0.00,Matches,104d0bb8
2385,Simone Scuffet,it ITA,GK,Cagliari,it Serie A,28,1996,13,13,1170,13.0,0,0,0,0,0,0,0,0,0.00,0.00,0.00,0.00,0.00,Matches,41bd99ea
2386,Simone Scuffet,it ITA,GK,Napoli,it Serie A,28,1996,1,1,90,1.0,0,0,0,0,0,0,0,0,0.00,0.00,0.00,0.00,0.00,Matches,41bd99ea
2387,Jérémy Sebas,mq MTQ,MF,Strasbourg,fr Ligue 1,21,2003,13,1,190,2.1,0,0,0,0,0,0,0,0,0.00,0.00,0.00,0.00,0.00,Matches,0b6911e4
2388,Aleksandar Sedlar,rs SRB,DF,Alavés,es La Liga,32,1991,9,7,594,6.6,0,0,0,0,0,0,1,1,0.00,0.00,0.00,0.00,0.00,Matches,a35134ae
2389,Jacopo Seghetti,it ITA,GK,Empoli,it Serie A,19,2005,1,1,90,1.0,0,0,0,0,0,0,0,0,0.00,0.00,0.00,0.00,0.00,Matches,70a10677
2390,Alidu Seidu,gh GHA,DF,Rennes,fr Ligue 1,24,2000,11,10,803,8.9,0,0,0,0,0,0,4,0,0.00,0.00,0.00,0.00,0.00,Matches,cea59f02
2391,Nicolas Seiwald,at AUT,MFDF,RB Leipzig,de Bundesliga,23,2001,30,20,2084,23.2,0,0,0,0,0,0,2,0,0.00,0.00,0.00,0.00,0.00,Matches,28c6e925
2392,Hiroki Sekine,jp JPN,DF,Reims,fr Ligue 1,21,2002,15,9,887,9.9,0,0,0,0,0,0,1,0,0.00,0.00,0.00,0.00,0.00,Matches,7304dd80
2393,Matz Sels,be BEL,GK,Nottingham,eng Premier League,32,1992,38,38,3420,38.0,0,0,0,0,0,0,4,0,0.00,0.00,0.00,0.00,0.00,Matches,834b5c4c
2394,Nélson Semedo,pt POR,MFDF,Wolves,eng Premier League,30,1993,34,32,2886,32.1,0,4,4,0,0,0,8,0,0.00,0.12,0.12,0.00,0.12,Matches,d04b94db
2395,Antoine Semenyo,gh GHA,MF,Bournemouth,eng Premier League,24,2000,37,36,3203,35.6,11,5,16,11,0,0,9,0,0.31,0.14,0.45,0.31,0.45,Matches,efd2ec23
2396,Marvin Senaya,gh GHA,DF,Strasbourg,fr Ligue 1,23,2001,10,1,227,2.5,0,0,0,0,0,0,3,0,0.00,0.00,0.00,0.00,0.00,Matches,1d383c10
2397,Marcos Senesi,ar ARG,DF,Bournemouth,eng Premier League,27,1997,17,13,1106,12.3,0,0,0,0,0,0,5,0,0.00,0.00,0.00,0.00,0.00,Matches,35141f4c
2398,Stefano Sensi,it ITA,MF,Monza,it Serie A,28,1995,12,2,274,3.0,1,0,1,0,1,1,0,0,0.33,0.00,0.33,0.00,0.00,Matches,b70bde8f
2399,Suat Serdar,de GER,MF,Hellas Verona,it Serie A,27,1997,22,16,1376,15.3,2,1,3,2,0,0,4,1,0.13,0.07,0.20,0.13,0.20,Matches,b3325a30
2400,Sergi,es ESP,DF,Leganés,es La Liga,32,1992,36,33,2957,32.9,2,0,2,2,0,0,2,1,0.06,0.00,0.06,0.06,0.06,Matches,65ac6ea0
2401,Nicolás Serrano,es ESP,MF,Athletic Club,es La Liga,21,2003,4,1,112,1.2,0,0,0,0,0,0,0,0,0.00,0.00,0.00,0.00,0.00,Matches,2ad0e5e5
2402,Benjamin Šeško,si SVN,FWMF,RB Leipzig,de Bundesliga,21,2003,33,30,2380,26.4,13,5,18,11,2,2,2,1,0.49,0.19,0.68,0.42,0.61,Matches,3260690c
2403,Ryan Sessegnon,eng ENG,MFDF,Fulham,eng Premier League,24,2000,16,7,580,6.4,4,2,6,4,0,0,1,0,0.62,0.31,0.93,0.62,0.93,Matches,6aa3e78b
2404,Stephan El Shaarawy,it ITA,MFFW,Roma,it Serie A,31,1992,31,12,1098,12.2,3,4,7,3,0,0,2,0,0.25,0.33,0.57,0.25,0.57,Matches,d3aaad90
2405,Luke Shaw,eng ENG,DF,Manchester Utd,eng Premier League,29,1995,7,4,349,3.9,0,0,0,0,0,0,1,0,0.00,0.00,0.00,0.00,0.00,Matches,9c94165b
2406,Alen Sherri,al ALB,GK,Cagliari,it Serie A,26,1997,7,7,621,6.9,0,0,0,0,0,0,0,0,0.00,0.00,0.00,0.00,0.00,Matches,eebf35b6
2407,Eldor Shomurodov,uz UZB,FW,Roma,it Serie A,29,1995,27,11,1097,12.2,4,4,8,4,0,0,1,0,0.33,0.33,0.66,0.33,0.66,Matches,57469b2d
2408,Djibril Sidibé,fr FRA,DF,Toulouse,fr Ligue 1,32,1992,28,24,2101,23.3,0,3,3,0,0,0,1,0,0.00,0.13,0.13,0.00,0.13,Matches,4c5b714f
2409,Armindo Sieb,de GER,MFFW,Mainz 05,de Bundesliga,21,2003,27,5,762,8.5,2,2,4,2,0,0,2,0,0.24,0.24,0.47,0.24,0.47,Matches,228c1d94
2410,Benjamin Siegrist,ch SUI,GK,Genoa,it Serie A,32,1992,2,2,152,1.7,0,0,0,0,0,0,0,0,0.00,0.00,0.00,0.00,0.00,Matches,46912ffe
2411,Vincent Sierro,ch SUI,MF,Toulouse,fr Ligue 1,28,1995,29,27,2402,26.7,5,1,6,3,2,2,4,0,0.19,0.04,0.22,0.11,0.15,Matches,92ffb8f9
2412,Tim Siersleben,de GER,DF,Heidenheim,de Bundesliga,24,2000,16,14,1182,13.1,0,0,0,0,0,0,4,0,0.00,0.00,0.00,0.00,0.00,Matches,f761c901
2413,Zain Silcott-Duberry,ms MSR,MF,Bournemouth,eng Premier League,19,2005,1,0,1,0.0,0,0,0,0,0,0,0,0,0.00,0.00,0.00,0.00,0.00,Matches,2f5fa231
2414,Kiliann Sildillia,fr FRA,DF,Freiburg,de Bundesliga,22,2002,21,8,801,8.9,2,0,2,2,0,0,2,0,0.22,0.00,0.22,0.22,0.22,Matches,313254a3
2415,André Silva,pt POR,FW,Werder Bremen,de Bundesliga,28,1995,7,4,375,4.2,1,0,1,0,1,2,1,0,0.24,0.00,0.24,0.00,0.00,Matches,3effaa34
2416,André Silva,pt POR,FW,RB Leipzig,de Bundesliga,28,1995,8,0,132,1.5,1,2,3,0,1,1,0,0,0.68,1.36,2.05,0.00,1.36,Matches,3effaa34
2417,Bernardo Silva,pt POR,MF,Manchester City,eng Premier League,29,1994,33,29,2670,29.7,4,4,8,4,0,0,7,0,0.13,0.13,0.27,0.13,0.27,Matches,3eb22ec9
2418,Éderson Silva,br BRA,MF,Atalanta,it Serie A,25,1999,37,32,2881,32.0,4,1,5,4,0,0,5,1,0.12,0.03,0.16,0.12,0.16,Matches,a9202def
2419,Fábio Silva,pt POR,FW,Las Palmas,es La Liga,22,2002,24,22,1866,20.7,10,3,13,8,2,3,7,0,0.48,0.14,0.63,0.39,0.53,Matches,e7aa9d7c
2420,Jota Silva,pt POR,MF,Nottingham,eng Premier League,24,1999,31,5,854,9.5,3,1,4,3,0,0,5,0,0.32,0.11,0.42,0.32,0.42,Matches,4d77e622
2421,Eric da Silva Moreira,de GER,DF,Nottingham,eng Premier League,18,2006,2,0,30,0.3,0,0,0,0,0,0,0,0,0.00,0.00,0.00,0.00,0.00,Matches,0a4f579a
2422,Rui Silva,pt POR,GK,Real Betis,es La Liga,30,1994,15,15,1350,15.0,0,0,0,0,0,0,1,0,0.00,0.00,0.00,0.00,0.00,Matches,ea83bfa6
2423,Marco Silvestri,it ITA,GK,Empoli,it Serie A,33,1991,5,5,450,5.0,0,0,0,0,0,0,0,0,0.00,0.00,0.00,0.00,0.00,Matches,0d422df7
2424,Abdallah Sima,sn SEN,FWMF,Brest,fr Ligue 1,23,2001,27,14,1238,13.8,7,2,9,7,0,0,2,0,0.51,0.15,0.65,0.51,0.65,Matches,fdbde523
2425,Mohamed Simakan,fr FRA,DF,RB Leipzig,de Bundesliga,24,2000,1,1,54,0.6,0,0,0,0,0,0,0,0,0.00,0.00,0.00,0.00,0.00,Matches,fcb27134
2426,Giovanni Simeone,ar ARG,FW,Napoli,it Serie A,29,1995,30,1,419,4.7,1,1,2,1,0,0,1,0,0.21,0.21,0.43,0.21,0.43,Matches,343c0d52
2427,Giuliano Simeone,ar ARG,MF,Atlético Madrid,es La Liga,21,2002,33,26,1926,21.4,2,6,8,2,0,0,4,0,0.09,0.28,0.37,0.09,0.37,Matches,a6536561
2428,Moses Simon,ng NGA,FWMF,Nantes,fr Ligue 1,29,1995,32,31,2609,29.0,8,10,18,4,4,4,2,0,0.28,0.34,0.62,0.14,0.48,Matches,5f3eaaf5
2429,Unai Simón,es ESP,GK,Athletic Club,es La Liga,27,1997,21,21,1890,21.0,0,0,0,0,0,0,0,0,0.00,0.00,0.00,0.00,0.00,Matches,5dcf3e90
2430,Xavi Simons,nl NED,MF,RB Leipzig,de Bundesliga,21,2003,25,25,2150,23.9,10,6,16,10,0,0,5,0,0.42,0.25,0.67,0.42,0.67,Matches,da4d670f
2431,Jahmai Simpson-Pusey,eng ENG,DF,Manchester City,eng Premier League,18,2005,2,1,96,1.1,0,0,0,0,0,0,1,0,0.00,0.00,0.00,0.00,0.00,Matches,383b10fd
2432,Danel Sinani,lu LUX,FWMF,St Pauli,de Bundesliga,27,1997,26,14,1250,13.9,2,2,4,2,0,0,3,0,0.14,0.14,0.29,0.14,0.29,Matches,96ddfa79
2433,Lassine Sinayoko,ml MLI,FWMF,Auxerre,fr Ligue 1,24,1999,34,25,2299,25.5,5,8,13,4,1,1,5,0,0.20,0.31,0.51,0.16,0.47,Matches,5e5249c8
2434,Wilfried Singo,ci CIV,DF,Monaco,fr Ligue 1,23,2000,27,23,2096,23.3,1,2,3,1,0,0,4,0,0.04,0.09,0.13,0.04,0.13,Matches,8b609c34
2435,Luis Sinisterra,co COL,MF,Bournemouth,eng Premier League,25,1999,12,1,236,2.6,1,1,2,1,0,0,0,0,0.38,0.38,0.76,0.38,0.76,Matches,8e16dd48
2436,Daley Sinkgraven,nl NED,DF,Las Palmas,es La Liga,29,1995,2,1,91,1.0,0,0,0,0,0,0,0,0,0.00,0.00,0.00,0.00,0.00,Matches,73000a79
2437,Tobias Sippel,de GER,GK,Gladbach,de Bundesliga,36,1988,1,0,59,0.7,0,0,0,0,0,0,0,0,0.00,0.00,0.00,0.00,0.00,Matches,0d8a37c2
2438,Jailson Siqueira,br BRA,DF,Celta Vigo,es La Liga,28,1995,13,6,614,6.8,0,0,0,0,0,0,2,0,0.00,0.00,0.00,0.00,0.00,Matches,b4819112
2439,Ayanda Sishuba,be BEL,MF,Rennes,fr Ligue 1,19,2005,1,0,3,0.0,0,0,0,0,0,0,0,0,0.00,0.00,0.00,0.00,0.00,Matches,6fd76804
2440,Ibrahim Sissoko,ml MLI,FW,Saint-Étienne,fr Ligue 1,28,1995,20,8,819,9.1,3,1,4,2,1,1,1,0,0.33,0.11,0.44,0.22,0.33,Matches,a170541f
2441,Ibrahima Sissoko,ml MLI,MF,Bochum,de Bundesliga,26,1997,32,30,2610,29.0,2,1,3,2,0,0,11,1,0.07,0.03,0.10,0.07,0.10,Matches,0f8418aa
2442,Niama Sissoko,ml MLI,FW,Reims,fr Ligue 1,18,2005,4,0,47,0.5,0,0,0,0,0,0,0,0,0.00,0.00,0.00,0.00,0.00,Matches,d349f13b
2443,Antonio Sivera,es ESP,GK,Alavés,es La Liga,27,1996,32,32,2810,31.2,0,0,0,0,0,0,6,1,0.00,0.00,0.00,0.00,0.00,Matches,9970da54
2444,Tim Skarke,de GER,FWMF,Union Berlin,de Bundesliga,27,1996,33,11,1164,12.9,0,2,2,0,0,0,1,0,0.00,0.15,0.15,0.00,0.15,Matches,65857fdf
2445,Ellyes Skhiri,tn TUN,MF,Frankfurt,de Bundesliga,29,1995,30,26,2231,24.8,1,2,3,1,0,0,6,0,0.04,0.08,0.12,0.04,0.12,Matches,c2211709
2446,Oliver Skipp,eng ENG,MF,Leicester City,eng Premier League,23,2000,24,10,1129,12.5,0,0,0,0,0,0,8,0,0.00,0.00,0.00,0.00,0.00,Matches,6250083a
2447,Łukasz Skorupski,pl POL,GK,Bologna,it Serie A,33,1991,27,27,2364,26.3,0,0,0,0,0,0,1,0,0.00,0.00,0.00,0.00,0.00,Matches,ab4449d6
2448,Andreas Skov Olsen,dk DEN,MFFW,Wolfsburg,de Bundesliga,24,1999,12,4,535,5.9,1,1,2,1,0,0,0,0,0.17,0.17,0.34,0.17,0.34,Matches,c50cee19
2449,Robert Skov,dk DEN,MFDF,Union Berlin,de Bundesliga,28,1996,15,11,852,9.5,2,2,4,1,1,1,1,0,0.21,0.21,0.42,0.11,0.32,Matches,ff98492b
2450,Milan Škriniar,sk SVK,DF,Paris SG,fr Ligue 1,29,1995,5,4,382,4.2,0,0,0,0,0,0,1,0,0.00,0.00,0.00,0.00,0.00,Matches,30f5ffa9
2451,Steven Skrzybski,de GER,FWMF,Holstein Kiel,de Bundesliga,31,1992,24,15,1323,14.7,6,3,9,5,1,1,0,0,0.41,0.20,0.61,0.34,0.54,Matches,58ce23e5
2452,Naatan Skyttä,fi FIN,MF,Toulouse,fr Ligue 1,22,2002,1,0,5,0.1,0,0,0,0,0,0,0,0,0.00,0.00,0.00,0.00,0.00,Matches,d7547531
2453,William Smallbone,ie IRL,MF,Southampton,eng Premier League,24,2000,18,6,690,7.7,1,0,1,1,0,0,1,0,0.13,0.00,0.13,0.13,0.13,Matches,5e105217
2454,Adam Smith,eng ENG,DF,Bournemouth,eng Premier League,33,1991,25,19,1590,17.7,0,0,0,0,0,0,7,0,0.00,0.00,0.00,0.00,0.00,Matches,20b104bc
2455,Eric Smith,se SWE,DFMF,St Pauli,de Bundesliga,27,1997,32,32,2827,31.4,1,1,2,1,0,0,7,0,0.03,0.03,0.06,0.03,0.06,Matches,8817312f
2456,Justin Smith,ca CAN,MF,Espanyol,es La Liga,21,2003,5,3,209,2.3,0,0,0,0,0,0,0,0,0.00,0.00,0.00,0.00,0.00,Matches,a496d4a2
2457,Emile Smith Rowe,eng ENG,MF,Fulham,eng Premier League,24,2000,34,25,2043,22.7,6,3,9,6,0,0,3,0,0.26,0.13,0.40,0.26,0.40,Matches,17695062
2458,Ivan Smolčić,hr CRO,DF,Como,it Serie A,23,2000,9,7,630,7.0,0,0,0,0,0,0,2,0,0.00,0.00,0.00,0.00,0.00,Matches,08e57960
2459,Eduard Sobol,ua UKR,DFMF,Strasbourg,fr Ligue 1,29,1995,10,0,95,1.1,0,0,0,0,0,0,2,0,0.00,0.00,0.00,0.00,0.00,Matches,2ccd89a3
2460,Simon Sohm,ch SUI,MF,Parma,it Serie A,23,2001,37,36,2989,33.2,4,0,4,4,0,0,6,0,0.12,0.00,0.12,0.12,0.12,Matches,a5f458d9
2461,Alex Sola,es ESP,MF,Getafe,es La Liga,25,1999,19,13,1029,11.4,0,1,1,0,0,0,4,0,0.00,0.09,0.09,0.00,0.09,Matches,5fa714d5
2462,Arnau Solà,es ESP,DF,Villarreal,es La Liga,21,2003,1,0,13,0.1,0,0,0,0,0,0,0,0,0.00,0.00,0.00,0.00,0.00,Matches,c8c8ce16
2463,Dominic Solanke,eng ENG,FW,Tottenham,eng Premier League,26,1997,27,25,2201,24.5,9,3,12,8,1,1,0,0,0.37,0.12,0.49,0.33,0.45,Matches,e77dc3b2
2464,Ola Solbakken,no NOR,MFFW,Empoli,it Serie A,25,1998,21,8,760,8.4,0,0,0,0,0,0,2,0,0.00,0.00,0.00,0.00,0.00,Matches,78f13530
2465,Carlos Soler,es ESP,MF,West Ham,eng Premier League,27,1997,31,14,1409,15.7,1,1,2,1,0,0,6,0,0.06,0.06,0.13,0.06,0.13,Matches,fed17f5a
2466,Julio Soler,ar ARG,DF,Bournemouth,eng Premier League,19,2005,3,0,11,0.1,0,0,0,0,0,0,0,0,0.00,0.00,0.00,0.00,0.00,Matches,98c8559a
2467,Oumar Solet,fr FRA,DF,Udinese,it Serie A,24,2000,19,19,1672,18.6,1,2,3,1,0,0,3,1,0.05,0.11,0.16,0.05,0.16,Matches,0670ee51
2468,Jhon Solis,co COL,MF,Girona,es La Liga,19,2004,19,3,535,5.9,1,0,1,1,0,0,3,0,0.17,0.00,0.17,0.17,0.17,Matches,1282939a
2469,Daniele Sommariva,it ITA,GK,Genoa,it Serie A,27,1997,1,0,28,0.3,0,0,0,0,0,0,0,0,0.00,0.00,0.00,0.00,0.00,Matches,a8e7f7e9
2470,Yann Sommer,ch SUI,GK,Inter,it Serie A,35,1988,33,33,2970,33.0,0,0,0,0,0,0,0,0,0.00,0.00,0.00,0.00,0.00,Matches,420c18a1
2471,David Soria,es ESP,GK,Getafe,es La Liga,31,1993,38,38,3420,38.0,0,0,0,0,0,0,2,0,0.00,0.00,0.00,0.00,0.00,Matches,8f8c6934
2472,Juan Soriano,es ESP,GK,Leganés,es La Liga,26,1997,6,6,540,6.0,0,0,0,0,0,0,1,1,0.00,0.00,0.00,0.00,0.00,Matches,5512b1a9
2473,Borna Sosa,hr CRO,MFDF,Torino,it Serie A,26,1998,19,14,1181,13.1,0,0,0,0,0,0,0,0,0.00,0.00,0.00,0.00,0.00,Matches,af0d79a9
2474,Ramón Sosa,py PAR,MF,Nottingham,eng Premier League,24,1999,19,1,295,3.3,1,0,1,1,0,0,1,0,0.31,0.00,0.31,0.31,0.31,Matches,2d3417a1
2475,Hugo Sotelo,es ESP,MF,Celta Vigo,es La Liga,20,2003,24,15,1254,13.9,0,0,0,0,0,0,5,0,0.00,0.00,0.00,0.00,0.00,Matches,3aa74860
2476,Florian Sotoca,fr FRA,FWMF,Lens,fr Ligue 1,33,1990,31,22,1794,19.9,1,1,2,1,0,0,2,1,0.05,0.05,0.10,0.05,0.10,Matches,7a42d0df
2477,Riccardo Sottil,it ITA,MF,Fiorentina,it Serie A,25,1999,18,8,833,9.3,1,1,2,1,0,0,1,0,0.11,0.11,0.22,0.11,0.22,Matches,94816803
2478,Riccardo Sottil,it ITA,MF,Milan,it Serie A,25,1999,6,1,123,1.4,0,0,0,0,0,0,0,0,0.00,0.00,0.00,0.00,0.00,Matches,94816803
2479,Tomáš Souček,cz CZE,MF,West Ham,eng Premier League,29,1995,35,30,2567,28.5,9,1,10,9,0,0,8,0,0.32,0.04,0.35,0.32,0.35,Matches,6613c819
2480,Matìas Soulé,ar ARG,MF,Roma,it Serie A,21,2003,27,22,1781,19.8,5,5,10,5,0,0,3,0,0.25,0.25,0.51,0.25,0.51,Matches,c13ddd3e
2481,Boubakary Soumaré,fr FRA,MF,Leicester City,eng Premier League,25,1999,31,25,2171,24.1,0,0,0,0,0,0,8,0,0.00,0.00,0.00,0.00,0.00,Matches,ae59b359
2482,Issa Soumaré,sn SEN,MFFW,Le Havre,fr Ligue 1,23,2000,29,21,1902,21.1,5,4,9,5,0,0,0,0,0.24,0.19,0.43,0.24,0.43,Matches,1d8aa290
2483,Djibril Sow,ch SUI,MF,Sevilla,es La Liga,27,1997,30,24,2062,22.9,2,1,3,2,0,0,5,0,0.09,0.04,0.13,0.09,0.13,Matches,4c6facae
2484,Saidou Sow,gn GUI,DF,Strasbourg,fr Ligue 1,22,2002,12,11,1018,11.3,0,1,1,0,0,0,2,0,0.00,0.09,0.09,0.00,0.09,Matches,f6b94e8d
2485,Saidou Sow,gn GUI,DF,Nantes,fr Ligue 1,22,2002,9,9,799,8.9,1,0,1,1,0,0,1,0,0.11,0.00,0.11,0.11,0.11,Matches,f6b94e8d
2486,Djed Spence,eng ENG,DF,Tottenham,eng Premier League,23,2000,25,19,1792,19.9,1,2,3,1,0,0,4,1,0.05,0.10,0.15,0.05,0.15,Matches,9bc9a519
2487,Leonardo Spinazzola,it ITA,DFMF,Napoli,it Serie A,31,1993,27,17,1517,16.9,1,1,2,1,0,0,1,0,0.06,0.06,0.12,0.06,0.12,Matches,3626daea
2488,Marco Sportiello,it ITA,GK,Milan,it Serie A,32,1992,2,1,126,1.4,0,0,0,0,0,0,0,0,0.00,0.00,0.00,0.00,0.00,Matches,ac4003af
2489,Anton Stach,de GER,MFDF,Hoffenheim,de Bundesliga,25,1998,30,29,2585,28.7,1,2,3,1,0,0,8,0,0.03,0.07,0.10,0.03,0.10,Matches,0f59a7bf
2490,Jens Stage,dk DEN,MF,Werder Bremen,de Bundesliga,27,1996,28,26,2204,24.5,10,5,15,10,0,0,10,0,0.41,0.20,0.61,0.41,0.61,Matches,1fffae99
2491,Josip Stanišić,hr CRO,DF,Bayern Munich,de Bundesliga,24,2000,14,9,876,9.7,0,2,2,0,0,0,0,0,0.00,0.21,0.21,0.00,0.21,Matches,7ed08d5c
2492,Filip Stankovic,rs SRB,GK,Venezia,it Serie A,22,2002,16,16,1367,15.2,0,0,0,0,0,0,1,0,0.00,0.00,0.00,0.00,0.00,Matches,d34d8ed2
2493,Jay Stansfield,eng ENG,FWMF,Fulham,eng Premier League,21,2002,1,0,1,0.0,0,0,0,0,0,0,0,0,0.00,0.00,0.00,0.00,0.00,Matches,b2626673
2494,Carl Starfelt,se SWE,DF,Celta Vigo,es La Liga,29,1995,28,26,2270,25.2,1,0,1,1,0,0,5,0,0.04,0.00,0.04,0.04,0.04,Matches,5cfec13d
2495,Niklas Stark,de GER,DF,Werder Bremen,de Bundesliga,29,1995,26,25,2106,23.4,0,1,1,0,0,0,6,1,0.00,0.04,0.04,0.00,0.04,Matches,aad48be9
2496,Lucas Stassin,be BEL,FW,Saint-Étienne,fr Ligue 1,19,2004,28,23,1887,21.0,12,4,16,12,0,0,4,0,0.57,0.19,0.76,0.57,0.76,Matches,a47d6f3a
2497,Jason Steele,eng ENG,GK,Brighton,eng Premier League,33,1990,2,2,180,2.0,0,0,0,0,0,0,0,0,0.00,0.00,0.00,0.00,0.00,Matches,28300a16
2498,Orri Steinn Óskarsson,is ISL,FW,Real Sociedad,es La Liga,19,2004,23,9,944,10.5,3,0,3,3,0,0,1,0,0.29,0.00,0.29,0.29,0.29,Matches,d0b8e745
2499,Pascal Stenzel,de GER,DF,Stuttgart,de Bundesliga,28,1996,10,4,290,3.2,0,0,0,0,0,0,0,0,0.00,0.00,0.00,0.00,0.00,Matches,99f7e9aa
2500,Jack Stephens,eng ENG,DF,Southampton,eng Premier League,30,1994,19,17,1389,15.4,1,0,1,1,0,0,2,2,0.06,0.00,0.06,0.06,0.06,Matches,6adbc307
2501,Leonidas Stergiou,ch SUI,DF,Stuttgart,de Bundesliga,22,2002,12,11,852,9.5,1,2,3,1,0,0,0,1,0.11,0.21,0.32,0.11,0.32,Matches,08391d76
2502,Raheem Sterling,eng ENG,FWMF,Arsenal,eng Premier League,29,1994,17,7,499,5.5,0,2,2,0,0,0,1,0,0.00,0.36,0.36,0.00,0.36,Matches,b400bde0
2503,Enzo Sternal,fr FRA,FW,Marseille,fr Ligue 1,17,2007,2,0,24,0.3,0,0,0,0,0,0,1,0,0.00,0.00,0.00,0.00,0.00,Matches,c2e3ceb7
2504,Finley Stevens,wls WAL,DF,St Pauli,de Bundesliga,21,2003,1,0,1,0.0,0,0,0,0,0,0,0,0,0.00,0.00,0.00,0.00,0.00,Matches,7e003182
2505,Ross Stewart,sct SCO,FW,Southampton,eng Premier League,28,1996,12,4,389,4.3,1,0,1,1,0,0,1,0,0.23,0.00,0.23,0.23,0.23,Matches,18986367
2506,Angelo Stiller,de GER,MF,Stuttgart,de Bundesliga,23,2001,32,31,2741,30.5,1,8,9,1,0,0,6,0,0.03,0.26,0.30,0.03,0.30,Matches,3b1ed320
2507,Kevin Stöger,at AUT,MF,Gladbach,de Bundesliga,30,1993,31,16,1551,17.2,3,3,6,1,2,2,3,0,0.17,0.17,0.35,0.06,0.23,Matches,e5649a78
2508,Stoichkov,es ESP,MFFW,Alavés,es La Liga,30,1993,16,6,699,7.8,0,1,1,0,0,0,1,0,0.00,0.13,0.13,0.00,0.13,Matches,4e257184
2509,Petar Stojanović,si SVN,DFMF,Empoli,it Serie A,28,1995,1,0,3,0.0,0,0,0,0,0,0,0,0,0.00,0.00,0.00,0.00,0.00,Matches,13b44b02
2510,Jakub Stolarczyk,pl POL,GK,Leicester City,eng Premier League,23,2000,10,10,900,10.0,0,0,0,0,0,0,1,0,0.00,0.00,0.00,0.00,0.00,Matches,a4a76b3d
2511,John Stones,eng ENG,DF,Manchester City,eng Premier League,30,1994,11,6,548,6.1,2,0,2,2,0,0,1,0,0.33,0.00,0.33,0.33,0.33,Matches,5eecec3d
2512,Jørgen Strand Larsen,no NOR,FW,Wolves,eng Premier League,24,2000,35,30,2587,28.7,14,4,18,14,0,0,4,0,0.49,0.14,0.63,0.49,0.63,Matches,f553b2b3
2513,Gabriel Strefezza,br BRA,MFFW,Como,it Serie A,27,1997,37,32,2619,29.1,6,4,10,6,0,0,5,0,0.21,0.14,0.34,0.21,0.34,Matches,ac4a4508
2514,Cristhian Stuani,uy URU,FW,Girona,es La Liga,37,1986,32,6,1078,12.0,11,2,13,8,3,3,4,0,0.92,0.17,1.09,0.67,0.83,Matches,220c11f1
2515,Álex Suárez,es ESP,DF,Las Palmas,es La Liga,31,1993,30,30,2460,27.3,0,0,0,0,0,0,12,0,0.00,0.00,0.00,0.00,0.00,Matches,9c137b36
2516,Denis Suárez,es ESP,MF,Villarreal,es La Liga,30,1994,21,7,608,6.8,1,1,2,1,0,0,0,0,0.15,0.15,0.30,0.15,0.30,Matches,12c50af5
2517,Gabriel Suazo,cl CHI,MFDF,Toulouse,fr Ligue 1,26,1997,30,23,2163,24.0,0,6,6,0,0,0,0,0,0.00,0.25,0.25,0.00,0.25,Matches,39b326ed
2518,Luka Sučić,hr CRO,MF,Real Sociedad,es La Liga,21,2002,29,21,1792,19.9,1,1,2,1,0,0,4,0,0.05,0.05,0.10,0.05,0.10,Matches,1e1378e1
2519,Yukinari Sugawara,jp JPN,MFDF,Southampton,eng Premier League,24,2000,30,16,1557,17.3,1,1,2,1,0,0,4,0,0.06,0.06,0.12,0.06,0.12,Matches,580bcd18
2520,Niklas Süle,de GER,DF,Dortmund,de Bundesliga,28,1995,15,12,1053,11.7,0,0,0,0,0,0,1,0,0.00,0.00,0.00,0.00,0.00,Matches,e33c06cf
2521,Ibrahim Sulemana,gh GHA,MF,Atalanta,it Serie A,21,2003,9,3,283,3.1,2,0,2,2,0,0,1,0,0.64,0.00,0.64,0.64,0.64,Matches,230c3f3a
2522,Kamaldeen Sulemana,gh GHA,FWMF,Southampton,eng Premier League,22,2002,26,17,1402,15.6,1,1,2,1,0,0,2,0,0.06,0.06,0.13,0.06,0.13,Matches,a62f8bf1
2523,Crysencio Summerville,nl NED,MFFW,West Ham,eng Premier League,22,2001,19,7,786,8.7,1,1,2,1,0,0,2,0,0.11,0.11,0.23,0.11,0.23,Matches,df04eb4b
2524,Tomáš Suslov,sk SVK,MFFW,Hellas Verona,it Serie A,22,2002,31,27,2080,23.1,0,1,1,0,0,0,7,1,0.00,0.04,0.04,0.00,0.04,Matches,83fe71b8
2525,Suso,es ESP,MFFW,Sevilla,es La Liga,30,1993,16,4,606,6.7,0,2,2,0,0,0,3,0,0.00,0.30,0.30,0.00,0.30,Matches,4e219ad2
2526,Zion Suzuki,jp JPN,GK,Parma,it Serie A,21,2002,37,37,3314,36.8,0,0,0,0,0,0,2,1,0.00,0.00,0.00,0.00,0.00,Matches,51e1f4f5
2527,Mattias Svanberg,se SWE,MF,Wolfsburg,de Bundesliga,25,1999,20,14,1219,13.5,3,1,4,3,0,0,4,0,0.22,0.07,0.30,0.22,0.30,Matches,92d83c27
2528,Daniel Svensson,se SWE,MFDF,Dortmund,de Bundesliga,22,2002,12,8,781,8.7,1,3,4,1,0,0,0,0,0.12,0.35,0.46,0.12,0.46,Matches,124c9382
2529,Marin Šverko,hr CRO,DF,Venezia,it Serie A,26,1998,16,12,1117,12.4,1,0,1,1,0,0,3,0,0.08,0.00,0.08,0.08,0.08,Matches,06dba850
2530,Mile Svilar,rs SRB,GK,Roma,it Serie A,24,1999,38,38,3420,38.0,0,0,0,0,0,0,1,0,0.00,0.00,0.00,0.00,0.00,Matches,bcf5058a
2531,Michael Svoboda,at AUT,DF,Venezia,it Serie A,25,1998,16,15,1314,14.6,1,0,1,1,0,0,1,0,0.07,0.00,0.07,0.07,0.07,Matches,8abd174d
2532,Williot Swedberg,se SWE,FWMF,Celta Vigo,es La Liga,20,2004,32,15,1348,15.0,4,5,9,4,0,0,1,0,0.27,0.33,0.60,0.27,0.60,Matches,184fe4b2
2533,Abakar Sylla,ci CIV,DF,Strasbourg,fr Ligue 1,21,2002,21,10,950,10.6,1,0,1,1,0,0,2,1,0.09,0.00,0.09,0.09,0.09,Matches,29c91632
2534,Issiaga Sylla,gn GUI,DFMF,Montpellier,fr Ligue 1,30,1994,19,15,1156,12.8,1,0,1,1,0,0,2,0,0.08,0.00,0.08,0.08,0.08,Matches,b99bec05
2535,Mamadou Sylla,sn SEN,FWMF,Valladolid,es La Liga,30,1994,29,17,1583,17.6,5,1,6,1,4,4,5,0,0.28,0.06,0.34,0.06,0.11,Matches,e5ec95f8
2536,Wojciech Szczęsny,pl POL,GK,Barcelona,es La Liga,34,1990,15,15,1350,15.0,0,0,0,0,0,0,0,0,0.00,0.00,0.00,0.00,0.00,Matches,01b8a2b2
2537,Sammie Szmodics,ie IRL,MF,Ipswich Town,eng Premier League,28,1995,20,13,992,11.0,4,0,4,4,0,0,2,0,0.36,0.00,0.36,0.36,0.36,Matches,39944392
2538,Dominik Szoboszlai,hu HUN,MF,Liverpool,eng Premier League,23,2000,36,29,2491,27.7,6,6,12,6,0,0,6,0,0.22,0.22,0.43,0.22,0.43,Matches,934e1968
2539,Alexander Sørloth,no NOR,FW,Atlético Madrid,es La Liga,28,1995,35,15,1566,17.4,20,2,22,19,1,1,4,0,1.15,0.11,1.26,1.09,1.21,Matches,e92cd3f7
2540,Musa Al-Taamari,jo JOR,MFFW,Montpellier,fr Ligue 1,27,1997,15,12,1116,12.4,2,1,3,2,0,0,3,0,0.16,0.08,0.24,0.16,0.24,Matches,f15f8b2b
2541,Musa Al-Taamari,jo JOR,FWMF,Rennes,fr Ligue 1,27,1997,11,7,567,6.3,1,0,1,1,0,0,1,0,0.16,0.00,0.16,0.16,0.16,Matches,f15f8b2b
2542,Haris Tabaković,ba BIH,FW,Hoffenheim,de Bundesliga,30,1994,22,6,821,9.1,3,1,4,3,0,0,0,0,0.33,0.11,0.44,0.33,0.44,Matches,723b19c7
2543,Nicolás Tagliafico,ar ARG,DF,Lyon,fr Ligue 1,31,1992,24,22,1902,21.1,3,1,4,3,0,0,7,0,0.14,0.05,0.19,0.14,0.19,Matches,f0661424
2544,Jonathan Tah,de GER,DF,Leverkusen,de Bundesliga,28,1996,33,33,2970,33.0,3,0,3,3,0,0,3,0,0.09,0.00,0.09,0.09,0.09,Matches,bd142efb
2545,Adrien Tameze,cm CMR,MFDF,Torino,it Serie A,30,1994,20,9,649,7.2,0,0,0,0,0,0,3,0,0.00,0.00,0.00,0.00,0.00,Matches,8da74c05
2546,Axel Tapé,fr FRA,DF,Paris SG,fr Ligue 1,16,2007,2,2,180,2.0,0,0,0,0,0,0,1,0,0.00,0.00,0.00,0.00,0.00,Matches,75cde619
2547,Renato Tapia,pe PER,MFDF,Leganés,es La Liga,29,1995,34,28,2424,26.9,1,0,1,1,0,0,8,0,0.04,0.00,0.04,0.04,0.04,Matches,34269bdf
2548,Edmond Tapsoba,bf BFA,DF,Leverkusen,de Bundesliga,25,1999,29,29,2507,27.9,0,0,0,0,0,0,4,0,0.00,0.00,0.00,0.00,0.00,Matches,a73c8f95
2549,Florian Tardieu,fr FRA,MF,Saint-Étienne,fr Ligue 1,32,1992,24,13,1252,13.9,2,4,6,2,0,0,0,0,0.14,0.29,0.43,0.14,0.43,Matches,ed39121c
2550,Mehdi Taremi,ir IRN,FW,Inter,it Serie A,32,1992,26,7,816,9.1,1,2,3,0,1,1,1,0,0.11,0.22,0.33,0.00,0.22,Matches,4c2a5d34
2551,Matt Targett,eng ENG,DFMF,Newcastle,eng Premier League,28,1995,2,0,21,0.2,0,0,0,0,0,0,0,0,0.00,0.00,0.00,0.00,0.00,Matches,e514ab62
2552,Oussama Targhalline,ma MAR,MF,Le Havre,fr Ligue 1,22,2002,14,12,990,11.0,0,0,0,0,0,0,0,0,0.00,0.00,0.00,0.00,0.00,Matches,abd56820
2553,James Tarkowski,eng ENG,DF,Everton,eng Premier League,31,1992,33,33,2922,32.5,1,1,2,1,0,0,6,0,0.03,0.03,0.06,0.03,0.06,Matches,15ea812b
2554,César Tárrega,es ESP,DF,Valencia,es La Liga,22,2002,34,34,3026,33.6,2,0,2,2,0,0,7,0,0.06,0.00,0.06,0.06,0.06,Matches,59c29820
2555,Nuno Tavares,pt POR,DF,Lazio,it Serie A,24,2000,23,22,1686,18.7,0,8,8,0,0,0,4,1,0.00,0.43,0.43,0.00,0.43,Matches,a65c844b
2556,Marcus Tavernier,eng ENG,MF,Bournemouth,eng Premier League,25,1999,29,20,1939,21.5,3,5,8,3,0,0,6,0,0.14,0.23,0.37,0.14,0.37,Matches,5c0da4a4
2557,Charlie Taylor,eng ENG,DF,Southampton,eng Premier League,30,1993,8,3,356,4.0,0,0,0,0,0,0,1,0,0.00,0.00,0.00,0.00,0.00,Matches,cc2d7ad5
2558,Jack Taylor,ie IRL,MF,Ipswich Town,eng Premier League,26,1998,32,4,860,9.6,1,0,1,1,0,0,4,0,0.10,0.00,0.10,0.10,0.10,Matches,48eed8d5
2559,Loum Tchaouna,fr FRA,MFFW,Lazio,it Serie A,20,2003,24,6,660,7.3,1,0,1,1,0,0,4,1,0.14,0.00,0.14,0.14,0.14,Matches,a3c8b4d3
2560,Jackson Tchatchoua,cm CMR,MFDF,Hellas Verona,it Serie A,22,2001,36,36,3167,35.2,2,3,5,2,0,0,7,1,0.06,0.09,0.14,0.06,0.14,Matches,aeca7743
2561,Enzo Tchato,cm CMR,DFMF,Montpellier,fr Ligue 1,21,2002,27,21,1899,21.1,0,0,0,0,0,0,3,0,0.00,0.00,0.00,0.00,0.00,Matches,7f783431
2562,Aurélien Tchouaméni,fr FRA,DFMF,Real Madrid,es La Liga,24,2000,32,31,2689,29.9,0,0,0,0,0,0,5,0,0.00,0.00,0.00,0.00,0.00,Matches,4f255115
2563,Álvaro Tejero,es ESP,MFDF,Espanyol,es La Liga,28,1996,28,13,1238,13.8,1,4,5,1,0,0,2,0,0.07,0.29,0.36,0.07,0.36,Matches,868ce848
2564,Martín Tejón,es ESP,MF,Valencia,es La Liga,20,2004,4,0,49,0.5,0,0,0,0,0,0,0,0,0.00,0.00,0.00,0.00,0.00,Matches,f99cc198
2565,Mathys Tel,fr FRA,MF,Bayern Munich,de Bundesliga,19,2005,8,2,256,2.8,0,1,1,0,0,0,0,0,0.00,0.35,0.35,0.00,0.35,Matches,829aa60c
2566,Mathys Tel,fr FRA,FW,Tottenham,eng Premier League,19,2005,13,11,911,10.1,2,1,3,1,1,1,2,0,0.20,0.10,0.30,0.10,0.20,Matches,829aa60c
2567,Nathan Tella,ng NGA,MFFW,Leverkusen,de Bundesliga,25,1999,27,17,1359,15.1,2,4,6,2,0,0,1,0,0.13,0.26,0.40,0.13,0.40,Matches,f1e94cd6
2568,Nahuel Tenaglia,ar ARG,DF,Alavés,es La Liga,28,1996,34,33,2922,32.5,2,1,3,2,0,0,11,0,0.06,0.03,0.09,0.06,0.09,Matches,66654daa
2569,Arnau Tenas,es ESP,GK,Paris SG,fr Ligue 1,23,2001,1,1,90,1.0,0,1,1,0,0,0,0,0,0.00,1.00,1.00,0.00,1.00,Matches,30670b0e
2570,Casper Tengstedt,dk DEN,FW,Hellas Verona,it Serie A,24,2000,25,20,1517,16.9,6,1,7,5,1,1,2,0,0.36,0.06,0.42,0.30,0.36,Matches,ff2fb007
2571,Marc-André ter Stegen,de GER,GK,Barcelona,es La Liga,32,1992,8,8,674,7.5,0,0,0,0,0,0,0,0,0.00,0.00,0.00,0.00,0.00,Matches,6f51e382
2572,Filippo Terracciano,it ITA,DFMF,Milan,it Serie A,21,2003,13,6,539,6.0,0,0,0,0,0,0,3,0,0.00,0.00,0.00,0.00,0.00,Matches,5cbb5ad6
2573,Pietro Terracciano,it ITA,GK,Fiorentina,it Serie A,34,1990,3,3,270,3.0,0,0,0,0,0,0,0,0,0.00,0.00,0.00,0.00,0.00,Matches,e1b0a70d
2574,Ramón Terrats,es ESP,FW,Villarreal,es La Liga,23,2000,11,1,131,1.5,0,0,0,0,0,0,1,0,0.00,0.00,0.00,0.00,0.00,Matches,f36016a5
2575,Ramón Terrats,es ESP,MFFW,Getafe,es La Liga,23,2000,15,15,1219,13.5,4,1,5,4,0,0,1,0,0.30,0.07,0.37,0.30,0.37,Matches,f36016a5
2576,Martin Terrier,fr FRA,MFFW,Leverkusen,de Bundesliga,27,1997,15,7,584,6.5,2,1,3,2,0,0,1,0,0.31,0.15,0.46,0.31,0.46,Matches,5148dcc5
2577,Tanner Tessmann,us USA,MF,Lyon,fr Ligue 1,22,2001,25,13,1234,13.7,1,0,1,1,0,0,3,0,0.07,0.00,0.07,0.07,0.07,Matches,ac277993
2578,Kenny Tete,nl NED,DF,Fulham,eng Premier League,28,1995,22,21,1774,19.7,0,2,2,0,0,0,5,0,0.00,0.10,0.10,0.00,0.10,Matches,77d7c96f
2579,Teddy Teuma,mt MLT,MF,Reims,fr Ligue 1,30,1993,17,9,750,8.3,1,0,1,0,1,1,1,0,0.12,0.00,0.12,0.00,0.00,Matches,5c26ca51
2580,Jordan Teze,nl NED,DFMF,Monaco,fr Ligue 1,24,1999,16,8,569,6.3,1,0,1,1,0,0,2,1,0.16,0.00,0.16,0.16,0.16,Matches,82e9b1bb
2581,Florian Thauvin,fr FRA,FWMF,Udinese,it Serie A,31,1993,25,24,1956,21.7,8,3,11,7,1,3,0,0,0.37,0.14,0.51,0.32,0.46,Matches,2b9fdeea
2582,Arthur Theate,be BEL,DF,Frankfurt,de Bundesliga,24,2000,31,31,2704,30.0,0,0,0,0,0,0,6,1,0.00,0.00,0.00,0.00,0.00,Matches,df8d6029
2583,Norman Theuerkauf,de GER,DFMF,Heidenheim,de Bundesliga,37,1987,1,0,22,0.2,0,0,0,0,0,0,0,0,0.00,0.00,0.00,0.00,0.00,Matches,0cbf4c54
2584,Igor Thiago,br BRA,FW,Brentford,eng Premier League,23,2001,8,1,175,1.9,0,0,0,0,0,0,0,0,0.00,0.00,0.00,0.00,0.00,Matches,dc45ac24
2585,Malick Thiaw,de GER,DF,Milan,it Serie A,22,2001,22,19,1806,20.1,0,0,0,0,0,0,2,0,0.00,0.00,0.00,0.00,0.00,Matches,ff5ea0bf
2586,Denis Thomalla,de GER,FWMF,Heidenheim,de Bundesliga,31,1992,1,0,4,0.0,0,0,0,0,0,0,0,0,0.00,0.00,0.00,0.00,0.00,Matches,b9ac6e0e
2587,Luke Thomas,eng ENG,DF,Leicester City,eng Premier League,23,2001,14,13,1110,12.3,0,0,0,0,0,0,3,0,0.00,0.00,0.00,0.00,0.00,Matches,fc027d02
2588,Sorba Thomas,wls WAL,MFDF,Nantes,fr Ligue 1,24,1999,25,15,1321,14.7,1,3,4,1,0,0,3,0,0.07,0.20,0.27,0.07,0.27,Matches,8725a42e
2589,Adrien Thomasson,fr FRA,MF,Lens,fr Ligue 1,30,1993,33,31,2615,29.1,3,7,10,3,0,0,7,0,0.10,0.24,0.34,0.10,0.34,Matches,c76b7567
2590,Morten Thorsby,no NOR,MF,Genoa,it Serie A,28,1996,30,22,1898,21.1,0,1,1,0,0,0,6,0,0.00,0.05,0.05,0.00,0.05,Matches,d1b49282
2591,Khéphren Thuram,fr FRA,MF,Juventus,it Serie A,23,2001,35,26,2326,25.8,4,5,9,4,0,0,5,0,0.15,0.19,0.35,0.15,0.35,Matches,7d9397f8
2592,Marcus Thuram,fr FRA,FW,Inter,it Serie A,26,1997,32,27,2290,25.4,14,4,18,14,0,0,1,0,0.55,0.16,0.71,0.55,0.71,Matches,6f8cd6d0
2593,Youri Tielemans,be BEL,MF,Aston Villa,eng Premier League,27,1997,36,35,3026,33.6,3,7,10,3,0,1,4,0,0.09,0.21,0.30,0.09,0.30,Matches,56f7a928
2594,Kieran Tierney,sct SCO,DF,Arsenal,eng Premier League,27,1997,13,2,259,2.9,1,0,1,1,0,0,0,0,0.35,0.00,0.35,0.35,0.35,Matches,fce2302c
2595,Phillip Tietz,de GER,FW,Augsburg,de Bundesliga,27,1997,34,19,1686,18.7,7,2,9,6,1,1,4,0,0.37,0.11,0.48,0.32,0.43,Matches,3397e7b5
2596,Jurriën Timber,nl NED,DF,Arsenal,eng Premier League,23,2001,30,27,2417,26.9,1,3,4,1,0,0,7,0,0.04,0.11,0.15,0.04,0.15,Matches,41034650
2597,Jean-Clair Todibo,fr FRA,DF,West Ham,eng Premier League,24,1999,27,20,1825,20.3,0,0,0,0,0,0,3,0,0.00,0.00,0.00,0.00,0.00,Matches,88f130ed
2598,Harry Toffolo,eng ENG,DF,Nottingham,eng Premier League,28,1995,4,1,137,1.5,0,0,0,0,0,0,1,0,0.00,0.00,0.00,0.00,0.00,Matches,a105d46a
2599,Umut Tohumcu,de GER,MF,Hoffenheim,de Bundesliga,19,2004,12,3,375,4.2,0,1,1,0,0,0,3,0,0.00,0.24,0.24,0.00,0.24,Matches,e547d3cf
2600,Corentin Tolisso,fr FRA,MF,Lyon,fr Ligue 1,29,1994,32,27,2329,25.9,7,4,11,7,0,0,4,0,0.27,0.15,0.43,0.27,0.43,Matches,652d4c37
2601,John Tolkin,us USA,MFDF,Holstein Kiel,de Bundesliga,22,2002,11,9,737,8.2,0,2,2,0,0,0,0,0,0.00,0.24,0.24,0.00,0.24,Matches,5e88c524
2602,Rafael Tolói,it ITA,DF,Atalanta,it Serie A,33,1990,11,2,468,5.2,0,0,0,0,0,0,1,0,0.00,0.00,0.00,0.00,0.00,Matches,c56dc39e
2603,Raúl de Tomás,es ESP,FW,Rayo Vallecano,es La Liga,29,1994,2,0,22,0.2,0,0,0,0,0,0,0,0,0.00,0.00,0.00,0.00,0.00,Matches,02ef8778
2604,Tiago Tomás,pt POR,MFFW,Wolfsburg,de Bundesliga,22,2002,32,23,1884,20.9,6,1,7,6,0,0,7,0,0.29,0.05,0.33,0.29,0.33,Matches,b492126a
2605,Takehiro Tomiyasu,jp JPN,DF,Arsenal,eng Premier League,25,1998,1,0,7,0.1,0,0,0,0,0,0,0,0,0.00,0.00,0.00,0.00,0.00,Matches,b3af9be1
2606,Fikayo Tomori,eng ENG,DF,Milan,it Serie A,26,1997,22,19,1593,17.7,0,1,1,0,0,0,4,1,0.00,0.06,0.06,0.00,0.06,Matches,7edfbb8a
2607,Sandro Tonali,it ITA,MF,Newcastle,eng Premier League,24,2000,36,28,2630,29.2,4,2,6,4,0,0,5,0,0.14,0.07,0.21,0.14,0.21,Matches,0db169ae
2608,Luka Topalović,si SVN,MF,Inter,it Serie A,18,2006,1,0,11,0.1,0,0,0,0,0,0,0,0,0.00,0.00,0.00,0.00,0.00,Matches,9a33c016
2609,Keke Topp,de GER,FW,Werder Bremen,de Bundesliga,20,2004,19,1,252,2.8,2,2,4,2,0,0,1,0,0.71,0.71,1.43,0.71,1.43,Matches,ebb32f3a
2610,Pablo Torre,es ESP,MF,Barcelona,es La Liga,21,2003,10,4,310,3.4,3,1,4,3,0,0,0,0,0.87,0.29,1.16,0.87,1.16,Matches,04e531b6
2611,David Torres,es ESP,DF,Valladolid,es La Liga,21,2003,18,15,1387,15.4,0,0,0,0,0,0,5,0,0.00,0.00,0.00,0.00,0.00,Matches,381dbcfc
2612,Ferran Torres,es ESP,FWMF,Barcelona,es La Liga,24,2000,27,12,1106,12.3,10,6,16,10,0,0,1,1,0.81,0.49,1.30,0.81,1.30,Matches,9e1035f8
2613,Pau Torres,es ESP,DF,Aston Villa,eng Premier League,27,1997,24,23,2020,22.4,0,0,0,0,0,0,2,0,0.00,0.00,0.00,0.00,0.00,Matches,532e1e4f
2614,Lucas Torró,es ESP,MF,Osasuna,es La Liga,30,1994,35,35,2957,32.9,3,0,3,3,0,0,10,0,0.09,0.00,0.09,0.09,0.09,Matches,0e4fef6e
2615,Lorenzo Tosto,it ITA,DF,Empoli,it Serie A,18,2006,1,0,1,0.0,0,0,0,0,0,0,0,0,0.00,0.00,0.00,0.00,0.00,Matches,a8c67cdb
2616,Abdoulaye Touré,gn GUI,MF,Le Havre,fr Ligue 1,30,1994,28,26,2324,25.8,10,1,11,2,8,9,5,0,0.39,0.04,0.43,0.08,0.12,Matches,ef7cd87a
2617,Bazoumana Touré,ci CIV,MFFW,Hoffenheim,de Bundesliga,18,2006,13,7,609,6.8,0,3,3,0,0,0,1,0,0.00,0.44,0.44,0.00,0.44,Matches,93945a50
2618,Birama Touré,ml MLI,MFDF,Montpellier,fr Ligue 1,32,1992,8,2,300,3.3,0,0,0,0,0,0,2,0,0.00,0.00,0.00,0.00,0.00,Matches,a4b798a9
2619,Ousmane Toure,fr FRA,DF,Lille,fr Ligue 1,19,2005,1,0,6,0.1,0,0,0,0,0,0,0,0,0.00,0.00,0.00,0.00,0.00,Matches,2a0f917e
2620,Souleymane Touré,fr FRA,DF,Udinese,it Serie A,21,2003,12,11,733,8.1,1,0,1,1,0,0,2,2,0.12,0.00,0.12,0.12,0.12,Matches,01fd01e8
2621,Lucas Tousart,fr FRA,MF,Union Berlin,de Bundesliga,27,1997,15,6,561,6.2,0,1,1,0,0,0,2,0,0.00,0.16,0.16,0.00,0.16,Matches,71ec39ef
2622,Conor Townsend,eng ENG,DF,Ipswich Town,eng Premier League,31,1993,6,3,335,3.7,0,1,1,0,0,0,1,0,0.00,0.27,0.27,0.00,0.27,Matches,4dc4f138
2623,Adama Traoré,es ESP,MF,Fulham,eng Premier League,28,1996,36,18,1772,19.7,2,7,9,2,0,0,3,0,0.10,0.36,0.46,0.10,0.46,Matches,9a28eba4
2624,Boubacar Traoré,ml MLI,MF,Wolves,eng Premier League,22,2001,1,0,1,0.0,0,0,0,0,0,0,0,0,0.00,0.00,0.00,0.00,0.00,Matches,999ceb5f
2625,Hamari Traoré,ml MLI,DF,Real Sociedad,es La Liga,32,1992,11,9,700,7.8,0,1,1,0,0,0,2,0,0.00,0.13,0.13,0.00,0.13,Matches,a4b1028a
2626,Omar Traoré,de GER,DFMF,Heidenheim,de Bundesliga,26,1998,30,30,2616,29.1,0,1,1,0,0,0,7,0,0.00,0.03,0.03,0.00,0.03,Matches,f44e8a73
2627,Kevin Trapp,de GER,GK,Frankfurt,de Bundesliga,34,1990,26,26,2295,25.5,0,0,0,0,0,0,0,0,0.00,0.00,0.00,0.00,0.00,Matches,ce17b5eb
2628,Mark Travers,ie IRL,GK,Bournemouth,eng Premier League,25,1999,5,5,450,5.0,0,0,0,0,0,0,0,0,0.00,0.00,0.00,0.00,0.00,Matches,fe558029
2629,Óscar Trejo,ar ARG,MF,Rayo Vallecano,es La Liga,36,1988,19,6,496,5.5,1,0,1,1,0,0,1,0,0.18,0.00,0.18,0.18,0.18,Matches,fc647b34
2630,Philipp Treu,de GER,MF,St Pauli,de Bundesliga,23,2000,33,33,2881,32.0,0,2,2,0,0,0,2,0,0.00,0.06,0.06,0.00,0.06,Matches,047822ad
2631,Ryan Trevitt,eng ENG,MF,Brentford,eng Premier League,21,2003,1,0,4,0.0,0,0,0,0,0,0,0,0,0.00,0.00,0.00,0.00,0.00,Matches,732327ae
2632,Christopher Trimmel,at AUT,MFDF,Union Berlin,de Bundesliga,37,1987,26,20,1740,19.3,0,3,3,0,0,0,5,0,0.00,0.16,0.16,0.00,0.16,Matches,056d2d95
2633,Kieran Trippier,eng ENG,DF,Newcastle,eng Premier League,33,1990,25,14,1309,14.5,0,3,3,0,0,0,1,0,0.00,0.21,0.21,0.00,0.21,Matches,21512407
2634,Leandro Trossard,be BEL,FW,Arsenal,eng Premier League,29,1994,38,28,2546,28.3,8,7,15,8,0,0,4,1,0.28,0.25,0.53,0.28,0.53,Matches,38ceb24a
2635,Adrien Truffert,fr FRA,MFDF,Rennes,fr Ligue 1,22,2001,33,31,2752,30.6,2,2,4,2,0,0,3,0,0.07,0.07,0.13,0.07,0.13,Matches,5d0e0a1f
2636,Kostas Tsimikas,gr GRE,DF,Liverpool,eng Premier League,28,1996,18,9,837,9.3,0,1,1,0,0,0,2,0,0.00,0.11,0.11,0.00,0.11,Matches,f315ca93
2637,Viktor Tsyhankov,ua UKR,MFFW,Girona,es La Liga,26,1997,27,23,1913,21.3,2,5,7,2,0,0,1,0,0.09,0.24,0.33,0.09,0.33,Matches,f7e87032
2638,Axel Tuanzebe,cd COD,DF,Ipswich Town,eng Premier League,26,1997,22,20,1710,19.0,0,1,1,0,0,0,5,1,0.00,0.05,0.05,0.00,0.05,Matches,2baec6ce
2639,Stefano Turati,it ITA,GK,Monza,it Serie A,22,2001,30,30,2676,29.7,0,0,0,0,0,0,1,0,0.00,0.00,0.00,0.00,0.00,Matches,bf168004
2640,Beñat Turrientes,es ESP,MF,Real Sociedad,es La Liga,22,2002,21,11,942,10.5,0,0,0,0,0,0,4,0,0.00,0.00,0.00,0.00,0.00,Matches,068f4dec
2641,Tuta,br BRA,DFMF,Frankfurt,de Bundesliga,25,1999,30,26,2274,25.3,2,1,3,2,0,0,8,0,0.08,0.04,0.12,0.08,0.12,Matches,35d64857
2642,Christantus Uche,ng NGA,FWMF,Getafe,es La Liga,21,2003,33,30,2486,27.6,4,6,10,4,0,0,8,2,0.14,0.22,0.36,0.14,0.36,Matches,87941696
2643,Destiny Udogie,it ITA,DF,Tottenham,eng Premier League,21,2002,25,24,1924,21.4,0,1,1,0,0,0,2,0,0.00,0.05,0.05,0.00,0.05,Matches,7cd520e8
2644,Manuel Ugarte,uy URU,MF,Manchester Utd,eng Premier League,23,2001,29,22,1785,19.8,1,2,3,1,0,0,11,0,0.05,0.10,0.15,0.05,0.15,Matches,c9817014
2645,Lesley Ugochukwu,fr FRA,MF,Southampton,eng Premier League,20,2004,26,18,1655,18.4,1,1,2,1,0,0,7,0,0.05,0.05,0.11,0.05,0.11,Matches,1df4a109
2646,Lukas Ullrich,de GER,DF,Gladbach,de Bundesliga,20,2004,26,24,1903,21.1,1,2,3,1,0,0,4,0,0.05,0.09,0.14,0.05,0.14,Matches,d646c218
2647,Sven Ulreich,de GER,GK,Bayern Munich,de Bundesliga,35,1988,1,1,90,1.0,0,0,0,0,0,0,0,0,0.00,0.00,0.00,0.00,0.00,Matches,7d3e7da6
2648,Enes Ünal,tr TUR,FW,Bournemouth,eng Premier League,27,1997,17,2,345,3.8,2,1,3,2,0,0,2,0,0.52,0.26,0.78,0.52,0.78,Matches,f8eca1b6
2649,Deniz Undav,de GER,FWMF,Stuttgart,de Bundesliga,28,1996,27,20,1726,19.2,9,3,12,9,0,0,4,0,0.47,0.16,0.63,0.47,0.63,Matches,dd549382
2650,Naci Ünüvar,nl NED,FWMF,Espanyol,es La Liga,21,2003,2,0,31,0.3,0,0,0,0,0,0,0,0,0.00,0.00,0.00,0.00,0.00,Matches,bf25cb29
2651,Dayot Upamecano,fr FRA,DF,Bayern Munich,de Bundesliga,25,1998,20,20,1759,19.5,2,0,2,2,0,0,6,0,0.10,0.00,0.10,0.10,0.10,Matches,d248cd8f
2652,Kacper Urbanski,pl POL,MF,Bologna,it Serie A,19,2004,7,1,247,2.7,1,0,1,1,0,0,2,0,0.36,0.00,0.36,0.36,0.36,Matches,2d9d9e42
2653,Kacper Urbanski,pl POL,MF,Monza,it Serie A,19,2004,8,6,500,5.6,0,0,0,0,0,0,1,0,0.00,0.00,0.00,0.00,0.00,Matches,2d9d9e42
2654,Jonas Urbig,de GER,GK,Bayern Munich,de Bundesliga,20,2003,8,8,720,8.0,0,0,0,0,0,0,0,0,0.00,0.00,0.00,0.00,0.00,Matches,925bbcdc
2655,Can Uzun,tr TUR,MF,Frankfurt,de Bundesliga,18,2005,20,6,675,7.5,4,1,5,4,0,0,1,0,0.53,0.13,0.67,0.53,0.67,Matches,1d0b134a
2656,Josha Vagnoman,de GER,DFMF,Stuttgart,de Bundesliga,23,2000,26,19,1834,20.4,1,1,2,1,0,0,4,0,0.05,0.05,0.10,0.05,0.10,Matches,fb377d11
2657,Hákon Valdimarsson,is ISL,GK,Brentford,eng Premier League,22,2001,2,1,145,1.6,0,0,0,0,0,0,0,0,0.00,0.00,0.00,0.00,0.00,Matches,57a34cf4
2658,Lautaro Valenti,ar ARG,DF,Parma,it Serie A,25,1999,20,18,1556,17.3,1,0,1,1,0,0,6,1,0.06,0.00,0.06,0.06,0.06,Matches,55db5c36
2659,Óscar Valentín,es ESP,MF,Rayo Vallecano,es La Liga,29,1994,34,18,1835,20.4,0,0,0,0,0,0,5,0,0.00,0.00,0.00,0.00,0.00,Matches,592f3158
2660,Nicolás Valentini,ar ARG,DF,Hellas Verona,it Serie A,23,2001,14,13,1129,12.5,0,0,0,0,0,0,5,1,0.00,0.00,0.00,0.00,0.00,Matches,a43e4f9c
2661,Germán Valera,es ESP,MF,Valencia,es La Liga,22,2002,8,1,148,1.6,0,0,0,0,0,0,0,0,0.00,0.00,0.00,0.00,0.00,Matches,84f55b4a
2662,Emanuele Valeri,it ITA,DFMF,Parma,it Serie A,25,1998,35,34,2873,31.9,2,6,8,1,1,1,1,0,0.06,0.19,0.25,0.03,0.22,Matches,ec52b661
2663,Martin Valjent,sk SVK,DF,Mallorca,es La Liga,28,1995,31,31,2763,30.7,3,0,3,3,0,0,4,0,0.10,0.00,0.10,0.10,0.10,Matches,f2c6ac01
2664,Álex Valle,es ESP,DF,Como,it Serie A,20,2004,15,12,1030,11.4,0,0,0,0,0,0,2,0,0.00,0.00,0.00,0.00,0.00,Matches,97022551
2665,Jesús Vallejo,es ESP,DF,Real Madrid,es La Liga,27,1997,4,1,138,1.5,0,1,1,0,0,0,0,0,0.00,0.65,0.65,0.00,0.65,Matches,c2111b45
2666,Mattia Valoti,it ITA,FWMF,Monza,it Serie A,30,1993,5,0,40,0.4,0,0,0,0,0,0,1,0,0.00,0.00,0.00,0.00,0.00,Matches,c414df9d
2667,Federico Valverde,uy URU,MFDF,Real Madrid,es La Liga,26,1998,36,34,3032,33.7,6,4,10,6,0,0,4,0,0.18,0.12,0.30,0.18,0.30,Matches,0959c2a2
2668,Ignace Van Der Brempt,be BEL,DF,Como,it Serie A,22,2002,20,14,1257,14.0,0,1,1,0,0,0,3,0,0.00,0.07,0.07,0.00,0.07,Matches,2bf50b37
2669,Siebe Van Der Heyden,be BEL,DF,Mallorca,es La Liga,26,1998,2,1,97,1.1,0,0,0,0,0,0,0,0,0.00,0.00,0.00,0.00,0.00,Matches,cf9bdd43
2670,Siebe Van Der Heyden,be BEL,DFMF,St Pauli,de Bundesliga,26,1998,13,11,872,9.7,1,0,1,1,0,0,4,1,0.10,0.00,0.10,0.10,0.10,Matches,cf9bdd43
2671,Virgil van Dijk,nl NED,DF,Liverpool,eng Premier League,33,1991,37,37,3330,37.0,3,1,4,3,0,0,5,0,0.08,0.03,0.11,0.08,0.11,Matches,e06683ca
2672,Vanderson,br BRA,DF,Monaco,fr Ligue 1,23,2001,29,23,2064,22.9,1,3,4,1,0,0,6,1,0.04,0.13,0.17,0.04,0.17,Matches,ee45fd85
2673,Maarten Vandevoordt,be BEL,GK,RB Leipzig,de Bundesliga,22,2002,6,4,429,4.8,0,0,0,0,0,0,0,0,0.00,0.00,0.00,0.00,0.00,Matches,f9e0c603
2674,Jamie Vardy,eng ENG,FW,Leicester City,eng Premier League,37,1987,35,35,2823,31.4,9,4,13,8,1,2,5,0,0.29,0.13,0.41,0.26,0.38,Matches,45963054
2675,Ruben Vargas,ch SUI,MF,Augsburg,de Bundesliga,25,1998,8,3,305,3.4,0,0,0,0,0,0,3,0,0.00,0.00,0.00,0.00,0.00,Matches,6ecbddf6
2676,Ruben Vargas,ch SUI,MFFW,Sevilla,es La Liga,25,1998,11,9,671,7.5,2,1,3,2,0,0,0,0,0.27,0.13,0.40,0.27,0.40,Matches,6ecbddf6
2677,Nikola Vasilj,ba BIH,GK,St Pauli,de Bundesliga,28,1995,33,33,2969,33.0,0,0,0,0,0,0,2,1,0.00,0.00,0.00,0.00,0.00,Matches,f038585f
2678,Devis Vásquez,co COL,GK,Empoli,it Serie A,26,1998,32,32,2880,32.0,0,0,0,0,0,0,2,0,0.00,0.00,0.00,0.00,0.00,Matches,fac1f795
2679,Johan Vásquez,mx MEX,DF,Genoa,it Serie A,25,1998,36,34,3041,33.8,3,0,3,3,0,0,9,0,0.09,0.00,0.09,0.09,0.09,Matches,5eaed77a
2680,Denis Vavro,sk SVK,DF,Wolfsburg,de Bundesliga,28,1996,29,27,2461,27.3,2,0,2,2,0,0,4,0,0.07,0.00,0.07,0.07,0.07,Matches,08990838
2681,José Luis García Vayá,es ESP,MF,Valencia,es La Liga,25,1998,34,18,1742,19.4,2,2,4,0,2,2,8,1,0.10,0.10,0.21,0.00,0.10,Matches,27dc1378
2682,Robinio Vaz,fr FRA,FW,Marseille,fr Ligue 1,17,2007,2,0,75,0.8,0,0,0,0,0,0,1,0,0.00,0.00,0.00,0.00,0.00,Matches,74fb9321
2683,Jesus Vazquez,es ESP,DF,Valencia,es La Liga,21,2003,19,10,919,10.2,0,0,0,0,0,0,3,0,0.00,0.00,0.00,0.00,0.00,Matches,106c142c
2684,Lucas Vázquez,es ESP,DF,Real Madrid,es La Liga,33,1991,32,25,2189,24.3,1,5,6,1,0,0,4,0,0.04,0.21,0.25,0.04,0.25,Matches,fd51b456
2685,Matías Vecino,uy URU,MF,Lazio,it Serie A,32,1991,20,7,877,9.7,2,3,5,2,0,0,7,0,0.21,0.31,0.51,0.21,0.51,Matches,44ac04e9
2686,Danilo Veiga,pt POR,MFDF,Lecce,it Serie A,21,2002,13,2,374,4.2,0,0,0,0,0,0,0,0,0.00,0.00,0.00,0.00,0.00,Matches,cc094532
2687,Renato Veiga,pt POR,MF,Chelsea,eng Premier League,21,2003,7,1,181,2.0,0,0,0,0,0,0,2,0,0.00,0.00,0.00,0.00,0.00,Matches,fc8fcbd1
2688,Renato Veiga,pt POR,DF,Juventus,it Serie A,21,2003,13,12,1093,12.1,0,1,1,0,0,0,2,0,0.00,0.08,0.08,0.00,0.08,Matches,fc8fcbd1
2689,Alejo Véliz,ar ARG,FW,Espanyol,es La Liga,20,2003,27,10,1127,12.5,1,0,1,1,0,0,3,0,0.08,0.00,0.08,0.08,0.08,Matches,3f7bafbe
2690,Miloš Veljković,rs SRB,DF,Werder Bremen,de Bundesliga,28,1995,14,11,1029,11.4,0,1,1,0,0,0,1,0,0.00,0.09,0.09,0.00,0.09,Matches,a5ae8f8e
2691,Joël Veltman,nl NED,DF,Brighton,eng Premier League,32,1992,21,19,1697,18.9,0,0,0,0,0,0,5,0,0.00,0.00,0.00,0.00,0.00,Matches,dad4b285
2692,Micky van de Ven,nl NED,DF,Tottenham,eng Premier League,23,2001,13,12,1015,11.3,0,2,2,0,0,0,4,0,0.00,0.18,0.18,0.00,0.18,Matches,8fe2a392
2693,Lorenzo Venturino,it ITA,MF,Genoa,it Serie A,18,2006,6,1,167,1.9,2,0,2,2,0,0,0,0,1.08,0.00,1.08,1.08,1.08,Matches,a5049464
2694,Nikolas Veratschnig,at AUT,MF,Mainz 05,de Bundesliga,21,2003,15,2,364,4.0,0,0,0,0,0,0,1,0,0.00,0.00,0.00,0.00,0.00,Matches,13496b77
2695,Bart Verbruggen,nl NED,GK,Brighton,eng Premier League,21,2002,36,36,3240,36.0,0,1,1,0,0,0,5,0,0.00,0.03,0.03,0.00,0.03,Matches,cf134113
2696,Simone Verdi,it ITA,FWMF,Como,it Serie A,32,1992,9,0,115,1.3,0,0,0,0,0,0,1,0,0.00,0.00,0.00,0.00,0.00,Matches,0375723e
2697,Jordan Veretout,fr FRA,MF,Lyon,fr Ligue 1,31,1993,27,19,1553,17.3,2,0,2,2,0,0,3,0,0.12,0.00,0.12,0.12,0.12,Matches,4a56052c
2698,Arthur Vermeeren,be BEL,MF,RB Leipzig,de Bundesliga,19,2005,28,18,1572,17.5,0,2,2,0,0,0,7,0,0.00,0.11,0.11,0.00,0.11,Matches,722494dc
2699,Yorbe Vertessen,be BEL,MFFW,Union Berlin,de Bundesliga,23,2001,17,7,718,8.0,1,0,1,1,0,0,2,0,0.13,0.00,0.13,0.13,0.13,Matches,e8ef59da
2700,Mikel Vesga,es ESP,MF,Athletic Club,es La Liga,31,1993,25,10,988,11.0,0,0,0,0,0,1,1,0,0.00,0.00,0.00,0.00,0.00,Matches,b0fce72c
2701,Jannik Vestergaard,dk DEN,DF,Leicester City,eng Premier League,31,1992,18,16,1391,15.5,0,0,0,0,0,0,5,0,0.00,0.00,0.00,0.00,0.00,Matches,1900032e
2702,Ben Viadere,fr FRA,FW,Auxerre,fr Ligue 1,18,2005,1,0,5,0.1,0,0,0,0,0,0,0,0,0.00,0.00,0.00,0.00,0.00,Matches,88fe0c2d
2703,Guglielmo Vicario,it ITA,GK,Tottenham,eng Premier League,27,1996,24,24,2160,24.0,0,0,0,0,0,0,1,0,0.00,0.00,0.00,0.00,0.00,Matches,77d6fd4d
2704,Carlos Vicente,es ESP,MF,Alavés,es La Liga,25,1999,37,35,3092,34.4,5,5,10,4,1,1,3,0,0.15,0.15,0.29,0.12,0.26,Matches,90df343e
2705,Pau Victor,es ESP,FW,Barcelona,es La Liga,22,2001,21,2,319,3.5,2,1,3,2,0,0,2,0,0.56,0.28,0.85,0.56,0.85,Matches,e6e7c819
2706,Nacho Vidal,es ESP,DF,Osasuna,es La Liga,29,1995,5,1,124,1.4,0,0,0,0,0,0,0,0,0.00,0.00,0.00,0.00,0.00,Matches,3a9c4b7b
2707,Gabriel Vidovic,hr CRO,MF,Bayern Munich,de Bundesliga,20,2003,4,0,24,0.3,0,0,0,0,0,0,0,0,0.00,0.00,0.00,0.00,0.00,Matches,5360a956
2708,Gabriel Vidovic,hr CRO,MF,Mainz 05,de Bundesliga,20,2003,1,0,4,0.0,0,0,0,0,0,0,0,0,0.00,0.00,0.00,0.00,0.00,Matches,5360a956
2709,Fran Vieites,es ESP,GK,Real Betis,es La Liga,25,1999,4,4,360,4.0,0,0,0,0,0,0,0,0,0.00,0.00,0.00,0.00,0.00,Matches,2ae958ab
2710,Sergio Viera,es ESP,MF,Las Palmas,es La Liga,19,2005,2,1,96,1.1,0,0,0,0,0,0,1,0,0.00,0.00,0.00,0.00,0.00,Matches,36b300b8
2711,Samuele Vignato,it ITA,MF,Monza,it Serie A,20,2004,17,3,470,5.2,0,0,0,0,0,0,0,0,0.00,0.00,0.00,0.00,0.00,Matches,a14d0ab0
2712,Asier Villalibre,es ESP,FW,Alavés,es La Liga,26,1997,16,2,333,3.7,1,1,2,0,1,1,2,0,0.27,0.27,0.54,0.00,0.27,Matches,57be54ec
2713,Iván Villar,es ESP,GK,Celta Vigo,es La Liga,27,1997,4,4,360,4.0,0,0,0,0,0,0,0,0,0.00,0.00,0.00,0.00,0.00,Matches,cde52ef5
2714,Carlos Vinícius,br BRA,FW,Fulham,eng Premier League,29,1995,3,0,16,0.2,0,0,0,0,0,0,0,0,0.00,0.00,0.00,0.00,0.00,Matches,8b529245
2715,Nicolas Viola,it ITA,MFFW,Cagliari,it Serie A,34,1989,27,18,1267,14.1,3,1,4,3,0,0,2,0,0.21,0.07,0.28,0.21,0.28,Matches,45392b06
2716,Viti,es ESP,DF,Las Palmas,es La Liga,26,1997,29,23,1982,22.0,0,2,2,0,0,0,5,0,0.00,0.09,0.09,0.00,0.09,Matches,c56a2d27
2717,Mattia Viti,it ITA,DF,Empoli,it Serie A,22,2002,30,30,2572,28.6,1,0,1,1,0,0,3,0,0.03,0.00,0.03,0.03,0.03,Matches,75438a9a
2718,Vitinha,pt POR,FWMF,Genoa,it Serie A,24,2000,25,16,1328,14.8,2,3,5,2,0,0,2,0,0.14,0.20,0.34,0.14,0.34,Matches,74d4cec6
2719,Vitinha,pt POR,MF,Paris SG,fr Ligue 1,24,2000,29,20,2042,22.7,5,1,6,3,2,2,1,0,0.22,0.04,0.26,0.13,0.18,Matches,3b029691
2720,Daniel Vivian,es ESP,DF,Athletic Club,es La Liga,25,1999,32,28,2608,29.0,4,0,4,4,0,0,3,0,0.14,0.00,0.14,0.14,0.14,Matches,ab7bf91d
2721,Dušan Vlahović,rs SRB,FW,Juventus,it Serie A,24,2000,29,21,1784,19.8,10,4,14,6,4,4,3,0,0.50,0.20,0.71,0.30,0.50,Matches,79443529
2722,Vanja Vlahović,rs SRB,MF,Atalanta,it Serie A,20,2004,3,0,60,0.7,0,0,0,0,0,0,0,0,0.00,0.00,0.00,0.00,0.00,Matches,2af3f55c
2723,Nikola Vlašić,hr CRO,MFFW,Torino,it Serie A,26,1997,30,23,2117,23.5,5,4,9,3,2,2,0,0,0.21,0.17,0.38,0.13,0.30,Matches,aa8e289e
2724,Alessandro Vogliacco,it ITA,DF,Genoa,it Serie A,25,1998,12,8,715,7.9,2,0,2,2,0,0,3,0,0.25,0.00,0.25,0.25,0.25,Matches,6841f107
2725,Alessandro Vogliacco,it ITA,DF,Parma,it Serie A,25,1998,10,10,772,8.6,0,0,0,0,0,0,2,0,0.00,0.00,0.00,0.00,0.00,Matches,6841f107
2726,Kevin Vogt,de GER,DF,Union Berlin,de Bundesliga,32,1991,18,16,1367,15.2,1,0,1,0,1,1,6,0,0.07,0.00,0.07,0.00,0.00,Matches,1d8e9add
2727,Mërgim Vojvoda,xk KVX,DFMF,Torino,it Serie A,29,1995,17,12,1105,12.3,0,0,0,0,0,0,4,0,0.00,0.00,0.00,0.00,0.00,Matches,be2706c0
2728,Mërgim Vojvoda,xk KVX,DF,Como,it Serie A,29,1995,11,8,717,8.0,1,2,3,1,0,0,2,0,0.13,0.25,0.38,0.13,0.38,Matches,be2706c0
2729,Kevin Volland,de GER,FWMF,Union Berlin,de Bundesliga,32,1992,4,0,61,0.7,0,0,0,0,0,0,1,0,0.00,0.00,0.00,0.00,0.00,Matches,64f69877
2730,Aster Vranckx,be BEL,MF,Wolfsburg,de Bundesliga,21,2002,14,6,556,6.2,0,0,0,0,0,0,1,0,0.00,0.00,0.00,0.00,0.00,Matches,f86cd5df
2731,Stefan de Vrij,nl NED,DF,Inter,it Serie A,32,1992,26,18,1726,19.2,3,0,3,3,0,0,2,0,0.16,0.00,0.16,0.16,0.16,Matches,d0d8dd44
2732,Ibrahima Wadji,sn SEN,FW,Saint-Étienne,fr Ligue 1,29,1995,10,2,347,3.9,0,0,0,0,0,0,1,0,0.00,0.00,0.00,0.00,0.00,Matches,c844f6f9
2733,Robert Wagner,de GER,MF,St Pauli,de Bundesliga,21,2003,12,5,407,4.5,0,0,0,0,0,0,1,0,0.00,0.00,0.00,0.00,0.00,Matches,e3d3fbeb
2734,Elye Wahi,ci CIV,FW,Marseille,fr Ligue 1,21,2003,13,7,574,6.4,3,1,4,2,1,1,1,0,0.47,0.16,0.63,0.31,0.47,Matches,0d7b6576
2735,Elye Wahi,ci CIV,FW,Frankfurt,de Bundesliga,21,2003,8,1,196,2.2,0,0,0,0,0,0,1,0,0.00,0.00,0.00,0.00,0.00,Matches,0d7b6576
2736,Hauke Wahl,de GER,DF,St Pauli,de Bundesliga,30,1994,33,33,2970,33.0,0,0,0,0,0,0,1,0,0.00,0.00,0.00,0.00,0.00,Matches,f3db5b34
2737,Kyle Walker,eng ENG,DF,Manchester City,eng Premier League,34,1990,15,9,970,10.8,0,0,0,0,0,0,3,0,0.00,0.00,0.00,0.00,0.00,Matches,86dd77d1
2738,Kyle Walker,eng ENG,DF,Milan,it Serie A,34,1990,11,7,659,7.3,0,0,0,0,0,0,1,0,0.00,0.00,0.00,0.00,0.00,Matches,86dd77d1
2739,Kyle Walker-Peters,eng ENG,MFDF,Southampton,eng Premier League,27,1997,33,33,2918,32.4,0,2,2,0,0,0,5,0,0.00,0.06,0.06,0.00,0.06,Matches,984a5a64
2740,Christian Walton,eng ENG,GK,Ipswich Town,eng Premier League,28,1995,7,7,630,7.0,0,0,0,0,0,0,0,0,0.00,0.00,0.00,0.00,0.00,Matches,c666574f
2741,Sebastian Walukiewicz,pl POL,DF,Torino,it Serie A,24,2000,29,20,1661,18.5,0,0,0,0,0,0,6,0,0.00,0.00,0.00,0.00,0.00,Matches,217875a4
2742,Sebastian Walukiewicz,pl POL,DF,Empoli,it Serie A,24,2000,2,2,180,2.0,0,0,0,0,0,0,0,0,0.00,0.00,0.00,0.00,0.00,Matches,217875a4
2743,Aaron Wan-Bissaka,cd COD,DFMF,West Ham,eng Premier League,26,1997,36,35,3154,35.0,2,5,7,2,0,0,1,0,0.06,0.14,0.20,0.06,0.20,Matches,9e525177
2744,Paul Wanner,at AUT,MFFW,Heidenheim,de Bundesliga,18,2005,29,20,1771,19.7,3,2,5,2,1,1,2,0,0.15,0.10,0.25,0.10,0.20,Matches,cb64672e
2745,Danny Ward,wls WAL,GK,Leicester City,eng Premier League,31,1993,2,1,135,1.5,0,0,0,0,0,0,0,0,0.00,0.00,0.00,0.00,0.00,Matches,d3ce0e89
2746,Joel Ward,eng ENG,DF,Crystal Palace,eng Premier League,34,1989,2,1,71,0.8,0,0,0,0,0,0,1,0,0.00,0.00,0.00,0.00,0.00,Matches,8a7ff278
2747,James Ward-Prowse,eng ENG,MF,West Ham,eng Premier League,29,1994,15,12,1039,11.5,1,1,2,1,0,0,2,0,0.09,0.09,0.17,0.09,0.17,Matches,3515d404
2748,James Ward-Prowse,eng ENG,MF,Nottingham,eng Premier League,29,1994,9,5,400,4.4,0,1,1,0,0,0,2,1,0.00,0.23,0.23,0.00,0.23,Matches,3515d404
2749,Kjell-Arik Wätjen,de GER,MF,Dortmund,de Bundesliga,18,2006,2,0,16,0.2,0,0,0,0,0,0,0,0,0.00,0.00,0.00,0.00,0.00,Matches,0e006cae
2750,Ollie Watkins,eng ENG,FW,Aston Villa,eng Premier League,28,1995,38,31,2598,28.9,16,8,24,14,2,2,2,0,0.55,0.28,0.83,0.48,0.76,Matches,aed3a70f
2751,Timothy Weah,us USA,MFDF,Juventus,it Serie A,24,2000,30,18,1638,18.2,5,2,7,5,0,0,4,0,0.27,0.11,0.38,0.27,0.38,Matches,8eec784d
2752,Adam Webster,eng ENG,DF,Brighton,eng Premier League,29,1995,14,11,887,9.9,0,0,0,0,0,0,1,0,0.00,0.00,0.00,0.00,0.00,Matches,c40b6180
2753,Julian Weigl,de GER,MF,Gladbach,de Bundesliga,28,1995,33,33,2881,32.0,0,2,2,0,0,0,8,0,0.00,0.06,0.06,0.00,0.06,Matches,346d51d9
2754,Timon Weiner,de GER,GK,Holstein Kiel,de Bundesliga,25,1999,25,25,2250,25.0,0,0,0,0,0,0,4,0,0.00,0.00,0.00,0.00,0.00,Matches,1fb2d1b0
2755,Nelson Weiper,de GER,FW,Mainz 05,de Bundesliga,19,2005,23,7,704,7.8,3,2,5,3,0,0,2,0,0.38,0.26,0.64,0.38,0.64,Matches,231c67ff
2756,Mitchell Weiser,de GER,MF,Werder Bremen,de Bundesliga,30,1994,32,32,2868,31.9,5,9,14,5,0,0,9,1,0.16,0.28,0.44,0.16,0.44,Matches,30c220c3
2757,Noah Weißhaupt,de GER,FWMF,St Pauli,de Bundesliga,22,2001,19,13,1160,12.9,1,0,1,1,0,0,0,0,0.08,0.00,0.08,0.08,0.08,Matches,dd676a97
2758,Noah Weißhaupt,de GER,FWMF,Freiburg,de Bundesliga,22,2001,3,0,80,0.9,0,0,0,0,0,0,0,0,0.00,0.00,0.00,0.00,0.00,Matches,dd676a97
2759,Danny Welbeck,eng ENG,FW,Brighton,eng Premier League,33,1990,30,24,2115,23.5,10,4,14,9,1,1,5,0,0.43,0.17,0.60,0.38,0.55,Matches,ce5143da
2760,Welington,br BRA,MFDF,Southampton,eng Premier League,23,2001,10,6,482,5.4,0,0,0,0,0,0,1,0,0.00,0.00,0.00,0.00,0.00,Matches,a7f95b1f
2761,Timo Werner,de GER,FWMF,Tottenham,eng Premier League,28,1996,18,4,516,5.7,0,3,3,0,0,0,0,0,0.00,0.52,0.52,0.00,0.52,Matches,49fe9070
2762,Adam Wharton,eng ENG,MF,Crystal Palace,eng Premier League,20,2004,20,16,1318,14.6,0,2,2,0,0,0,2,0,0.00,0.14,0.14,0.00,0.14,Matches,4b542852
2763,Ben White,eng ENG,DF,Arsenal,eng Premier League,26,1997,17,13,1198,13.3,0,2,2,0,0,0,2,0,0.00,0.15,0.15,0.00,0.15,Matches,35e413f1
2764,Silvan Widmer,ch SUI,MF,Mainz 05,de Bundesliga,31,1993,27,3,504,5.6,0,1,1,0,0,0,3,0,0.00,0.18,0.18,0.00,0.18,Matches,f68b64fc
2765,Mats Wieffer,nl NED,DFMF,Brighton,eng Premier League,24,1999,25,10,1015,11.3,1,3,4,1,0,0,6,0,0.09,0.27,0.35,0.09,0.35,Matches,4876c9ab
2766,Mateusz Wieteska,pl POL,DF,Cagliari,it Serie A,27,1997,5,1,184,2.0,0,0,0,0,0,0,1,0,0.00,0.00,0.00,0.00,0.00,Matches,3ecc8c5f
2767,Caleb Wiley,us USA,MFDF,Strasbourg,fr Ligue 1,19,2004,6,3,266,3.0,0,1,1,0,0,0,1,0,0.00,0.34,0.34,0.00,0.34,Matches,64796fe0
2768,Iñaki Williams,gh GHA,MFFW,Athletic Club,es La Liga,30,1994,35,29,2652,29.5,6,8,14,6,0,0,1,0,0.20,0.27,0.48,0.20,0.48,Matches,6a99e0b1
2769,Neco Williams,wls WAL,DFMF,Nottingham,eng Premier League,23,2001,35,28,2594,28.8,1,3,4,1,0,0,7,0,0.03,0.10,0.14,0.03,0.14,Matches,dd323728
2770,Nico Williams,es ESP,MF,Athletic Club,es La Liga,22,2002,29,22,1996,22.2,5,5,10,5,0,0,1,0,0.23,0.23,0.45,0.23,0.45,Matches,afdc14d7
2771,Willian,br BRA,MFFW,Fulham,eng Premier League,35,1988,10,2,257,2.9,0,0,0,0,0,0,0,0,0.00,0.00,0.00,0.00,0.00,Matches,8b9ebd03
2772,Joe Willock,eng ENG,MF,Newcastle,eng Premier League,24,1999,32,11,1086,12.1,0,2,2,0,0,0,4,0,0.00,0.17,0.17,0.00,0.17,Matches,a3b03921
2773,Callum Wilson,eng ENG,FW,Newcastle,eng Premier League,32,1992,18,2,370,4.1,0,0,0,0,0,0,1,0,0.00,0.00,0.00,0.00,0.00,Matches,c596fcb0
2774,Harry Wilson,wls WAL,MFFW,Fulham,eng Premier League,27,1997,25,12,1162,12.9,6,1,7,6,0,0,2,0,0.46,0.08,0.54,0.46,0.54,Matches,c6dc9ecd
2775,Patrick Wimmer,at AUT,MFFW,Wolfsburg,de Bundesliga,23,2001,29,22,1770,19.7,3,4,7,3,0,0,5,1,0.15,0.20,0.36,0.15,0.36,Matches,cb11b429
2776,Jonas Wind,dk DEN,FWMF,Wolfsburg,de Bundesliga,25,1999,31,21,1966,21.8,9,3,12,8,1,2,2,0,0.41,0.14,0.55,0.37,0.50,Matches,2077ae86
2777,Harry Winks,eng ENG,MF,Leicester City,eng Premier League,28,1996,22,17,1538,17.1,0,2,2,0,0,0,4,0,0.00,0.12,0.12,0.00,0.12,Matches,2f7acede
2778,Ben Winterburn,eng ENG,MF,Bournemouth,eng Premier League,19,2004,4,0,24,0.3,0,0,0,0,0,0,0,0,0.00,0.00,0.00,0.00,0.00,Matches,ba31eee2
2779,Florian Wirtz,de GER,MF,Leverkusen,de Bundesliga,21,2003,31,25,2351,26.1,10,12,22,8,2,4,3,0,0.38,0.46,0.84,0.31,0.77,Matches,e7fcf289
2780,Yoane Wissa,cd COD,FW,Brentford,eng Premier League,27,1996,35,34,2919,32.4,19,4,23,19,0,0,5,0,0.59,0.12,0.71,0.59,0.71,Matches,2500cef9
2781,Dani de Wit,nl NED,MFFW,Bochum,de Bundesliga,26,1998,28,11,1153,12.8,2,1,3,2,0,0,1,0,0.16,0.08,0.23,0.16,0.23,Matches,48a2b92a
2782,Axel Witsel,be BEL,DF,Atlético Madrid,es La Liga,35,1989,14,9,852,9.5,0,1,1,0,0,0,1,0,0.00,0.11,0.11,0.00,0.11,Matches,5dfc6ad5
2783,Maximilian Wittek,de GER,DFMF,Bochum,de Bundesliga,28,1995,33,32,2706,30.1,0,0,0,0,0,0,8,0,0.00,0.00,0.00,0.00,0.00,Matches,edb2712b
2784,Marius Wolf,de GER,MF,Augsburg,de Bundesliga,29,1995,32,28,2144,23.8,1,3,4,1,0,0,2,0,0.04,0.13,0.17,0.04,0.17,Matches,fa661778
2785,Nick Woltemade,de GER,FWMF,Stuttgart,de Bundesliga,22,2002,28,17,1622,18.0,12,2,14,10,2,3,5,1,0.67,0.11,0.78,0.55,0.67,Matches,7ca196eb
2786,Jeong Woo-yeong,kr KOR,MFFW,Union Berlin,de Bundesliga,24,1999,23,17,1263,14.0,3,2,5,3,0,0,2,0,0.21,0.14,0.36,0.21,0.36,Matches,6190474d
2787,Chris Wood,nz NZL,FW,Nottingham,eng Premier League,32,1991,36,35,2959,32.9,20,3,23,17,3,3,1,0,0.61,0.09,0.70,0.52,0.61,Matches,4e9a0555
2788,Nathan Wood-Gordon,eng ENG,DF,Southampton,eng Premier League,22,2002,11,9,773,8.6,0,0,0,0,0,0,2,0,0.00,0.00,0.00,0.00,0.00,Matches,4ccf2d5b
2789,Christopher Wooh,cm CMR,DF,Rennes,fr Ligue 1,22,2001,20,17,1456,16.2,0,0,0,0,0,0,6,1,0.00,0.00,0.00,0.00,0.00,Matches,b003239d
2790,Luke Woolfenden,eng ENG,DF,Ipswich Town,eng Premier League,25,1998,15,12,1187,13.2,0,0,0,0,0,0,2,0,0.00,0.00,0.00,0.00,0.00,Matches,e28e9bec
2791,Granit Xhaka,ch SUI,MF,Leverkusen,de Bundesliga,31,1992,33,33,2888,32.1,2,7,9,2,0,0,3,0,0.06,0.22,0.28,0.06,0.28,Matches,e61b8aee
2792,Lamine Yamal,es ESP,MFFW,Barcelona,es La Liga,17,2007,35,31,2856,31.7,9,13,22,9,0,0,3,0,0.28,0.41,0.69,0.28,0.69,Matches,82ec26c1
2793,Daniel Yáñez,es ESP,MF,Real Madrid,es La Liga,17,2007,1,0,2,0.0,0,0,0,0,0,0,0,0,0.00,0.00,0.00,0.00,0.00,Matches,79310b33
2794,Erencan Yardimci,tr TUR,FW,Hoffenheim,de Bundesliga,22,2002,8,3,313,3.5,0,0,0,0,0,0,2,0,0.00,0.00,0.00,0.00,0.00,Matches,b7481dc0
2795,Yehor Yarmoliuk,ua UKR,MF,Brentford,eng Premier League,20,2004,31,15,1450,16.1,0,0,0,0,0,0,6,0,0.00,0.00,0.00,0.00,0.00,Matches,907a5d7c
2796,Ryan Yates,eng ENG,MF,Nottingham,eng Premier League,26,1997,35,18,1915,21.3,2,1,3,2,0,0,10,0,0.09,0.05,0.14,0.09,0.14,Matches,c1fe2a48
2797,John Yeboah,ec ECU,FWMF,Venezia,it Serie A,24,2000,33,11,1226,13.6,1,1,2,1,0,0,6,0,0.07,0.07,0.15,0.07,0.15,Matches,8dfdc6c3
2798,Bertuğ Yıldırım,tr TUR,FW,Getafe,es La Liga,22,2002,22,14,1083,12.0,1,0,1,1,0,0,7,0,0.08,0.00,0.08,0.08,0.08,Matches,7410d325
2799,Kenan Yıldız,tr TUR,MF,Juventus,it Serie A,19,2005,35,28,2402,26.7,7,4,11,7,0,0,2,1,0.26,0.15,0.41,0.26,0.41,Matches,d8cda243
2800,Leny Yoro,fr FRA,DF,Manchester Utd,eng Premier League,18,2005,21,12,1165,12.9,0,0,0,0,0,0,5,0,0.00,0.00,0.00,0.00,0.00,Matches,6763f716
2801,Ashley Young,eng ENG,DF,Everton,eng Premier League,39,1985,32,19,1875,20.8,1,3,4,1,0,0,7,1,0.05,0.14,0.19,0.05,0.19,Matches,be927d03
2802,Etienne Youte Kinkoue,fr FRA,DF,Le Havre,fr Ligue 1,22,2002,28,26,2320,25.8,0,0,0,0,0,0,4,1,0.00,0.00,0.00,0.00,0.00,Matches,12a4e38c
2803,Illia Zabarnyi,ua UKR,DF,Bournemouth,eng Premier League,21,2002,36,35,3109,34.5,0,1,1,0,0,0,4,1,0.00,0.03,0.03,0.00,0.03,Matches,88968486
2804,Patrick Zabi,ci CIV,MF,Reims,fr Ligue 1,17,2006,2,0,18,0.2,0,0,0,0,0,0,0,1,0.00,0.00,0.00,0.00,0.00,Matches,51438572
2805,Mattia Zaccagni,it ITA,MFFW,Lazio,it Serie A,29,1995,34,33,2686,29.8,8,6,14,6,2,2,10,0,0.27,0.20,0.47,0.20,0.40,Matches,d85c238b
2806,Dan-Axel Zagadou,fr FRA,DF,Stuttgart,de Bundesliga,25,1999,2,0,29,0.3,0,0,0,0,0,0,1,0,0.00,0.00,0.00,0.00,0.00,Matches,a4effc55
2807,Yoram Zague,fr FRA,DF,Paris SG,fr Ligue 1,18,2006,4,2,183,2.0,0,0,0,0,0,0,0,0,0.00,0.00,0.00,0.00,0.00,Matches,5ce497e2
2808,Wilfried Zaha,ci CIV,FW,Lyon,fr Ligue 1,31,1992,4,1,73,0.8,0,0,0,0,0,0,0,0,0.00,0.00,0.00,0.00,0.00,Matches,b2bc3b1f
2809,Warren Zaïre-Emery,fr FRA,MFDF,Paris SG,fr Ligue 1,18,2006,29,23,2050,22.8,1,2,3,1,0,0,3,0,0.04,0.09,0.13,0.04,0.13,Matches,6b9960cf
2810,Miha Zajc,si SVN,MF,Toulouse,fr Ligue 1,30,1994,19,1,262,2.9,0,0,0,0,0,0,2,0,0.00,0.00,0.00,0.00,0.00,Matches,83e4643e
2811,Denis Zakaria,ch SUI,MF,Monaco,fr Ligue 1,27,1996,26,24,2144,23.8,6,4,10,4,2,2,5,0,0.25,0.17,0.42,0.17,0.34,Matches,384d58d9
2812,Arsen Zakharyan,ru RUS,MF,Real Sociedad,es La Liga,21,2003,3,1,73,0.8,1,0,1,1,0,0,0,0,1.23,0.00,1.23,1.23,1.23,Matches,7f14ec2a
2813,Nicola Zalewski,pl POL,MF,Roma,it Serie A,22,2002,12,4,533,5.9,0,0,0,0,0,0,0,0,0.00,0.00,0.00,0.00,0.00,Matches,45191c29
2814,Nicola Zalewski,pl POL,MF,Inter,it Serie A,22,2002,11,4,435,4.8,1,1,2,1,0,0,4,0,0.21,0.21,0.41,0.21,0.41,Matches,45191c29
2815,Francesco Zampano,it ITA,MF,Venezia,it Serie A,30,1993,24,17,1639,18.2,1,2,3,1,0,0,5,0,0.05,0.11,0.16,0.05,0.16,Matches,8e45910b
2816,Nicolò Zaniolo,it ITA,FWMF,Fiorentina,it Serie A,25,1999,9,4,343,3.8,0,0,0,0,0,0,2,1,0.00,0.00,0.00,0.00,0.00,Matches,9907b1c8
2817,Nicolò Zaniolo,it ITA,FWMF,Atalanta,it Serie A,25,1999,14,0,356,4.0,2,2,4,2,0,0,4,0,0.51,0.51,1.01,0.51,1.01,Matches,9907b1c8
2818,Alessandro Zanoli,it ITA,MF,Genoa,it Serie A,23,2000,31,19,1711,19.0,1,0,1,1,0,0,3,0,0.05,0.00,0.05,0.05,0.05,Matches,3b12b11f
2819,Duván Zapata,co COL,FW,Torino,it Serie A,33,1991,7,7,587,6.5,3,0,3,3,0,0,1,0,0.46,0.00,0.46,0.46,0.46,Matches,d3de9af0
2820,Gabriele Zappa,it ITA,DF,Cagliari,it Serie A,24,1999,37,35,3060,34.0,2,0,2,2,0,0,4,0,0.06,0.00,0.06,0.06,0.06,Matches,ca3db240
2821,Davide Zappacosta,it ITA,MF,Atalanta,it Serie A,32,1992,30,26,2067,23.0,4,2,6,4,0,0,3,0,0.17,0.09,0.26,0.17,0.26,Matches,7fe90ccd
2822,Bryan Zaragoza,es ESP,MFFW,Osasuna,es La Liga,22,2001,27,22,1836,20.4,1,6,7,1,0,0,4,0,0.05,0.29,0.34,0.05,0.34,Matches,a96103b2
2823,Anass Zaroury,ma MAR,MFFW,Lens,fr Ligue 1,23,2000,28,16,1405,15.6,2,2,4,2,0,0,3,1,0.13,0.13,0.26,0.13,0.26,Matches,07d65234
2824,Oier Zarraga,es ESP,MF,Udinese,it Serie A,25,1999,22,9,896,10.0,1,0,1,1,0,0,0,0,0.10,0.00,0.10,0.10,0.10,Matches,968a1c2f
2825,David Zec,si SVN,DF,Holstein Kiel,de Bundesliga,24,2000,18,18,1541,17.1,2,0,2,2,0,0,5,0,0.12,0.00,0.12,0.12,0.12,Matches,050cd03c
2826,Jordan Zemura,zw ZIM,MFDF,Udinese,it Serie A,24,1999,23,13,1415,15.7,1,2,3,1,0,0,2,0,0.06,0.13,0.19,0.06,0.19,Matches,e8271ad9
2827,Robin Zentner,de GER,GK,Mainz 05,de Bundesliga,29,1994,32,32,2880,32.0,0,0,0,0,0,0,3,0,0.00,0.00,0.00,0.00,0.00,Matches,5c4bf6ba
2828,Alessio Zerbin,it ITA,MF,Venezia,it Serie A,25,1999,18,17,1518,16.9,1,1,2,1,0,0,4,0,0.06,0.06,0.12,0.06,0.12,Matches,d19ef4ef
2829,Alessio Zerbin,it ITA,FWMF,Napoli,it Serie A,25,1999,2,0,2,0.0,0,0,0,0,0,0,0,0,0.00,0.00,0.00,0.00,0.00,Matches,d19ef4ef
2830,Kevin Zeroli,it ITA,MF,Monza,it Serie A,19,2005,8,4,395,4.4,0,1,1,0,0,0,0,0,0.00,0.23,0.23,0.00,0.23,Matches,7d6d4395
2831,Kevin Zeroli,it ITA,MF,Milan,it Serie A,19,2005,1,0,12,0.1,0,0,0,0,0,0,0,0,0.00,0.00,0.00,0.00,0.00,Matches,7d6d4395
2832,Cedric Zesiger,ch SUI,DF,Augsburg,de Bundesliga,26,1998,15,15,1221,13.6,0,2,2,0,0,0,7,1,0.00,0.15,0.15,0.00,0.15,Matches,2bab583c
2833,Cedric Zesiger,ch SUI,DF,Wolfsburg,de Bundesliga,26,1998,7,5,522,5.8,0,0,0,0,0,0,4,0,0.00,0.00,0.00,0.00,0.00,Matches,2bab583c
2834,Michael Zetterer,de GER,GK,Werder Bremen,de Bundesliga,29,1995,34,34,3060,34.0,0,0,0,0,0,0,2,0,0.00,0.00,0.00,0.00,0.00,Matches,9b688ae1
2835,Nathan Zeze,fr FRA,DF,Nantes,fr Ligue 1,19,2005,18,17,1512,16.8,0,0,0,0,0,0,6,0,0.00,0.00,0.00,0.00,0.00,Matches,fb4c5b6e
2836,Edon Zhegrova,xk KVX,MF,Lille,fr Ligue 1,25,1999,12,12,978,10.9,4,1,5,4,0,0,1,0,0.37,0.09,0.46,0.37,0.46,Matches,34a88e3e
2837,Piotr Zieliński,pl POL,MF,Inter,it Serie A,30,1994,26,8,980,10.9,2,2,4,0,2,2,0,0,0.18,0.18,0.37,0.00,0.18,Matches,a5296e55
2838,Oleksandr Zinchenko,ua UKR,DFMF,Arsenal,eng Premier League,27,1996,15,5,527,5.9,0,1,1,0,0,0,1,0,0.00,0.17,0.17,0.00,0.17,Matches,51cf8561
2839,Melvin Zinga,cg CGO,GK,Angers,fr Ligue 1,22,2002,1,1,90,1.0,0,0,0,0,0,0,0,0,0.00,0.00,0.00,0.00,0.00,Matches,1d59fe9c
2840,Joshua Zirkzee,nl NED,FWMF,Manchester Utd,eng Premier League,23,2001,32,14,1402,15.6,3,1,4,3,0,0,2,0,0.19,0.06,0.26,0.19,0.26,Matches,028e70b9
2841,Budu Zivzivadze,ge GEO,FW,Heidenheim,de Bundesliga,30,1994,15,10,958,10.6,2,3,5,2,0,0,0,0,0.19,0.28,0.47,0.19,0.47,Matches,e3a72b89
2842,Luck Zogbé,ci CIV,DF,Brest,fr Ligue 1,19,2005,13,7,638,7.1,0,0,0,0,0,0,2,0,0.00,0.00,0.00,0.00,0.00,Matches,3725b44f
2843,Nadir Zortea,it ITA,MF,Cagliari,it Serie A,25,1999,35,33,2713,30.1,6,2,8,6,0,0,2,0,0.20,0.07,0.27,0.20,0.27,Matches,82598b71
2844,Aristide Zossou,ci CIV,MF,Auxerre,fr Ligue 1,19,2005,3,0,16,0.2,0,0,0,0,0,0,0,0,0.00,0.00,0.00,0.00,0.00,Matches,3dcd9017
2845,Yanis Zouaoui,dz ALG,DFMF,Le Havre,fr Ligue 1,26,1998,17,9,976,10.8,0,2,2,0,0,0,3,0,0.00,0.18,0.18,0.00,0.18,Matches,ec724366
2846,Igor Zubeldia,es ESP,DF,Real Sociedad,es La Liga,27,1997,28,27,2269,25.2,0,0,0,0,0,0,6,1,0.00,0.00,0.00,0.00,0.00,Matches,5c7845f6
2847,Martín Zubimendi,es ESP,MF,Real Sociedad,es La Liga,25,1999,36,33,2962,32.9,2,1,3,2,0,0,6,0,0.06,0.03,0.09,0.06,0.09,Matches,3ee0dd59
2848,Edhy Zuliani,fr FRA,MF,Toulouse,fr Ligue 1,19,2004,1,0,9,0.1,0,0,0,0,0,0,0,0,0.00,0.00,0.00,0.00,0.00,Matches,2a74ef47
2849,Szymon Żurkowski,pl POL,MF,Empoli,it Serie A,26,1997,5,0,106,1.2,0,0,0,0,0,0,0,0,0.00,0.00,0.00,0.00,0.00,Matches,4e1d5e59
2850,Martin Ødegaard,no NOR,MF,Arsenal,eng Premier League,25,1998,30,26,2325,25.8,3,8,11,2,1,1,4,0,0.12,0.31,0.43,0.08,0.39,Matches,79300479
2851,Leo Østigård,no NOR,DF,Hoffenheim,de Bundesliga,24,1999,11,11,927,10.3,0,0,0,0,0,0,0,1,0.00,0.00,0.00,0.00,0.00,Matches,b35a7399
2852,Leo Østigård,no NOR,DF,Rennes,fr Ligue 1,24,1999,16,14,1227,13.6,1,0,1,1,0,0,4,0,0.07,0.00,0.07,0.07,0.07,Matches,b35a7399
2853,Milan Đurić,ba BIH,FW,Monza,it Serie A,34,1990,18,13,1270,14.1,4,1,5,4,0,0,3,0,0.28,0.07,0.35,0.28,0.35,Matches,405f6586
2854,Milan Đurić,ba BIH,FW,Parma,it Serie A,34,1990,9,3,268,3.0,1,0,1,1,0,0,1,0,0.34,0.00,0.34,0.34,0.34,Matches,405f6586
